commodity,date,real_price_ngn,mom_change_pct,yoy_change_pct,rolling_3m_avg,inflation_severity
Bananas,2016-01-01,1350.0,,,,
Bananas,2016-08-01,257.23333333333335,-80.94567901234568,,803.6166666666667,
Bananas,2016-09-01,239.5875,-6.859854865880521,,615.6069444444445,
Bananas,2016-10-01,235.71428571428572,-1.6166178476399118,,244.17837301587304,
Bananas,2016-11-01,221.42857142857142,-6.060606060606066,,232.2434523809524,
Bananas,2016-12-01,171.41176470588235,-22.58823529411764,,209.51820728291318,
Bananas,2017-01-01,235.71428571428572,37.513481713893526,,209.51820728291315,
Bananas,2017-02-01,238.75,1.2878787878787934,,215.2920168067227,
Bananas,2017-03-01,225.0,-5.759162303664922,,233.15476190476193,
Bananas,2017-04-01,232.31111111111113,3.249382716049398,,232.0203703703704,
Bananas,2017-05-01,228.8235294117647,-1.5012547969254775,,228.7115468409586,
Bananas,2017-06-01,186.76470588235293,-18.380462724935732,,215.9664488017429,
Bananas,2017-07-01,224.01176470588234,19.943307086614183,-83.40653594771241,213.19999999999996,Low
Bananas,2017-08-01,171.66666666666666,-23.367120074225788,-33.26422184786835,194.14771241830067,Low
Bananas,2017-09-01,253.6764705882353,47.77270131353512,5.8805115409757525,216.4516339869281,Moderate
Bananas,2017-10-01,208.98333333333332,-17.618164251207734,-11.340404040404051,211.44215686274512,Low
Bananas,2017-11-01,188.7736842105263,-9.670459744544392,-14.74736842105263,217.14449604403163,Low
Bananas,2017-12-01,182.22222222222223,-3.470537758323178,6.306718523602539,193.32641325536062,Moderate
Bananas,2018-01-01,183.1578947368421,0.5134788189987249,-22.296650717703347,184.7179337231969,Low
Bananas,2018-02-01,185.52631578947367,1.2931034482758452,-22.292642601267577,183.635477582846,Low
Bananas,2018-03-01,177.6315789473684,-4.255319148936165,-21.052631578947377,182.1052631578947,Low
Bananas,2018-04-01,197.10526315789474,10.962962962962974,-15.154612185715877,186.7543859649123,Low
Bananas,2018-05-01,187.89473684210526,-4.672897196261683,-17.886618860776615,187.54385964912282,Low
Bananas,2018-06-01,183.33333333333334,-2.42763772175536,-1.8372703412073421,189.44444444444446,Low
Bananas,2018-07-01,207.89473684210526,13.397129186602875,-7.194723850748663,193.04093567251462,Low
Bananas,2018-08-01,202.20000000000002,-2.739240506329099,17.786407766990298,197.80935672514622,High
Bananas,2018-09-01,196.23684210526315,-2.9491384246967733,-22.64286803966439,202.11052631578946,Low
Bananas,2018-10-01,193.94736842105263,-1.1666890170309752,-7.1948153340524845,197.46140350877195,Low
Bananas,2018-11-01,195.78947368421052,0.9497964721845387,3.7165082108902237,195.32456140350874,Low
Bananas,2018-12-01,202.89473684210526,3.629032258064524,11.344672657252875,197.54385964912282,Moderate
Bananas,2019-01-01,203.68421052631578,0.3891050583657574,11.206896551724132,200.78947368421052,Moderate
Bananas,2019-02-01,205.9105263157895,1.093023255813974,10.987234042553219,204.16315789473686,Moderate
Bananas,2019-03-01,206.2842105263158,0.18147892544027044,16.130370370370393,205.29298245614038,High
Bananas,2019-04-01,154.6277777777778,-25.041389555090632,-21.550660139445178,188.94083820662772,Low
Bananas,2019-05-01,137.6315789473684,-10.991685371586568,-26.75070028011205,166.18118908382067,Low
Bananas,2019-06-01,139.73684210526315,1.5296367112810794,-23.7799043062201,143.99873294346978,Low
Bananas,2019-07-01,224.47368421052633,60.64030131826743,7.974683544303796,167.28070175438597,Moderate
Bananas,2019-08-01,182.38,-18.752168815943737,-9.80217606330367,182.19684210526316,Low
Bananas,2019-09-01,125.55555555555556,-31.157168792874458,-36.01835709922071,177.46974658869397,Low
Bananas,2019-10-01,209.97368421052633,67.23567768979973,8.263229308005426,172.63641325536062,Moderate
Bananas,2019-11-01,127.81052631578947,-39.13021681915028,-34.72043010752688,154.44658869395712,Low
Bananas,2019-12-01,138.1818181818182,8.11458348931582,-31.894823723617492,158.65534290271134,Low
Bananas,2020-01-01,198.1157894736842,43.373268698060926,-2.733850129198967,154.70271132376396,Low
Bananas,2020-02-01,183.2473684210526,-7.504914722915901,-11.006313421772374,173.181658692185,Low
Bananas,2020-03-01,225.0,22.78484648303991,9.072817267949173,202.12105263157892,Moderate
Bananas,2020-04-01,242.8125,7.916666666666661,57.03032371645167,217.0199561403509,Critical
Bananas,2020-05-01,203.72105263157894,-16.099437783648305,48.01912045889103,223.84451754385964,Critical
Bananas,2020-06-01,208.68421052631578,2.4362518407523126,49.34086629001884,218.40592105263158,Critical
Bananas,2020-07-01,267.3333333333333,28.104245481294665,19.09339585775691,226.57953216374267,High
Bananas,2020-08-01,202.5478947368421,-24.233954587216168,11.05817235269333,226.1884795321637,Moderate
Bananas,2020-09-01,192.7057894736842,-4.859149622831249,53.4824871914299,220.86233918128653,Critical
Bananas,2020-10-01,210.0,8.974411497210099,0.012532898859496377,201.75122807017544,Low
Bananas,2020-11-01,197.1578947368421,-6.115288220551374,54.25794761983198,199.9545614035088,Critical
Bananas,2020-12-01,196.89473684210526,-0.13347570742124892,42.48961218836564,201.35087719298244,Critical
Bananas,2021-01-01,200.8421052631579,2.0048115477145245,1.37612241644971,198.29824561403507,Low
Bananas,2021-02-01,203.31578947368422,1.2316561844863738,10.951546658241673,200.35087719298247,Moderate
Bananas,2021-03-01,240.52631578947367,18.30183794977995,6.900584795321629,214.8947368421053,Moderate
Bananas,2021-04-01,252.5,4.978118161925615,3.9897039897039965,232.11403508771932,Low
Bananas,2021-05-01,138.52631578947367,-45.138092756644085,-32.00196346913995,210.51754385964912,Low
Bananas,2021-06-01,247.88235294117646,78.9424280350438,18.78347303612491,212.96955624355004,High
Bananas,2021-07-01,246.77470588235295,-0.4468438538205888,-7.690259645005126,211.061124871001,Low
Bananas,2021-08-01,255.05882352941177,3.3569557371930125,25.925191106426393,249.90529411764706,High
Bananas,2021-09-01,231.91176470588235,-9.075184501845024,20.344990848109457,244.58176470588236,High
Bananas,2021-10-01,246.8235294117647,6.429930247305005,17.535014005602246,244.59803921568627,High
Bananas,2021-11-01,237.41176470588235,-3.813155386081979,20.41707232813039,238.7156862745098,High
Bananas,2021-12-01,240.76470588235293,1.4122893954410243,22.280925200874258,241.66666666666666,High
Bananas,2022-01-01,256.52941176470586,6.5477644759345255,27.72690837341225,244.9019607843137,High
Bananas,2022-02-01,265.47058823529414,3.4854391194680368,30.570571485130426,254.2549019607843,Critical
Bananas,2022-03-01,269.05882352941177,1.3516507866164318,11.862530570214957,263.6862745098039,Moderate
Bananas,2022-04-01,219.88235294117646,-18.277219064276352,-12.917880023296446,251.47058823529414,Low
Bananas,2022-05-01,267.3529411764706,21.589085072231164,92.99794385839446,252.09803921568627,Critical
Bananas,2023-02-01,291.8125,9.148789878987884,17.722176079734233,259.6825980392157,High
Bananas,2023-03-01,289.625,-0.7496251874062998,17.364135422402427,282.93014705882354,High
Bananas,2023-04-01,282.25,-2.5463962019853237,10.660747232472323,287.8958333333333,Moderate
Bananas,2023-05-01,275.125,-2.524357838795399,18.633481293595434,282.3333333333333,High
Bananas,2023-06-01,330.9403571428571,20.287272019212033,34.079744314312954,296.10511904761904,Critical
Bananas,2023-07-01,345.3225,4.345841341717804,45.45298562933597,317.1292857142857,Critical
Bananas,2023-08-01,343.769,-0.4498693250512109,42.78214023943319,340.01061904761906,Critical
Bananas,2023-09-01,356.51192307692304,3.7068272813787884,38.97506746864692,348.53447435897436,Critical
Bananas,2023-10-01,331.08299999999997,-7.132699197674908,24.71551074673164,343.7879743589744,High
Bananas,2023-11-01,344.83736842105264,4.154356587638963,28.164303960601124,344.1440971659919,High
Bananas,2023-12-01,294.44571428571425,-14.613165146826335,33.91057096996099,323.4553609022556,Critical
Bananas,2024-01-01,386.54555555555555,31.279056478462653,44.582496027380515,341.9428794207741,Critical
Bananas,2024-02-01,429.5705263157895,11.13063392965341,47.207719448546406,370.18726538568643,Critical
Bananas,2024-03-01,493.6173684210526,14.909505699695158,70.43327351611657,436.5778167641326,Critical
Bananas,2024-04-01,419.62111111111113,-14.990610550563755,48.67001279401635,447.6030019493178,Critical
Bananas,2024-05-01,514.0335714285715,22.49945434524645,86.83637307717274,475.75735032024505,Critical
Bananas,2024-06-01,544.85625,5.996238433565337,64.6388052227797,492.83697751322757,Critical
Bananas,2024-07-01,586.774,7.693359487020657,69.92058148542306,548.5546071428571,Critical
Bananas,2024-08-01,516.774,-11.929635600759402,50.325945620460246,549.4680833333333,Critical
Bananas,2024-09-01,531.8593103448276,2.9191310601592857,49.184157925083085,545.1357701149426,Critical
Bananas,2024-10-01,629.7312903225805,18.401855166227765,90.20345059171888,559.454866889136,Critical
Bananas,2024-11-01,597.385,-5.1365226438106815,73.2367355473442,586.3252002224693,Critical
Bananas,2024-12-01,641.4164285714286,7.370695375918146,117.83860231330543,622.8442396313363,Critical
Bananas,2025-01-01,415.82696969696974,-35.17051463382296,7.575152196312285,551.5427994227995,Moderate
Bananas,2025-02-01,596.146,43.36395747357036,38.7772120012154,551.1297994227995,Critical
Bananas,2025-03-01,702.84875,17.89876137724653,42.387362148179974,571.6072398989899,Critical
Bananas,2025-04-01,746.896111111111,6.266975805407782,77.9929777921352,681.9636203703703,Critical
Bananas,2025-05-01,687.2303703703705,-7.988492623422494,33.69367460970707,712.3250771604938,Critical
Bananas,2025-06-01,698.8547826086957,1.6914869801316401,28.264066459491954,710.9937546967258,High
Bananas,2025-07-01,729.0273333333333,4.31742780839377,24.24329185228611,705.0374954374665,High
Bananas,2025-08-01,784.2741176470588,7.578149924930866,51.763462876820185,737.3854111963625,Critical
Bananas,2025-09-01,788.0548275862069,0.4820648615168954,48.1697908184171,767.1187595221996,Critical
Bananas,2025-10-01,751.135625,-4.684852029812381,19.27875215081498,774.4881900777551,High
Bananas,2025-11-01,766.8608333333334,2.093524499431565,28.369616467325653,768.6837619731801,High
Bananas,2025-12-01,750.6723333333333,-2.111008842325812,17.033537012022126,756.2229305555555,High
Bananas,2026-01-01,692.178,-7.792259117049294,66.45817862761972,736.5703888888889,Critical
Bananas,2026-02-01,746.8377777777778,7.896780564793704,25.27766315261326,729.896037037037,High
Bananas,2026-03-01,734.8926923076923,-1.5994216984615006,4.559151923894333,724.6361566951567,Low
Bananas,2026-04-01,500.0,-31.962855906225972,-33.056285531306216,660.5768233618234,Low
Beans (niebe),2002-01-01,217.97,,,,
Beans (niebe),2002-02-01,201.59,-7.514795614075331,,209.78,
Beans (niebe),2002-03-01,233.33,15.744828612530393,,217.63,
Beans (niebe),2002-04-01,330.04499999999996,41.44987785539791,,254.98833333333332,
Beans (niebe),2002-05-01,330.835,0.23936129921677818,,298.07,
Beans (niebe),2002-06-01,341.29499999999996,3.1616969184034227,,334.05833333333334,
Beans (niebe),2002-07-01,337.70000000000005,-1.053340951376347,,336.60999999999996,
Beans (niebe),2002-08-01,307.195,-9.03316553153688,,328.72999999999996,
Beans (niebe),2002-09-01,217.66,-29.1459821937206,,287.5183333333333,
Beans (niebe),2002-10-01,169.57,-22.094091702655515,,231.47500000000002,
Beans (niebe),2002-11-01,135.78666666666666,-19.92294234436123,,174.33888888888887,
Beans (niebe),2002-12-01,139.03333333333333,2.3910054988216745,,148.13,
Beans (red),2016-01-01,4200.0,,,,
Beans (red),2016-06-01,614.25,-85.375,,2407.125,
Beans (red),2016-07-01,583.625,-4.985754985754987,,1799.2916666666667,
Beans (red),2016-08-01,645.375,10.580424073677452,,614.4166666666666,
Beans (red),2016-09-01,683.875,5.965523920201443,,637.625,
Beans (red),2016-10-01,742.0,8.49936026320599,,690.4166666666666,
Beans (red),2016-11-01,694.625,-6.384770889487868,,706.8333333333334,
Beans (red),2016-12-01,642.0588235294117,-7.567561845684834,,692.8946078431372,
Beans (red),2017-01-01,697.0,8.557031607879084,,677.8946078431372,
Beans (red),2017-02-01,702.5625,0.7980631276901073,,680.5404411764706,
Beans (red),2017-03-01,803.2352941176471,14.329371994327488,,734.265931372549,
Beans (red),2017-04-01,827.6666666666666,3.041620895886732,,777.8214869281046,
Beans (red),2017-05-01,804.0,-2.8594442207007575,-80.85714285714286,811.6339869281046,Low
Beans (red),2017-06-01,840.8888888888889,4.588170259812063,36.896848007959115,824.1851851851852,Critical
Beans (red),2017-07-01,1453.9411764705883,72.90526675786593,149.12249757474206,1032.9433551198258,Critical
Beans (red),2017-08-01,1908.235294117647,31.24570133915927,195.67852707614134,1401.021786492375,Critical
Beans (red),2017-09-01,1268.9473684210527,-33.501525082743846,85.55253056787464,1543.7079463364291,Critical
Beans (red),2017-10-01,1223.7894736842106,-3.5586893405226028,64.93119591431412,1466.9907120743035,Critical
Beans (red),2017-11-01,1269.8947368421052,3.7674178565284544,82.81730960476592,1254.2105263157896,Critical
Beans (red),2017-12-01,1222.578947368421,-3.7259615384615308,90.41541095064736,1238.7543859649122,Critical
Beans (red),2018-01-01,1335.6315789473683,9.247061862327266,91.62576455485916,1276.035087719298,Critical
Beans (red),2018-02-01,1421.2631578947369,6.411317334594324,102.29704231221235,1326.4912280701753,Critical
Beans (red),2018-03-01,1515.0,6.595319211968587,88.6122299523984,1423.9649122807016,Critical
Beans (red),2018-04-01,1570.4736842105262,3.661629320826809,89.74712253852513,1502.2456140350878,Critical
Beans (red),2018-05-01,1568.9473684210527,-0.09718824357383138,95.14270751505632,1551.4736842105265,Critical
Beans (red),2018-06-01,976.6842105263158,-37.74907749077491,16.149020807833537,1372.0350877192984,High
Beans (red),2018-07-01,941.4736842105264,-3.6051085843616937,-35.246783057899634,1162.3684210526317,Low
Beans (red),2018-08-01,973.1052631578947,3.359794275491934,-49.00496463105978,963.7543859649122,Low
Beans (red),2018-09-01,863.7368421052631,-11.239115149548384,-31.932807963500633,926.1052631578947,Low
Beans (red),2018-10-01,782.4736842105264,-9.408323685332999,-36.06141407190779,873.1052631578947,Low
Beans (red),2018-11-01,770.2631578947369,-1.5605031277325598,-39.34433023872679,805.4912280701755,Low
Beans (red),2018-12-01,803.5263157894736,4.318414759139033,-34.276120366782905,785.4210526315788,Low
Beans (red),2019-01-01,716.578947368421,-10.820724438331041,-46.34905623202111,763.4561403508773,Low
Beans (red),2019-02-01,673.4736842105264,-6.015424164524418,-52.61442749222337,731.1929824561403,Low
Beans (red),2019-03-01,671.3684210526316,-0.3125976867771274,-55.68525273579989,687.1403508771931,Low
Beans (red),2019-04-01,616.7777777777778,-8.131249782237537,-60.72664037743296,653.8732943469786,Low
Beans (red),2019-05-01,572.7894736842105,-7.131953464999208,-63.492116739349214,620.3118908382066,Low
Beans (red),2019-06-01,491.57894736842104,-14.178075898189835,-49.66858867273805,560.3820662768031,Low
Beans (red),2019-07-01,464.05263157894734,-5.599571734475372,-50.70997316636851,509.4736842105263,Low
Beans (red),2019-08-01,435.2631578947368,-6.203924237268909,-55.27070149818811,463.6315789473684,Low
Beans (red),2019-09-01,484.77777777777777,11.375789332258513,-43.87436610945233,461.364522417154,Low
Beans (red),2019-10-01,463.2105263157895,-4.448894411136706,-40.80177574493846,461.083820662768,Low
Beans (red),2019-11-01,449.36842105263156,-2.9882967844563124,-41.66040314314999,465.78557504873294,Low
Beans (red),2019-12-01,409.1578947368421,-8.948231435933474,-49.07971441671579,440.57894736842104,Low
Beans (red),2020-01-01,368.36842105263156,-9.969127862104454,-48.59346309217775,408.96491228070175,Low
Beans (red),2020-02-01,356.0,-3.357622517502501,-47.139731165989375,377.84210526315786,Low
Beans (red),2020-03-01,415.0,16.573033707865157,-38.18595170899969,379.78947368421046,Low
Beans (red),2020-04-01,448.125,7.981927710843384,-27.344172221221406,406.375,Low
Beans (red),2020-05-01,462.36842105263156,3.1784482125816638,-19.2777726729762,441.8311403508772,Low
Beans (red),2020-06-01,500.63157894736844,8.275469550369952,1.8415417558886649,470.375,Low
Beans (red),2020-07-01,545.6,8.98233809924307,17.572870590903953,502.86666666666673,High
Beans (red),2020-08-01,613.578947368421,12.45948448834695,40.96735187424425,553.2701754385965,Critical
Beans (red),2020-09-01,621.0,1.2094698919197233,28.0999312399725,593.3929824561404,High
Beans (red),2020-10-01,463.2105263157895,-25.408932960420373,0.0,565.9298245614035,Low
Beans (red),2020-11-01,677.0526315789474,46.16520849903421,50.6676036542516,587.0877192982456,Critical
Beans (red),2020-12-01,667.4736842105264,-1.4148009950248785,63.13352199639828,602.5789473684212,Critical
Beans (red),2021-01-01,758.2631578947369,13.601955527519326,105.84369195599375,700.9298245614035,Critical
Beans (red),2021-02-01,811.7894736842105,7.059068508363975,128.03075103489059,745.8421052631579,Critical
Beans (red),2021-03-01,1180.6842105263158,45.44216804979253,184.50221940393155,916.9122807017544,Critical
Beans (red),2021-04-01,1326.125,12.31834796950919,195.92747559274756,1106.1995614035088,Critical
Beans (red),2021-05-01,1295.421052631579,-2.3153132146985445,180.17074558907228,1267.4100877192984,Critical
Beans (red),2021-06-01,1420.1764705882354,9.630491777420346,183.67696531934894,1347.2408410732714,Critical
Beans (red),2021-07-01,1569.0588235294117,10.48336992088803,187.58409522166636,1428.218782249742,Critical
Beans (red),2021-08-01,1650.1176470588234,5.166079328184736,168.9332243448074,1546.4509803921567,Critical
Beans (red),2021-09-01,1669.235294117647,1.158562669328389,168.7979539641944,1629.470588235294,Critical
Beans (red),2021-10-01,1520.0,-8.940339006942244,228.14452903079197,1613.1176470588234,Critical
Beans (red),2021-11-01,1325.5294117647059,-12.794117647058822,95.77937518290898,1504.921568627451,Critical
Beans (red),2021-12-01,1268.9411764705883,-4.269104464364959,90.11104205126301,1371.4901960784316,Critical
Beans (red),2022-01-01,1379.1764705882354,8.68718709438161,81.88625627248192,1324.5490196078433,Critical
Beans (red),2022-02-01,1397.9411764705883,1.3605732321078312,72.20489077373688,1348.686274509804,Critical
Beans (red),2022-03-01,1418.5294117647059,1.4727540500736325,20.144692299422328,1398.5490196078433,High
Beans (red),2022-04-01,1427.1176470588234,0.6054323035455056,7.6156204776188785,1414.5294117647056,Moderate
Beans (red),2022-05-01,1446.5882352941176,1.3643295824574464,11.669347379792105,1430.7450980392157,Moderate
Beans (red),2023-02-01,974.125,-32.66051968119713,-31.40817214099325,1282.610294117647,Low
Beans (red),2023-03-01,998.6875,2.5214936481457784,-36.351175301792004,1139.800245098039,Low
Beans (red),2023-04-01,1159.0625,16.058576882157837,-29.758796164266354,1043.9583333333333,Low
Beans (red),2023-05-01,1247.3125,7.613912105688869,-25.27641223526095,1135.0208333333333,Low
Beans (red),2023-06-01,1245.1889999999999,-0.17024602896228425,-18.079671052631586,1217.1879999999999,Low
Beans (red),2023-07-01,1344.6703846153846,7.989259832474005,1.4440247557536923,1279.0572948717947,Low
Beans (red),2023-08-01,1430.3039999999999,6.368372231913844,12.716335991099559,1340.0544615384615,Moderate
Beans (red),2023-09-01,1455.7685714285712,1.780360778447898,5.553466323832246,1410.247652014652,Moderate
Beans (red),2023-10-01,1627.0906451612902,11.768496524457706,16.391924964199166,1504.387738863287,High
Beans (red),2023-11-01,1706.182380952381,4.860929907396194,20.2782520265,1596.3471991807473,High
Beans (red),2023-12-01,1882.8425,10.354116946689395,31.933236470054837,1738.705175371224,Critical
Beans (red),2024-01-01,2642.0047999999997,40.32001083468213,82.63696161353285,2077.0098936507934,Critical
Beans (red),2024-02-01,2535.938947368421,-4.014597272176745,160.3299317200997,2353.5954157894735,Critical
Beans (red),2024-03-01,2950.2155555555555,16.33622168297999,195.4092802358651,2709.3864343079917,Critical
Beans (red),2024-04-01,3227.4790909090907,9.398077195797438,178.45600137258265,2904.5445312776887,Critical
Beans (red),2024-05-01,4125.029473684211,27.809642060990235,230.7133916868636,3434.2413733829526,Critical
Beans (red),2024-06-01,5104.122,23.73540680283497,309.90741164594294,4152.210188197768,Critical
Beans (red),2024-07-01,5282.334,3.491530962621958,292.8348582995604,4837.161824561404,Critical
Beans (red),2024-08-01,5381.9169999999995,1.8852083188984237,276.27784023536253,5256.124333333333,Critical
Beans (red),2024-09-01,5944.3721875,10.450833550573169,308.33222423992044,5536.207729166667,Critical
Beans (red),2024-10-01,4434.345454545454,-25.402627650567943,172.5321707018902,5253.544880681818,Critical
Beans (red),2024-11-01,4003.2924,-9.720781995087924,134.63449421892318,4794.003347348485,Critical
Beans (red),2024-12-01,3766.373870967742,-5.918092044244827,100.03658675474671,4068.0039085043986,Critical
Beans (red),2025-01-01,3578.8212121212123,-4.979661214523546,35.458543153336166,3782.829161029651,Critical
Beans (red),2025-02-01,3525.7068,-1.4841314771835368,39.029640428003006,3623.6339610296513,Critical
Beans (red),2025-03-01,3076.0917647058823,-12.752479454449183,4.266678375866095,3393.5399256090313,Low
Beans (red),2025-04-01,2967.064,-3.5443599556044814,-8.068684058793984,3189.6208549019607,Low
Beans (red),2025-05-01,2862.855,-3.5121925243270735,-30.597950432507282,2968.670254901961,Low
Beans (red),2025-06-01,2712.875,-5.238826276566577,-46.84933079577643,2847.598,Low
Beans (red),2025-07-01,2681.465263157895,-1.1578025836835426,-49.2371125499089,2752.398421052632,Low
Beans (red),2025-08-01,2580.5041666666666,-3.7651465367979142,-52.05232323971799,2658.281476608187,Low
Beans (red),2025-09-01,2464.5634375,-4.492948729334223,-58.53955035516525,2575.510955774854,Low
Beans (red),2025-10-01,2230.038888888889,-9.515865773331756,-49.70985206840452,2425.035497685185,Low
Beans (red),2025-11-01,2075.992368421053,-6.90779525125631,-48.142874389563616,2256.864898269981,Low
Beans (red),2025-12-01,1821.715,-12.24847317788793,-51.632125157773466,2042.5820857699803,Low
Beans (red),2026-01-01,1697.4536363636364,-6.8211198588343125,-52.56947649090482,1865.0536682615632,Low
Beans (red),2026-02-01,2219.161851851852,30.734754947760635,-37.057674454045575,1912.7768294051627,Low
Beans (red),2026-03-01,2468.1965384615387,11.22201548309203,-19.761934062538177,2128.2706755590093,Low
Beans (red),2026-04-01,2200.0,-10.866093290476343,-25.85262737844549,2295.7861301044636,Low
Beans (white),2016-01-01,4200.0,,,,
Beans (white),2016-06-01,604.875,-85.59821428571428,,2402.4375,
Beans (white),2016-07-01,656.5,8.534821244058687,,1820.4583333333333,
Beans (white),2016-08-01,673.0,2.513328255902514,,644.7916666666666,
Beans (white),2016-09-01,690.375,2.5817236255571974,,673.2916666666666,
Beans (white),2016-10-01,873.5,26.525439072967583,,745.625,
Beans (white),2016-11-01,674.125,-22.824842587292505,,746.0,
Beans (white),2016-12-01,632.7647058823529,-6.135404282239509,,726.796568627451,
Beans (white),2017-01-01,761.875,20.40415543367109,,689.5882352941177,
Beans (white),2017-02-01,652.75,-14.323215750615258,,682.4632352941177,
Beans (white),2017-03-01,781.3529411764706,19.70171446594724,,731.9926470588235,
Beans (white),2017-04-01,794.4444444444445,1.6754916476364956,,742.8491285403051,
Beans (white),2017-05-01,784.6470588235294,-1.2332373508844086,-81.31792717086834,786.8148148148148,Low
Beans (white),2017-06-01,762.1666666666666,-2.865032361246478,26.00399531583659,780.4193899782134,High
Beans (white),2017-07-01,1273.8235294117646,67.13188664925845,94.03252542448814,940.2124183006536,Critical
Beans (white),2017-08-01,1584.235294117647,24.36850611867929,135.39900358360285,1206.7418300653596,Critical
Beans (white),2017-09-01,1154.157894736842,-27.147318392520738,67.17840227946293,1337.4055727554178,Critical
Beans (white),2017-10-01,1176.421052631579,1.9289525286150688,34.6789985840388,1304.938080495356,Critical
Beans (white),2017-11-01,1081.842105263158,-8.039549033643523,60.48093532551944,1137.4736842105262,Critical
Beans (white),2017-12-01,1051.0526315789473,-2.8460228654828557,66.1048130226095,1103.1052631578948,Critical
Beans (white),2018-01-01,1145.0526315789473,8.943415122684018,50.294028755235075,1092.6491228070174,Critical
Beans (white),2018-02-01,1305.7894736842106,14.037506894649777,100.04434679191276,1167.298245614035,Critical
Beans (white),2018-03-01,1331.2105263157894,1.9467956469165548,70.3724982862939,1260.6842105263156,Critical
Beans (white),2018-04-01,1291.2631578947369,-3.0008302692444477,62.536621273463375,1309.421052631579,Critical
Beans (white),2018-05-01,1325.6315789473683,2.6616124561832377,68.94622417051698,1316.035087719298,Critical
Beans (white),2018-06-01,809.8421052631579,-38.908960971929965,6.255251073233059,1142.2456140350878,Moderate
Beans (white),2018-07-01,775.8421052631579,-4.198349255865342,-39.09343897726305,970.438596491228,Low
Beans (white),2018-08-01,873.421052631579,12.577165728240969,-44.86797157754031,819.701754385965,Low
Beans (white),2018-09-01,780.5263157894736,-10.635733654715285,-32.37265721191117,809.9298245614035,Low
Beans (white),2018-10-01,735.4736842105264,-5.772083614295331,-37.48210450966356,796.4736842105264,Low
Beans (white),2018-11-01,683.7368421052631,-7.034492629168465,-36.7988324008757,733.2456140350878,Low
Beans (white),2018-12-01,684.4736842105264,0.1077669155569394,-34.87731597396093,701.2280701754386,Low
Beans (white),2019-01-01,654.578947368421,-4.367550941945408,-42.834160691303545,674.2631578947368,Low
Beans (white),2019-02-01,617.5263157894736,-5.660529066495135,-52.70858524788393,652.1929824561404,Low
Beans (white),2019-03-01,639.1578947368421,3.502940424443879,-51.98671569208872,637.0877192982456,Low
Beans (white),2019-04-01,620.8888888888889,-2.8582930756843705,-51.91616169850457,625.8576998050683,Low
Beans (white),2019-05-01,544.8421052631579,-12.248050333421245,-58.89943224679397,601.6296296296297,Low
Beans (white),2019-06-01,486.05263157894734,-10.790185471406499,-39.98180282056282,550.5945419103314,Low
Beans (white),2019-07-01,446.1578947368421,-8.207904710341097,-42.49372498473646,492.3508771929824,Low
Beans (white),2019-08-01,416.2631578947368,-6.700483661672763,-52.34106658632118,449.4912280701754,Low
Beans (white),2019-09-01,453.3333333333333,8.905466346356473,-41.91953247920881,438.5847953216374,Low
Beans (white),2019-10-01,441.94736842105266,-2.5116099071207376,-39.909832546157155,437.18128654970764,Low
Beans (white),2019-11-01,426.8421052631579,-3.4178873407169186,-37.57216534523901,440.7076023391813,Low
Beans (white),2019-12-01,391.8421052631579,-8.199753390875465,-42.75278738946559,420.21052631578954,Low
Beans (white),2020-01-01,350.1578947368421,-10.638012088650118,-46.50639221677254,389.6140350877193,Low
Beans (white),2020-02-01,336.6842105263158,-3.8478881707500356,-45.47856473195261,359.56140350877195,Low
Beans (white),2020-03-01,418.375,24.263326559324682,-34.54277832674572,368.405701754386,Low
Beans (white),2020-04-01,449.25,7.379743053480725,-27.644058697208308,401.43640350877195,Low
Beans (white),2020-05-01,439.2631578947368,-2.2230032510324294,-19.377897990726435,435.6293859649122,Low
Beans (white),2020-06-01,458.4736842105263,4.373352504193617,-5.674066053059013,448.9956140350877,Low
Beans (white),2020-07-01,518.4666666666667,13.085370986874834,16.20699146710709,472.0678362573099,High
Beans (white),2020-08-01,574.8947368421053,10.883644755453004,38.108484005563305,517.2783625730995,Critical
Beans (white),2020-09-01,591.3157894736842,2.856358143367199,30.43730650154799,561.5590643274854,Critical
Beans (white),2020-10-01,441.94736842105266,-25.260347129506002,0.0,536.0526315789474,Low
Beans (white),2020-11-01,642.6315789473684,45.40907466952482,50.55487053020962,558.6315789473684,Critical
Beans (white),2020-12-01,607.4736842105264,-5.4709254709254695,55.03022162525184,564.0175438596492,Critical
Beans (white),2021-01-01,695.5263157894736,14.494888234274805,98.6321960018037,648.5438596491229,Critical
Beans (white),2021-02-01,743.7894736842105,6.939084373817628,120.91605440050022,682.2631578947368,Critical
Beans (white),2021-03-01,1108.157894736842,48.98811208604585,164.87191986539398,849.1578947368421,Critical
Beans (white),2021-04-01,1246.125,12.450130610306353,177.37896494156925,1032.6907894736842,Critical
Beans (white),2021-05-01,1165.0,-6.510181562844819,165.2168703570573,1173.094298245614,Critical
Beans (white),2021-06-01,1297.8235294117646,11.401161322898258,183.07481412953197,1236.3161764705883,Critical
Beans (white),2021-07-01,1429.6470588235295,10.157276888909038,175.74522158098165,1297.4901960784314,Critical
Beans (white),2021-08-01,1498.1176470588234,4.789335088874247,160.58990473420894,1408.5294117647056,Critical
Beans (white),2021-09-01,1505.1176470588234,0.46725302340191455,154.5370297651771,1477.6274509803923,Critical
Beans (white),2021-10-01,1396.6470588235295,-7.206784695353097,216.02112799389138,1466.6274509803923,Critical
Beans (white),2021-11-01,1211.8823529411766,-13.22916227940867,88.58120152237801,1371.2156862745098,Critical
Beans (white),2021-12-01,1152.1764705882354,-4.926706145034466,89.66689430927457,1253.5686274509806,Critical
Beans (white),2022-01-01,1266.1764705882354,9.894317659672236,82.04580356546707,1210.078431372549,Critical
Beans (white),2022-02-01,1274.7058823529412,0.6736353077816393,71.37993040408918,1231.0196078431372,Critical
Beans (white),2022-03-01,1345.1176470588234,5.523765574526984,21.38321203570479,1295.3333333333333,High
Beans (white),2022-04-01,978.6470588235294,-27.244500809026107,-21.464776100027738,1199.4901960784314,Low
Beans (white),2022-05-01,1352.4705882352941,38.1979924265192,16.09189598586216,1225.4117647058822,High
Beans (white),2023-02-01,940.5625,-30.45597381697982,-27.52770475456646,1090.5600490196077,Low
Beans (white),2023-03-01,954.1875,1.4486012359625322,-33.25712845622121,1082.4068627450981,Low
Beans (white),2023-04-01,1111.5,16.48653959520534,-25.80689492696717,1002.0833333333334,Low
Beans (white),2023-05-01,1181.6875,6.314664867296438,-21.488695431273687,1082.4583333333333,Low
Beans (white),2023-06-01,1202.126551724138,1.729649482129414,-13.92767813961865,1165.1046839080461,Low
Beans (white),2023-07-01,1320.323846153846,9.832350367786557,8.948186509151434,1234.7126326259947,Moderate
Beans (white),2023-08-01,1424.0588,7.856781057794104,23.59728187062846,1315.5030659593278,High
Beans (white),2023-09-01,1461.2767857142858,2.6135146746950166,15.408619545379132,1401.8864772893774,High
Beans (white),2023-10-01,1624.788064516129,11.189617216968074,27.46376140643374,1503.3745500768048,High
Beans (white),2023-11-01,1694.77,4.307142390580765,25.994183758254263,1593.6116167434718,High
Beans (white),2023-12-01,1804.90125,6.498300654366074,84.42820971328966,1708.1531048387096,Critical
Beans (white),2024-01-01,2415.7668,33.844818379952926,78.61880480167014,1971.8126833333333,Critical
Beans (white),2024-02-01,2408.977,-0.2810618971996859,156.12088510864507,2209.881683333333,Critical
Beans (white),2024-03-01,2793.3347368421055,15.955226506608632,192.744846986793,2539.3595122807014,Critical
Beans (white),2024-04-01,3029.1845454545455,8.443306328516531,172.5312231628021,2743.8320940988838,Critical
Beans (white),2024-05-01,3740.5163157894735,23.48261585456455,216.54022876517467,3187.6785326953745,Critical
Beans (white),2024-06-01,4615.4745,23.391374621657235,283.9424803803146,3795.0584537480063,Critical
Beans (white),2024-07-01,4826.396,4.569876834981956,265.54637819043234,4394.128938596491,Critical
Beans (white),2024-08-01,5257.548,8.933208132942273,269.19458662802407,4899.806166666666,Critical
Beans (white),2024-09-01,5359.7690625,1.944272548724224,266.7867111075808,5147.904354166666,Critical
Beans (white),2024-10-01,4139.59,-22.765515608444176,154.77722851397195,4918.969020833333,Critical
Beans (white),2024-11-01,3413.2973076923076,-17.545039298763708,101.40180128821656,4304.218790064103,Critical
Beans (white),2024-12-01,3304.609032258065,-3.184260427279506,83.09084955523551,3619.165446650124,Critical
Beans (white),2025-01-01,3274.337575757576,-0.9160374557169448,35.54030032027826,3330.747971902649,Critical
Beans (white),2025-02-01,3223.19,-1.562073994332791,33.79911887909266,3267.378869338547,Critical
Beans (white),2025-03-01,2845.3970588235293,-11.721088151069925,1.863805339716662,3114.3082115270354,Low
Beans (white),2025-04-01,2772.9195238095235,-2.5471852790897587,-8.45986825165741,2947.1688608776844,Low
Beans (white),2025-05-01,2674.171935483871,-3.561141514485422,-28.507946237377656,2764.1628393723076,Low
Beans (white),2025-06-01,2520.2476923076924,-5.755959111444609,-45.39569675213908,2655.7797172003625,Low
Beans (white),2025-07-01,2476.1147368421052,-1.7511356364015351,-48.696403344398064,2556.8447882112227,Low
Beans (white),2025-08-01,2257.8570833333333,-8.814521001846842,-57.05494113732612,2418.0731708277103,Low
Beans (white),2025-09-01,2311.6033333333335,2.380409743235523,-56.87121392026704,2348.525051169591,Low
Beans (white),2025-10-01,2098.463513513513,-9.220432275137469,-49.30745524282566,2222.64131006006,Low
Beans (white),2025-11-01,1970.5660526315787,-6.094814613564203,-42.26796335055101,2126.877633159475,Low
Beans (white),2025-12-01,1596.314411764706,-18.992088104181082,-51.69430343552829,1888.4479926365993,Low
Beans (white),2026-01-01,1429.279375,-10.463793068187034,-56.349052535632005,1665.386613132095,Low
Beans (white),2026-02-01,2019.0928571428572,41.26649362325383,-37.35731194428944,1681.5622146358544,Low
Beans (white),2026-03-01,2255.62,11.71452526417449,-20.727408042917617,1901.330744047619,Low
Beans (white),2026-04-01,2000.0,-11.332582615866137,-27.8738534303968,2091.5709523809523,Low
Bread,2014-05-01,150.0,,,,
Bread,2014-07-01,236.1936363636364,57.46242424242425,,193.0968181818182,
Bread,2014-08-01,234.65916666666666,-0.6496659777096236,,206.95093434343434,
Bread,2014-09-01,236.9675,0.9836962118817683,,235.94010101010102,
Bread,2014-10-01,228.01666666666665,-3.777240901530099,,233.21444444444444,
Bread,2014-11-01,229.76916666666668,0.7685841678239935,,231.58444444444444,
Bread,2014-12-01,222.41666666666666,-3.199950675134111,,226.73416666666665,
Bread,2015-01-01,221.45533333333333,-0.43222180591981907,,224.54705555555554,
Bread,2015-02-01,220.84533333333331,-0.2754505799514195,,221.57244444444441,
Bread,2015-03-01,222.84,0.9031962036780028,,221.71355555555556,
Bread,2015-04-01,224.094,0.5627355950457602,,222.59311111111114,
Bread,2015-05-01,229.31933333333333,2.3317595889819964,,225.4177777777778,
Bread,2015-06-01,229.1866666666667,-0.05785236889459533,52.79111111111112,227.53333333333333,Critical
Bread,2015-07-01,231.93916666666667,1.2009860957588936,-1.801263472831105,230.1483888888889,Low
Bread,2015-08-01,228.25133333333332,-1.5900002515027323,-2.7306980691854554,229.7923888888889,Low
Bread,2015-09-01,231.922,1.608168773019214,-2.1291949317944425,230.70416666666665,Low
Bread,2015-10-01,231.54625,-0.1620156776847459,1.5479497112784069,230.57319444444443,Low
Bread,2015-11-01,230.981875,-0.24374180104406173,0.5277941992506863,231.483375,Low
Bread,2015-12-01,230.31375,-0.2892542975504009,3.550580741850884,230.94729166666664,Low
Bread,2016-01-01,233.386875,1.3343211163033164,5.387787002947175,231.56083333333333,Moderate
Bread,2016-02-01,242.96812500000001,4.105307978437089,10.017323586944716,235.55625,Moderate
Bread,2016-03-01,251.40133333333333,3.4709113935555536,12.816968826661878,242.58544444444445,Moderate
Bread,2016-04-01,252.532,0.44974569214695226,12.690210358153276,248.96715277777776,Moderate
Bread,2016-05-01,243.84133333333332,-3.441412045470149,6.332654028298235,249.25822222222223,Moderate
Bread,2016-06-01,242.87199999999999,-0.39752626024573967,5.971260689976132,246.4151111111111,Moderate
Bread,2016-07-01,253.618,4.424552850884411,9.346775555371911,246.7771111111111,Moderate
Bread,2016-08-01,282.0686666666667,11.217920915182145,23.578102501044174,259.51955555555554,High
Bread,2016-09-01,280.4353333333333,-0.5790552182329267,20.917952300054885,272.0406666666667,High
Bread,2016-10-01,285.45799999999997,1.7910249065143935,23.283361315503925,282.654,High
Bread,2016-11-01,296.094,3.725942170126606,28.189278920694537,287.3291111111111,High
Bread,2016-12-01,302.248,2.0783940235195475,31.233154772565676,294.59999999999997,Critical
Bread,2017-01-01,314.32466666666664,3.9956150798902357,34.67966725492453,304.22222222222223,Critical
Bread,2017-02-01,298.5792857142857,-5.009273093122701,22.8882536399726,305.05065079365073,High
Bread,2017-03-01,296.61538461538464,-0.6577486091182916,17.984809659741117,303.17311233211234,High
Bread,2017-04-01,307.2,3.5684647302904438,21.647949566787574,300.79822344322343,High
Bread,2017-05-01,336.2307692307692,9.450120192307686,37.88916121580532,313.34871794871793,Critical
Bread,2017-06-01,314.6875,-6.40728666209105,29.569279291149254,319.37275641025644,High
Bread,2017-07-01,345.6923076923077,9.852570468260623,36.30432685862506,332.20352564102564,Critical
Bread,2017-08-01,329.73333333333335,-4.6165257380210605,16.898249362448393,330.03771367521364,High
Bread,2017-09-01,338.92857142857144,2.78868927271676,20.858012932953596,338.1180708180708,High
Bread,2017-10-01,344.61538461538464,1.677879549323169,20.723673750739046,337.7590964590965,High
Bread,2017-11-01,329.39153846153846,-4.4176339285714405,11.245597162231746,337.64516483516485,Moderate
Bread,2017-12-01,325.1984615384615,-1.2729765138051796,7.59325505494215,333.0684615384616,Moderate
Bread,2018-01-01,325.61538461538464,0.1282057347229637,3.592055968261487,326.7351282051282,Low
Bread,2018-02-01,335.6478571428571,3.081080625021082,12.414984294671672,328.8205677655678,Moderate
Bread,2018-03-01,342.55285714285714,2.057215576699223,15.487218435091865,334.6053663003663,High
Bread,2018-04-01,341.0292857142857,-0.4447697331381617,11.012137276785715,339.7433333333333,Moderate
Bread,2018-05-01,331.21066666666667,-2.879113160928093,-1.4930526957980583,338.2642698412698,Low
Bread,2018-07-01,276.35266666666666,-16.562872371260184,-12.181873551804035,316.1975396825397,Low
Bread,2018-08-01,284.58200000000005,2.977837497497182,-17.67765910102357,297.3817777777778,Low
Bread,2018-09-01,291.87,2.560949041049665,-11.483016579053784,284.2682222222223,Low
Bread,2018-10-01,294.1546666666666,0.7827685841869991,-13.21042500878119,290.2022222222222,Low
Bread,2018-11-01,295.40133333333335,0.42381332269647576,-14.280863095238095,293.8086666666666,Low
Bread,2018-12-01,296.6853333333333,0.43466289928728585,-9.929279082566389,295.41377777777774,Low
Bread,2019-01-01,286.54375,-3.4182961521522115,-11.886498895349106,292.87680555555556,Low
Bread,2019-02-01,296.3446666666667,3.420391010680457,-8.989353492400976,293.19125,Low
Bread,2019-03-01,294.1293333333333,-0.74755296197897,-12.369667473209233,292.33925,Low
Bread,2019-04-01,285.0613333333333,-3.082997502232576,-16.783256251033908,291.84511111111107,Low
Bread,2019-05-01,259.30375,-9.035803990720126,-23.964374655716625,279.4981388888889,Low
Bread,2019-06-01,255.71625,-1.3835125793591363,-22.793473841422173,266.69377777777777,Low
Bread,2019-07-01,268.04,4.819306555606073,-3.0079922031992834,261.02,Low
Bread,2019-08-01,298.928,11.52365318609161,5.041077791286841,274.22808333333336,Moderate
Bread,2019-09-01,289.74466666666666,-3.0720887080947,-0.728178070145391,285.5708888888889,Low
Bread,2019-10-01,291.21200000000005,0.5064228964812845,-1.00038075207598,293.29488888888886,Low
Bread,2019-11-01,290.6653333333333,-0.18772120196514086,-1.6032425942559714,290.5406666666667,Low
Bread,2019-12-01,290.30266666666665,-0.12477121454684825,-2.151325309868135,290.7266666666667,Low
Bread,2020-01-01,283.8806666666667,-2.2121739609694657,-0.9293810572847283,288.2828888888889,Low
Bread,2020-02-01,292.47,3.0256845012340827,-1.3074865528202473,288.88444444444445,Low
Bread,2020-03-01,293.25266666666664,0.26760579432647535,-0.2980548239549963,289.86777777777775,Low
Bread,2020-04-01,298.26533333333333,1.7093337031319988,4.6319856311624275,294.66266666666667,Low
Bread,2020-05-01,284.772,-4.52393618210184,9.821782369132738,292.09666666666664,Moderate
Bread,2020-06-01,294.6186666666666,3.457736949793744,15.213118707421458,292.55199999999996,High
Bread,2020-07-01,286.54,-2.742075632229668,6.901954932099685,288.64355555555557,Moderate
Bread,2020-08-01,293.33866666666665,2.3726762988297123,-1.8697925029884543,291.4991111111111,Low
Bread,2020-09-01,318.61733333333336,8.617570589625668,9.964865617313645,299.4986666666667,Moderate
Bread,2020-10-01,326.764,2.556881190811966,12.208288119995036,312.9066666666667,Moderate
Bread,2020-11-01,325.80933333333337,-0.29215784684563095,12.09088115083099,323.73022222222227,Moderate
Bread,2020-12-01,324.5346666666667,-0.3912308630405592,11.79183105448567,325.7026666666667,Moderate
Bread,2021-01-01,322.65933333333334,-0.5778530079991517,13.660199943168605,324.33444444444444,Moderate
Bread,2021-02-01,321.57666666666665,-0.33554481610119646,9.95201787077875,322.92355555555554,Moderate
Bread,2021-03-01,250.37875,-22.14026204222943,-14.62012848988017,298.20491666666663,Low
Bread,2021-04-01,234.3775,-6.390817910865043,-21.41979847920643,268.77763888888893,Low
Bread,2021-05-01,242.22,3.3460976416251675,-14.942480300029493,242.32541666666665,Low
Bread,2021-06-01,216.134375,-10.76939352654611,-26.63928004109265,230.910625,Low
Bread,2021-07-01,215.519375,-0.2845452048060415,-24.78558839952538,224.62458333333333,Low
Bread,2021-08-01,219.549375,1.8699014879752784,-25.15498297758222,217.06770833333334,Low
Bread,2021-09-01,223.218125,1.6710364126520494,-29.941625377150448,219.42895833333333,Low
Bread,2021-10-01,190.715,-14.561149548227759,-41.6352474568802,211.16083333333333,Low
Bread,2021-11-01,181.765625,-4.692538604724328,-44.21104418944414,198.56625,Low
Bread,2021-12-01,185.075,1.820682541047014,-42.97219403371392,185.85187499999998,Low
Bread,2022-01-01,195.0,5.362690801026626,-39.564742173892384,187.28020833333332,Low
Bread,2022-02-01,195.0,0.0,-39.36127206575934,191.69166666666663,Low
Bread,2022-03-01,194.67875,-0.16474358974358783,-22.24629686025671,194.89291666666668,Low
Bread,2022-04-01,195.68375,0.5162350795862469,-16.509157235656147,195.12083333333337,Low
Bread,2022-05-01,202.693125,3.581991350840319,-16.318584344810493,197.68520833333335,Low
Bread,2022-06-01,207.8375,2.538011587714184,-3.838757717276575,202.07145833333334,Low
Bread,2022-07-01,207.80625,-0.015035785168704408,-3.578854569339762,206.11229166666666,Low
Bread,2022-08-01,206.9675,-0.403621161538692,-5.730772405979289,207.5370833333333,Low
Bread,2022-09-01,208.32875,0.657711959607199,-6.670325270405342,207.70083333333332,Low
Bread,2022-10-01,215.1975,3.2970725355957686,12.837217838135428,210.16458333333335,Moderate
Bread,2022-11-01,222.670625,3.472682071120725,22.50425513625032,215.39895833333333,High
Bread,2022-12-01,227.44375,2.143580905653808,22.892746183979472,221.770625,High
Bread,2023-01-01,225.625,-0.7996482646808301,15.705128205128215,225.24645833333332,High
"Cassava meal (gari, yellow)",2014-05-01,180.18,,,,
"Cassava meal (gari, yellow)",2014-07-01,10188.888888888889,5554.8389881723215,,5184.5344444444445,
"Cassava meal (gari, yellow)",2014-08-01,10127.777777777777,-0.5997818974918245,,6832.282222222221,
"Cassava meal (gari, yellow)",2014-09-01,9818.222222222223,-3.056500274273166,,10044.962962962964,
"Cassava meal (gari, yellow)",2014-10-01,8743.333333333334,-10.94789733375583,,9563.111111111111,
"Cassava meal (gari, yellow)",2014-11-01,9438.75,7.9536789935188645,,9333.435185185184,
"Cassava meal (gari, yellow)",2014-12-01,9352.5,-0.9137862534763563,,9178.194444444445,
"Cassava meal (gari, yellow)",2015-01-01,8791.322,-6.000299385191122,,9194.190666666667,
"Cassava meal (gari, yellow)",2015-02-01,8590.177,-2.2879949113455367,,8911.333,
"Cassava meal (gari, yellow)",2015-03-01,8651.922,0.7187861204722701,,8677.807,
"Cassava meal (gari, yellow)",2015-04-01,9168.474545454546,5.9703791302619935,,8803.524515151516,
"Cassava meal (gari, yellow)",2015-05-01,9245.292727272727,0.8378512852638575,,9021.896424242424,
"Cassava meal (gari, yellow)",2015-06-01,9693.125,4.843895006225285,5279.689754689754,9368.96409090909,Critical
"Cassava meal (gari, yellow)",2015-07-01,9047.25,-6.663227803211036,-11.204743729552892,9328.555909090908,Low
"Cassava meal (gari, yellow)",2015-08-01,9642.80909090909,6.5827637227786395,-4.788500473744584,9461.061363636363,Low
"Cassava meal (gari, yellow)",2015-09-01,9754.857272727271,1.161986935153747,-0.6453810889667344,9481.638787878788,Low
"Cassava meal (gari, yellow)",2015-10-01,8683.289166666667,-10.984969601313443,-0.6867422798322531,9360.31851010101,Low
"Cassava meal (gari, yellow)",2015-11-01,9443.956363636364,8.760127439838561,0.05515946111893655,9294.034267676767,Low
"Cassava meal (gari, yellow)",2015-12-01,9165.540769230769,-2.9480821774825694,-1.9990294655892082,9097.595433177934,Low
"Cassava meal (gari, yellow)",2016-01-01,9399.473636363637,2.5523084019024145,6.917635781781595,9336.32358974359,Moderate
"Cassava meal (gari, yellow)",2016-02-01,11184.166666666666,18.98715927452159,30.197162022001024,9916.39369075369,Critical
"Cassava meal (gari, yellow)",2016-03-01,9919.428181818183,-11.30829432842695,14.649995478671475,10167.689494949494,Moderate
"Cassava meal (gari, yellow)",2016-04-01,9988.820833333333,0.6995630216098947,8.947467583748603,10364.13856060606,Moderate
"Cassava meal (gari, yellow)",2016-05-01,12164.583333333334,21.781975433369904,31.575967275205684,10690.944116161618,Critical
"Cassava meal (gari, yellow)",2016-06-01,12889.666666666666,5.960609693440655,32.97741096567584,11681.02361111111,Critical
"Cassava meal (gari, yellow)",2016-07-01,13648.75,5.889084279396939,50.86075879410872,12901.0,Critical
"Cassava meal (gari, yellow)",2016-08-01,14251.0,4.4124919864456436,47.78888460454282,13596.47222222222,Critical
"Cassava meal (gari, yellow)",2016-09-01,14389.545454545454,0.9721805806291117,47.51159399098428,14096.431818181818,Critical
"Cassava meal (gari, yellow)",2016-10-01,14054.545454545454,-2.3280790978298604,61.85739280108184,14231.69696969697,Critical
"Cassava meal (gari, yellow)",2016-11-01,14627.666666666666,4.077835273824926,54.889181010937364,14357.252525252525,Critical
"Cassava meal (gari, yellow)",2016-12-01,14698.636363636364,0.4851744204113162,60.368457614421445,14460.282828282827,Critical
"Cassava meal (gari, yellow)",2017-01-01,16880.454545454544,14.843677521105846,79.58935998447107,15402.252525252523,Critical
"Cassava meal (gari, yellow)",2017-02-01,18938.0,12.188922099254128,69.32866403397662,16839.030303030304,Critical
"Cassava meal (gari, yellow)",2017-03-01,20924.8,10.491076143204126,110.94764351794102,18914.41818181818,Critical
"Cassava meal (gari, yellow)",2017-04-01,22810.0,9.00940510781465,128.3552821758658,20890.933333333334,Critical
"Cassava meal (gari, yellow)",2017-05-01,23333.53846153846,2.295214649445243,91.81535299774724,22356.11282051282,Critical
"Cassava meal (gari, yellow)",2017-06-01,22726.64285714286,-2.6009582961279976,76.3167616732488,22956.727106227107,Critical
"Cassava meal (gari, yellow)",2017-07-01,24327.0,7.041766586102516,78.23610220716182,23462.393772893774,Critical
"Cassava meal (gari, yellow)",2017-08-01,21079.69230769231,-13.348574391859625,47.91728515677713,22711.111721611724,Critical
"Cassava meal (gari, yellow)",2017-09-01,18500.083333333332,-12.237412846000773,28.566141243116316,21302.258547008547,High
"Cassava meal (gari, yellow)",2017-10-01,17439.0,-5.735559749730856,24.08085381630014,19006.258547008547,High
"Cassava meal (gari, yellow)",2017-11-01,15414.409166666666,-11.609558078636006,5.378455210445954,17117.830833333333,Moderate
"Cassava meal (gari, yellow)",2017-12-01,16334.484545454547,5.968930556076857,11.129251322015033,16395.96457070707,Moderate
"Cassava meal (gari, yellow)",2018-01-01,257.3445454545454,-98.4245321929907,-98.47548805773218,10668.746085858586,Low
"Cassava meal (gari, yellow)",2018-02-01,18132.833333333332,6946.130820960462,-4.251592917238711,11574.887474747477,Low
"Cassava meal (gari, yellow)",2018-03-01,17231.041666666668,-4.973252938959705,-17.652538295865828,11873.739848484847,Low
"Cassava meal (gari, yellow)",2018-04-01,17288.583333333332,0.3339418926597837,-24.206123045447914,17550.81944444444,Low
"Cassava meal (gari, yellow)",2018-05-01,16953.563846153847,-1.9378076313144144,-27.342507977951836,17157.729615384615,Low
"Cassava meal (gari, yellow)",2018-07-01,17744.69230769231,4.666443402210918,-21.921189947703823,17328.946495726497,Low
"Cassava meal (gari, yellow)",2018-08-01,17266.89230769231,-2.6926361512218167,-29.021694793059936,17321.716153846155,Low
"Cassava meal (gari, yellow)",2018-09-01,15196.785,-11.988881790674554,-27.9079372783138,16736.12320512821,Low
"Cassava meal (gari, yellow)",2018-10-01,15815.476923076923,4.071202712132349,-14.51132063507683,16093.05141025641,Low
"Cassava meal (gari, yellow)",2018-11-01,15474.986923076922,-2.1528911309856236,-11.2621886399626,15495.749615384615,Low
"Cassava meal (gari, yellow)",2018-12-01,15190.576923076924,-1.8378690813358634,-1.452097457447643,15493.680256410256,Low
"Cassava meal (gari, yellow)",2019-01-01,7401.936428571428,-51.27284193316779,-54.68521575949459,12689.166758241758,Low
"Cassava meal (gari, yellow)",2019-02-01,7493.7288461538465,1.2401135630954574,2811.943920520149,10028.7473992674,Critical
"Cassava meal (gari, yellow)",2019-03-01,7140.312962962963,-4.716155207193995,-60.62218831605855,7345.326079229412,Low
"Cassava meal (gari, yellow)",2019-04-01,7057.6670370370375,-1.1574552313688868,-59.0409728351476,7230.569615384615,Low
"Cassava meal (gari, yellow)",2019-05-01,7029.739285714286,-0.39570797511688793,-59.33883563403044,7075.906428571429,Low
"Cassava meal (gari, yellow)",2019-06-01,6684.6107142857145,-4.909550090000292,-60.571058834911504,6924.005679012346,Low
"Cassava meal (gari, yellow)",2019-07-01,12474.284285714286,86.61197815237665,-29.70132099553682,8729.544761904763,Low
"Cassava meal (gari, yellow)",2019-08-01,6403.826153846154,-48.66377896181267,-62.9126883996764,8520.907051282053,Low
"Cassava meal (gari, yellow)",2019-09-01,6373.755,-0.4695810461390004,-58.05853014305329,8417.288479853481,Low
"Cassava meal (gari, yellow)",2019-10-01,6410.91,0.5829373736517818,-59.46432705645688,6396.163717948718,Low
"Cassava meal (gari, yellow)",2019-11-01,12490.192307692309,94.82713542527206,-19.28786518671346,8424.952435897436,Low
"Cassava meal (gari, yellow)",2019-12-01,12311.923076923076,-1.427273707062482,-18.950260156220335,10404.341794871794,Low
"Cassava meal (gari, yellow)",2020-01-01,6305.7688461538455,-48.783233888350885,-14.809200173435466,10369.294743589742,Low
"Cassava meal (gari, yellow)",2020-02-01,6278.117307692307,-0.4385117681312445,-16.2217176977981,8298.603076923077,Low
"Cassava meal (gari, yellow)",2020-03-01,6821.034230769232,8.6477664635497,-4.4714949309622725,6468.306794871794,Low
"Cassava meal (gari, yellow)",2020-04-01,7662.099615384615,12.330467142671608,8.564197987460332,6920.41705128205,Moderate
"Cassava meal (gari, yellow)",2020-05-01,8366.91625,9.198740162555374,19.021714887820984,7616.683365384615,High
"Cassava meal (gari, yellow)",2020-06-01,8554.424230769231,2.241064391785086,27.97191334549265,8194.480032051282,High
"Cassava meal (gari, yellow)",2020-07-01,9013.832692307693,5.370419436132523,-27.74068246440037,8645.057724358974,Low
"Cassava meal (gari, yellow)",2020-08-01,9671.863461538462,7.300232783245741,51.03257379542568,9080.04012820513,Critical
"Cassava meal (gari, yellow)",2020-09-01,10222.908461538462,5.697402596627921,60.39067177101194,9636.201538461539,Critical
"Cassava meal (gari, yellow)",2020-10-01,10028.524230769232,-1.9014572173913113,56.42902849625453,9974.43205128205,Critical
"Cassava meal (gari, yellow)",2020-11-01,9653.501923076923,-3.7395562802917226,-22.711342745846753,9968.31153846154,Low
"Cassava meal (gari, yellow)",2020-12-01,9845.843076923078,1.9924495315669644,-20.03001468245289,9842.623076923077,Low
"Cassava meal (gari, yellow)",2021-01-01,10200.832692307693,3.6054770791203117,61.7698482323787,9900.059230769231,Critical
"Cassava meal (gari, yellow)",2021-02-01,10860.860384615384,6.470331513283312,72.99549932442389,10302.512051282052,Critical
"Cassava meal (gari, yellow)",2021-03-01,12266.204642857143,12.939529728532895,79.8291025651962,11109.299239926739,Critical
"Cassava meal (gari, yellow)",2021-04-01,12622.078571428572,2.9012554325731132,64.73393984704778,11916.3811996337,Critical
"Cassava meal (gari, yellow)",2021-05-01,13156.840714285714,4.236720123638227,57.24838544052253,12681.707976190475,Critical
"Cassava meal (gari, yellow)",2021-06-01,13662.955357142857,3.8467794347285977,59.71800075098983,13147.291547619048,Critical
"Cassava meal (gari, yellow)",2021-07-01,14246.646428571428,4.272070398908423,58.05314914186683,13688.814166666665,Critical
"Cassava meal (gari, yellow)",2021-08-01,14350.763214285715,0.7308160993276358,48.37640410613282,14086.788333333336,Critical
"Cassava meal (gari, yellow)",2021-09-01,13842.66142857143,-3.5405906858562486,35.40824982099298,14146.690357142857,Critical
"Cassava meal (gari, yellow)",2021-10-01,13347.56857142857,-3.576572754434215,33.09603949976949,13846.997738095239,Critical
"Cassava meal (gari, yellow)",2021-11-01,13350.035357142857,0.01848116157701085,38.29214997336132,13513.421785714285,Critical
"Cassava meal (gari, yellow)",2021-12-01,13114.533928571429,-1.7640509726846831,33.19868929568446,13270.712619047617,Critical
"Cassava meal (gari, yellow)",2022-01-01,13131.124285714284,0.12650359694987845,28.726003864530437,13198.564523809524,High
"Cassava meal (gari, yellow)",2022-02-01,13131.124285714284,0.0,20.903168079710998,13125.594166666668,High
"Cassava meal (gari, yellow)",2022-03-01,13424.80392857143,2.236515598109512,9.445458635723657,13229.0175,Moderate
"Cassava meal (gari, yellow)",2022-04-01,13489.456071428573,0.48158724105866746,6.871906992905297,13348.461428571429,Moderate
"Cassava meal (gari, yellow)",2022-05-01,13763.43142857143,2.031033391503101,4.610458752663016,13559.230476190476,Low
"Cassava meal (gari, yellow)",2022-06-01,14046.884642857143,2.059466171330615,2.810001757881553,13766.590714285716,Low
"Cassava meal (gari, yellow)",2022-07-01,14168.627142857144,0.8666868355176938,-0.5476326383577423,13992.981071428572,Low
"Cassava meal (gari, yellow)",2022-08-01,14031.705357142857,-0.9663729896605688,-2.2232814546424007,14082.405714285715,Low
"Cassava meal (gari, yellow)",2022-09-01,13351.730689655173,-4.845987356351822,-3.546505427799962,13850.687729885058,Low
"Cassava meal (gari, yellow)",2022-10-01,13828.648214285715,3.571952848030824,3.60424927043963,13737.361420361247,Low
"Cassava meal (gari, yellow)",2022-11-01,13839.793214285715,0.08059356075373891,3.6685884646801004,13673.390706075535,Low
"Cassava meal (gari, yellow)",2022-12-01,13968.222142857145,0.9279685511403679,6.5094819147622385,13878.887857142858,Moderate
"Cassava meal (gari, yellow)",2023-01-01,14133.723214285714,1.1848399154591016,7.635286261528917,13980.579523809525,Moderate
Cowpeas,2016-01-01,3850.0,,,,
Cowpeas,2016-12-01,592.8888888888889,-84.6002886002886,,2221.4444444444443,
Cowpeas,2017-02-01,477.85714285714283,-19.401906189762276,,1640.2486772486773,
Cowpeas,2017-03-01,541.2222222222222,13.260255771466522,,537.3227513227513,
Cowpeas,2017-04-01,473.55555555555554,-12.502566208170796,,497.5449735449735,
Cowpeas,2017-05-01,478.0,0.9385265133740051,,497.5925925925926,
Cowpeas,2017-06-01,465.55555555555554,-2.6034402603440254,,472.3703703703704,
Cowpeas,2017-07-01,994.5555555555555,113.62768496420048,,646.0370370370371,
Cowpeas,2017-08-01,935.3333333333334,-5.954641939448102,,798.4814814814814,
Cowpeas,2017-09-01,985.1818181818181,5.329488757856526,,971.6902356902356,
Cowpeas,2017-10-01,916.9090909090909,-6.929962166651283,,945.8080808080808,
Cowpeas,2017-11-01,852.0909090909091,-7.069204838389842,,918.060606060606,
Cowpeas,2017-12-01,837.9090909090909,-1.6643550624133252,-78.23612750885478,868.969696969697,Low
Cowpeas,2018-01-01,891.9090909090909,6.444613214711947,50.4344418699741,860.6363636363636,Critical
Cowpeas,2018-02-01,864.4545454545455,-3.0781775558047064,80.90229650767769,864.7575757575756,Critical
Cowpeas,2018-03-01,881.5454545454545,1.9770743506152044,62.880498684235086,879.3030303030304,Critical
Cowpeas,2018-04-01,1005.8181818181819,14.097143446426742,112.39708203574934,917.2727272727274,Critical
Cowpeas,2018-05-01,1005.8181818181819,0.0,110.42221376949412,964.3939393939394,Critical
Cowpeas,2018-06-01,503.0,-49.99096167751266,8.04295942720763,838.2121212121214,Moderate
Cowpeas,2018-07-01,545.5454545454545,8.458340863907466,-45.1468093966139,684.7878787878786,Low
Cowpeas,2018-08-01,543.7272727272727,-0.3332777870354797,-41.868074904425576,530.7575757575758,Low
Cowpeas,2018-09-01,550.2727272727273,1.2038120715599288,-44.14505859555228,546.5151515151515,Low
Cowpeas,2018-10-01,507.6363636363636,-7.748224021146532,-44.63612928812215,533.8787878787879,Low
Cowpeas,2018-11-01,474.72727272727275,-6.482808022922626,-44.28678117998507,510.8787878787878,Low
Cowpeas,2018-12-01,498.27272727272725,4.959785522788196,-40.533796246067055,493.5454545454545,Low
Cowpeas,2019-01-01,487.90909090909093,-2.0799124247400047,-45.29609621853021,486.969696969697,Low
Cowpeas,2019-02-01,482.6363636363636,-1.08067821874418,-44.16868230097803,489.60606060606057,Low
Cowpeas,2019-03-01,485.8181818181818,0.6592578640045144,-44.89017221821182,485.4545454545455,Low
Cowpeas,2019-04-01,476.15384615384613,-1.9892906494702989,-52.660047833583626,481.5361305361305,Low
Cowpeas,2019-05-01,513.7368421052631,7.893036306436518,-48.9234882216387,491.90295669243034,Low
Cowpeas,2019-06-01,506.0,-1.505993238397696,0.5964214711729587,498.630229419703,Low
Cowpeas,2019-07-01,484.05555555555554,-4.3368467281510785,-11.271269603214273,501.2641325536062,Low
Cowpeas,2019-08-01,500.53333333333336,3.404108802938155,-7.9440450314886,496.8629629629629,Low
Cowpeas,2019-09-01,497.94444444444446,-0.5172260699698117,-9.509517778144904,494.17777777777775,Low
Cowpeas,2019-10-01,503.1578947368421,1.0469943686618022,-0.8822198763384081,500.5452241715399,Low
Cowpeas,2019-11-01,485.6842105263158,-3.472803347280329,2.308048942732155,495.59551656920075,Low
Cowpeas,2019-12-01,471.89473684210526,-2.8391850888599857,-5.293886056136509,486.9122807017543,Low
Cowpeas,2020-01-01,454.4736842105263,-3.6917242917689053,-6.852794367136406,470.68421052631567,Low
Cowpeas,2020-02-01,449.2631578947368,-1.146496815286624,-6.914772332979746,458.5438596491228,Low
Cowpeas,2020-03-01,466.625,3.8645149953139724,-3.950692365269459,456.78728070175436,Low
Cowpeas,2020-04-01,472.625,1.285829091883195,-0.7411147011308516,462.83771929824553,Low
Cowpeas,2020-05-01,456.94736842105266,-3.317139715196471,-11.054195266878386,465.3991228070175,Low
Cowpeas,2020-06-01,468.05263157894734,2.4303155954849,-7.49947992510922,465.87499999999994,Low
Cowpeas,2020-07-01,488.1333333333333,4.290265752089661,0.8424193733501673,471.0444444444444,Low
Cowpeas,2020-08-01,491.7894736842105,0.7490044422720388,-1.7469085606931611,482.6584795321637,Low
Cowpeas,2020-09-01,502.94444444444446,2.2682410578386714,1.004128082115363,494.2890838206627,Low
Cowpeas,2020-10-01,503.1578947368421,0.042440133250387646,0.0,499.29727095516563,Low
Cowpeas,2020-11-01,500.6842105263158,-0.49163179916317246,3.0884265279583767,502.26218323586744,Low
Cowpeas,2020-12-01,513.2631578947369,2.512351518974043,8.766451037251844,505.7017543859649,Moderate
Cowpeas,2021-01-01,554.6842105263158,8.070139458572601,22.049797336421562,522.8771929824561,High
Cowpeas,2021-02-01,583.8947368421053,5.266154284087676,29.967197750702933,550.6140350877193,High
Cowpeas,2021-03-01,657.2105263157895,12.556336758608255,40.84340237145234,598.5964912280702,Critical
Cowpeas,2021-04-01,521.875,-20.592416112757274,10.420523670986515,587.6600877192982,Moderate
Cowpeas,2021-05-01,708.6315789473684,35.78569177434605,55.079474775397365,629.2390350877193,Critical
Cowpeas,2021-06-01,780.2352941176471,10.104505260214601,66.6981962019037,670.2472910216717,Critical
Cowpeas,2021-07-01,801.2941176470588,2.6990349819059123,64.15476324372962,763.3869969040247,Critical
Cowpeas,2021-08-01,858.0588235294117,7.0841286154749605,74.47685838033841,813.1960784313725,Critical
Cowpeas,2021-09-01,1023.1176470588235,19.236306300130266,103.42557878116452,894.1568627450979,Critical
Cowpeas,2021-10-01,887.2352941176471,-13.281205082504455,76.33337435392569,922.8039215686273,Critical
Cowpeas,2021-11-01,896.1176470588235,1.0011270967314134,78.9786113120745,935.4901960784314,Critical
Cowpeas,2021-12-01,920.0588235294117,2.671655507417614,79.2567437147131,901.1372549019608,Critical
Cowpeas,2022-01-01,977.9411764705883,6.291157854357143,76.30593370282925,931.3725490196078,Critical
Cowpeas,2022-02-01,997.6470588235294,2.0150375939849585,70.86077264870252,965.2156862745097,Critical
Cowpeas,2022-03-01,992.7647058823529,-0.48938679245282835,51.05733492243698,989.4509803921568,Critical
Cowpeas,2022-04-01,684.1176470588235,-31.089648634235946,31.088411412469185,891.5098039215686,Critical
Cowpeas,2022-05-01,1079.235294117647,57.75580395528805,52.29850407186048,918.7058823529411,Critical
Cowpeas,2023-02-01,1037.25,-3.89028178993841,32.940666465621234,933.53431372549,Critical
Cowpeas,2023-03-01,1050.9375,1.3195950831525582,31.155024959624143,1055.8075980392157,Critical
Cowpeas,2023-04-01,1066.0625,1.4391911983348216,24.24119078631659,1051.4166666666667,High
Cowpeas,2023-05-01,1087.6875,2.0284927009438958,6.311087793940096,1068.2291666666667,Moderate
Cowpeas,2023-06-01,1143.4713793103447,5.128667867410885,28.880285409241257,1099.0737931034482,High
Cowpeas,2023-07-01,1176.2133333333334,2.8633820325906223,31.256575204586245,1135.7907375478926,Critical
Cowpeas,2023-08-01,1277.1021739130433,8.577427046656204,38.806578585267815,1198.928962185574,Critical
Cowpeas,2023-09-01,1349.6053846153845,5.677166023466329,38.004761133603225,1267.6402972872538,Critical
Cowpeas,2023-10-01,1436.881935483871,6.46681999519132,44.027080797321986,1354.529831337433,Critical
Cowpeas,2023-11-01,1434.106,-0.19319161966750986,44.455780055697105,1406.864440033085,Critical
Cowpeas,2023-12-01,1536.6425,7.149855031636432,124.61670249355117,1469.21014516129,Critical
Cowpeas,2024-01-01,2342.1204347826088,52.418043545106215,117.01666425739549,1770.9563115942028,Critical
Cowpeas,2024-02-01,2092.9594117647057,-10.638266901976356,101.77964924219869,1990.5741155157714,Critical
Cowpeas,2024-03-01,2314.396875,10.580112638141713,120.22212310437111,2249.825573849105,Critical
Cowpeas,2024-04-01,2345.8455555555556,1.3588283364561526,120.0476572016702,2251.0672807734204,Critical
Cowpeas,2024-05-01,2906.63,23.905429030328328,167.23024765844968,2522.290810185185,Critical
Cowpeas,2024-06-01,3342.425,14.99313638130757,192.30508611557008,2864.966851851852,Critical
Cowpeas,2024-07-01,3055.9379999999996,-8.571231964815984,159.8115421238777,3101.6643333333327,Critical
Cowpeas,2024-08-01,4240.0,38.74627037590423,232.0016273254498,3546.1210000000005,Critical
Cowpeas,2024-09-01,4476.377666666666,5.574944968553441,231.68048362094825,3924.105222222222,Critical
Cowpeas,2024-10-01,3733.1370967741937,-16.60361625487973,159.80820028313997,4149.838254480287,Critical
Cowpeas,2024-11-01,3527.066956521739,-5.52002605075822,145.9418590063593,3912.1939066542,Critical
Cowpeas,2024-12-01,3417.9155172413793,-3.0946801017920245,122.42750133758369,3559.373190179104,Critical
Cowpeas,2025-01-01,3625.7703333333334,6.081332760960545,54.80716872998337,3523.584269032151,Critical
Cowpeas,2025-02-01,3382.5434999999998,-6.708280199030813,61.615341462736,3475.4097835249045,Critical
Cowpeas,2025-03-01,3115.286666666667,-7.901061237891927,34.60468687621552,3374.5335,Critical
Cowpeas,2025-04-01,3062.8216666666667,-1.6841146775149696,30.563653664800317,3186.8839444444443,Critical
Cowpeas,2025-05-01,3002.6063636363633,-1.9660074788434234,3.30198076935706,3060.2382323232323,Low
Cowpeas,2025-06-01,2900.3405,-3.4059031138704565,-13.226459830811477,2988.58951010101,Low
Cowpeas,2025-07-01,2885.091875,-0.5257529245273007,-5.590627983944685,2929.3462462121206,Low
Cowpeas,2025-08-01,2689.1165,-6.792690960664816,-36.577441037735845,2824.8496250000003,Low
Cowpeas,2025-09-01,2812.8165517241378,4.600025760287352,-37.16310907656947,2795.674975574713,Low
Cowpeas,2025-10-01,2587.071724137931,-8.025579465814591,-30.6997933085977,2696.3349252873563,Low
Cowpeas,2025-11-01,2410.662058823529,-6.818893487507982,-31.652500830298003,2603.516778228533,Low
Cowpeas,2025-12-01,2273.776785714286,-5.6783269396145535,-33.474751665323055,2423.8368562252485,Low
Cowpeas,2026-01-01,2196.3348148148148,-3.4058739356485845,-39.42432606326651,2293.59121978421,Low
Cowpeas,2026-02-01,2678.92,21.97229593275263,-20.801609794522957,2383.0105335097,Low
Cowpeas,2026-03-01,2913.8088000000002,8.768040852283754,-6.467394118893289,2596.354538271605,Low
Cowpeas,2026-04-01,2000.0,-31.3613165009317,-34.70073619478335,2530.9096000000004,Low
Cowpeas (brown),2014-05-01,169.0,,,,
Cowpeas (brown),2014-07-01,17643.75,10340.08875739645,,8906.375,
Cowpeas (brown),2014-08-01,19010.555555555555,7.7466839847286195,,12274.435185185184,
Cowpeas (brown),2014-09-01,18523.88888888889,-2.5599812969402835,,18392.73148148148,
Cowpeas (brown),2014-10-01,18550.925555555557,0.14595567285486943,,18695.123333333333,
Cowpeas (brown),2014-11-01,17743.518888888888,-4.352379423057251,,18272.777777777777,
Cowpeas (brown),2014-12-01,16218.666666666666,-8.593854645016863,,17504.37037037037,
Cowpeas (brown),2015-01-01,13312.384615384615,-17.91936483444211,,15758.190056980056,
Cowpeas (brown),2015-02-01,12517.142857142857,-5.973698786637582,,14016.064713064712,
Cowpeas (brown),2015-03-01,12984.533333333333,3.734002891272925,,12938.020268620268,
Cowpeas (brown),2015-04-01,14441.07142857143,11.217485125159898,,13314.249206349205,
Cowpeas (brown),2015-05-01,14768.92857142857,2.2703103746753994,,14064.844444444445,
Cowpeas (brown),2015-06-01,15347.272727272728,3.915952014034385,8981.226465841852,14852.424242424242,Critical
Cowpeas (brown),2015-07-01,15503.454545454546,1.0176519369742953,-12.130615399478305,15206.551948051949,Low
Cowpeas (brown),2015-08-01,16121.333333333334,3.9854265129570354,-15.197989421081848,15657.353535353535,Low
Cowpeas (brown),2015-09-01,16174.133333333333,0.32751633446364004,-12.685001349608626,15932.973737373737,Low
Cowpeas (brown),2015-10-01,15226.533333333333,-5.8587374078776016,-17.920357732375514,15840.666666666666,Low
Cowpeas (brown),2015-11-01,14630.0,-3.917722572001503,-17.54735860674511,15343.555555555555,Low
Cowpeas (brown),2015-12-01,13708.8,-6.296650717703356,-15.47517264057876,14521.777777777776,Low
Cowpeas (brown),2016-01-01,14139.166666666666,3.1393460161842635,6.210623229188927,14159.322222222223,Moderate
Cowpeas (brown),2016-02-01,15515.0,9.730653621736307,23.950011412919437,14454.322222222223,High
Cowpeas (brown),2016-03-01,15577.333333333334,0.4017617359544534,19.968372627947105,15077.166666666666,High
Cowpeas (brown),2016-04-01,16685.384615384617,7.113228293575813,15.541181953943184,15925.905982905984,High
Cowpeas (brown),2016-05-01,18991.53846153846,13.821400580886056,28.59117281045558,17084.752136752137,High
Cowpeas (brown),2016-06-01,19834.0,4.435983636437291,29.234687833195117,18503.641025641027,High
Cowpeas (brown),2016-07-01,18800.35714285714,-5.211469482418362,21.265599790913782,19208.631868131866,High
Cowpeas (brown),2016-08-01,21405.23076923077,13.855447567193169,32.77580908876914,20013.19597069597,Critical
Cowpeas (brown),2016-09-01,22555.0,5.371440481837642,39.45105765584556,20920.19597069597,Critical
Cowpeas (brown),2016-10-01,22528.846153846152,-0.11595586856061324,47.95781587741237,22163.02564102564,Critical
Cowpeas (brown),2016-11-01,22876.205384615383,1.541842082799838,56.36504022293496,22653.35051282051,Critical
Cowpeas (brown),2016-12-01,20213.46153846154,-11.63979690418666,47.44880323924443,21872.83769230769,Critical
Cowpeas (brown),2017-01-01,22098.214285714286,9.324245348410498,56.29078294841248,21729.293736263735,Critical
Cowpeas (brown),2017-02-01,22121.0,0.10311111111109827,42.57815017724782,21477.558608058607,Critical
Cowpeas (brown),2017-03-01,26014.76923076923,17.602139282895134,67.0039966025586,23411.327838827838,Critical
Cowpeas (brown),2017-04-01,24738.266666666666,-4.906837930327546,48.263089146035966,24291.345299145298,Critical
Cowpeas (brown),2017-05-01,25795.0,4.271654710381223,35.82364615820812,25516.011965811966,Critical
Cowpeas (brown),2017-06-01,28342.4,9.875557278542368,42.89805384692953,26291.88888888889,Critical
Cowpeas (brown),2017-07-01,31167.0,9.965987354634741,65.77876560095743,28434.800000000003,Critical
Cowpeas (brown),2017-08-01,29956.75,-3.8831135495877023,39.95060517199247,29822.050000000003,Critical
Cowpeas (brown),2017-09-01,30160.46153846154,0.6800188220068559,33.719625530753895,30428.07051282051,Critical
Cowpeas (brown),2017-10-01,29821.53846153846,-1.1237330585636807,32.37046521553564,29979.583333333332,Critical
Cowpeas (brown),2017-11-01,26420.41,-11.404939640940981,15.492974275218518,28800.803333333333,High
Cowpeas (brown),2017-12-01,25324.423076923078,-4.148258573871189,25.28493958709923,27188.790512820513,High
Cowpeas (brown),2018-01-01,322.49083333333334,-98.72656197397363,-98.54064754208754,17355.774636752136,Low
Cowpeas (brown),2018-02-01,30042.773571428574,9215.853496020376,35.81110063482018,18563.229160561663,Critical
Cowpeas (brown),2018-03-01,31943.653846153848,6.327246285053589,22.79045630884231,20769.639416971917,High
Cowpeas (brown),2018-04-01,33436.78571428572,4.674267619236838,35.162200993409876,31807.73771062271,Critical
Cowpeas (brown),2018-05-01,31669.866666666665,-5.28435676418545,22.775214834916312,32350.102075702078,High
Cowpeas (brown),2018-07-01,33165.222,4.721697596874441,17.016279496443488,32757.29146031746,High
Cowpeas (brown),2018-08-01,33226.302,0.1841688260069585,6.607315429781502,32687.130222222226,Moderate
Cowpeas (brown),2018-09-01,29387.202142857142,-11.554400056746793,-1.9012338025415243,31926.242047619045,Low
Cowpeas (brown),2018-10-01,27213.53846153846,-7.396633646007067,-9.770815586376457,29942.347534798537,Low
Cowpeas (brown),2018-11-01,22592.5,-16.980660078693866,-24.240997730086665,26397.746868131868,Low
Cowpeas (brown),2018-12-01,21256.389333333336,-5.913956696543821,-19.545573542070937,23687.475931623932,Low
Cowpeas (brown),2019-01-01,10423.4575,-50.963179416109064,-58.84029630867131,18090.78227777778,Low
Cowpeas (brown),2019-02-01,10718.18142857143,2.8275064063093325,3223.561577793094,14132.676087301588,Critical
Cowpeas (brown),2019-03-01,10130.819642857143,-5.480050786867241,-66.27868056599206,10424.152857142857,Low
Cowpeas (brown),2019-04-01,9279.618846153846,-8.402092098278013,-70.95003943241404,10042.873305860807,Low
Cowpeas (brown),2019-05-01,7483.863333333334,-19.351608536861452,-77.61787452513448,8964.767274114774,Low
Cowpeas (brown),2019-06-01,6454.685,-13.751965896401986,-79.61884377999698,7739.38905982906,Low
Cowpeas (brown),2019-07-01,12953.333333333334,100.68110734037887,-60.943022382502576,8963.960555555555,Low
Cowpeas (brown),2019-08-01,6991.7757142857145,-46.02334754797441,-78.95710538510812,8799.93134920635,Low
Cowpeas (brown),2019-09-01,7408.615,5.961851505942795,-74.78965515674061,9117.908015873016,Low
Cowpeas (brown),2019-10-01,7967.953571428572,7.549839901635758,-70.72062649004697,7456.114761904762,Low
Cowpeas (brown),2019-11-01,15497.440714285713,94.49712621138153,-31.404489479757824,10291.336428571429,Low
Cowpeas (brown),2019-12-01,12621.785714285714,-18.555676727636637,-40.621215031600954,12029.06,Low
Cowpeas (brown),2020-01-01,6243.2189285714285,-50.53616762400611,-40.10414559112052,11454.14845238095,Low
Cowpeas (brown),2020-02-01,6049.331071428571,-3.105575174619468,-43.56009821495572,8304.778571428571,Low
Cowpeas (brown),2020-03-01,7091.604074074074,17.229557951758224,-29.999700675017984,6461.384691358025,Low
Cowpeas (brown),2020-04-01,7524.902142857142,6.110014945238507,-18.909361821730286,6888.612429453263,Low
Cowpeas (brown),2020-05-01,7824.920714285714,3.9870096080034445,4.557236894389849,7480.475643738977,Low
Cowpeas (brown),2020-06-01,8539.784285714286,9.135729262067382,32.303656734825715,7963.202380952382,Critical
Cowpeas (brown),2020-07-01,10870.030714285715,27.286947194551093,-16.083139107418575,9078.245238095238,Low
Cowpeas (brown),2020-08-01,11326.486428571428,4.199212737143654,61.99727925237877,10245.43380952381,Critical
Cowpeas (brown),2020-09-01,11561.406071428572,2.0740734060701316,56.053541335709454,11252.641071428572,Critical
Cowpeas (brown),2020-10-01,13137.570357142857,13.63298093654388,64.88010678490217,12008.48761904762,Critical
Cowpeas (brown),2020-11-01,14581.4225,10.99025241050089,-5.910770889036643,13093.466309523812,Low
Cowpeas (brown),2020-12-01,13111.460000000001,-10.081063764526398,3.8795959367307287,13610.150952380953,Low
Cowpeas (brown),2021-01-01,15689.009285714286,19.65875109037656,151.2967984178034,14460.630595238095,Critical
Cowpeas (brown),2021-02-01,16944.77357142857,8.004101870586089,180.10987283304704,15248.414285714287,Critical
Cowpeas (brown),2021-03-01,20806.84357142857,22.79210155107667,193.40108886641767,17813.542142857143,Critical
Cowpeas (brown),2021-04-01,21118.117333333335,1.4960162546336475,180.64308255994095,19623.24482539683,Critical
Cowpeas (brown),2021-05-01,22364.08133333333,5.89997668984128,185.8058522242139,21429.680746031747,Critical
Cowpeas (brown),2021-06-01,25415.852333333332,13.645858975889968,197.61702969301052,22966.017000000003,Critical
Cowpeas (brown),2021-07-01,27803.082,9.392679951699968,155.77740055012325,25194.338555555558,Critical
Cowpeas (brown),2021-08-01,28399.207,2.1440968307038677,150.73271556095347,27206.04711111111,Critical
Cowpeas (brown),2021-09-01,29159.514666666666,2.6772144259755937,152.21425911791027,28453.93455555556,Critical
Cowpeas (brown),2021-10-01,29291.884000000002,0.4539490277753133,122.96271840001296,28950.20188888889,Critical
Cowpeas (brown),2021-11-01,25485.200666666668,-12.995693050448153,74.77856269967258,27978.866444444448,Critical
Cowpeas (brown),2021-12-01,22473.904,-11.8158640618643,71.40657104548234,25750.329555555556,Critical
Cowpeas (brown),2022-01-01,22762.306,1.2832750375724844,45.08440644959235,23573.803555555554,Critical
Cowpeas (brown),2022-02-01,22762.306,0.0,34.332311400021666,22666.172000000002,Critical
Cowpeas (brown),2022-03-01,22714.192,-0.211375771857214,9.16692828503094,22746.268,Moderate
Cowpeas (brown),2022-04-01,23154.108666666667,1.9367480325369613,9.640969889487616,22876.86888888889,Moderate
Cowpeas (brown),2022-05-01,22733.499,-1.816566004426634,1.6518347485888318,22867.266555555558,Low
Cowpeas (brown),2022-06-01,23120.23633333333,1.7011782186865831,-9.032221189722843,23002.614666666672,Low
Cowpeas (brown),2022-07-01,24096.300333333333,4.221686949595638,-13.332268942941884,23316.678555555554,Low
Cowpeas (brown),2022-08-01,24242.874333333333,0.6082842509944841,-14.635382835396305,23819.803666666663,Low
Cowpeas (brown),2022-09-01,24418.065,0.7226480831350246,-16.260386089645028,24252.41322222222,Low
Cowpeas (brown),2022-10-01,23312.773214285717,-4.526533063591575,-20.412175555912636,23991.237515873014,Low
Cowpeas (brown),2022-11-01,22579.405357142856,-3.1457769970218097,-11.401892994801655,23436.747857142862,Low
Cowpeas (brown),2022-12-01,20581.842666666667,-8.846834798704172,-8.418925938872624,22158.00707936508,Low
Cowpeas (brown),2023-01-01,20516.386,-0.318031129315155,-9.866838623468121,21225.87800793651,Low
Cowpeas (white),2014-05-01,119.72,,,,
Cowpeas (white),2014-07-01,14159.09090909091,11726.838380463507,,7139.405454545455,
Cowpeas (white),2014-08-01,14384.09090909091,1.5890850722311445,,9554.300606060606,
Cowpeas (white),2014-09-01,14613.818181818182,1.5970927476694596,,14385.666666666666,
Cowpeas (white),2014-10-01,14305.90909090909,-2.1069722305165794,,14434.606060606062,
Cowpeas (white),2014-11-01,12896.931818181818,-9.848918120293582,,13938.886363636362,
Cowpeas (white),2014-12-01,11804.418181818182,-8.471112755852783,,13002.419696969699,
Cowpeas (white),2015-01-01,10265.916666666666,-13.033268488583383,,11655.755555555557,
Cowpeas (white),2015-02-01,9815.0,-4.392366325462083,,10628.44494949495,
Cowpeas (white),2015-03-01,9814.133333333333,-0.008830022075057009,,9965.016666666666,
Cowpeas (white),2015-04-01,11702.0,19.23620357036111,,10443.71111111111,
Cowpeas (white),2015-05-01,12034.0,2.8371218595111936,,11183.377777777778,
Cowpeas (white),2015-06-01,12325.90909090909,2.425702932600049,10195.614008443945,12020.636363636362,Critical
Cowpeas (white),2015-07-01,12470.545454545454,1.1734336394144007,-11.925521669341899,12276.818181818182,Low
Cowpeas (white),2015-08-01,12151.333333333334,-2.559728621138768,-15.522410070047933,12315.929292929293,Low
Cowpeas (white),2015-09-01,12395.333333333334,2.0080100949141366,-15.180733884078169,12339.070707070709,Low
Cowpeas (white),2015-10-01,11377.333333333334,-8.212768246114132,-20.471091623507974,11974.666666666666,Low
Cowpeas (white),2015-11-01,10828.0,-4.8283136060002345,-16.042046646048657,11533.555555555555,Low
Cowpeas (white),2015-12-01,10884.533333333333,0.5221031892624017,-7.792716543215206,11029.955555555556,Low
Cowpeas (white),2016-01-01,11633.0,6.87642403900337,13.316719565552692,11115.177777777777,Moderate
Cowpeas (white),2016-02-01,12786.666666666666,9.917189604286648,30.276787230429612,11768.066666666666,Critical
Cowpeas (white),2016-03-01,13781.066666666668,7.776850886339948,40.420617884411605,12733.577777777777,Critical
Cowpeas (white),2016-04-01,14786.166666666666,7.293339654405062,26.3558935794451,13784.633333333331,High
Cowpeas (white),2016-05-01,17744.6,20.00811569372274,47.45388067143092,15437.277777777776,Critical
Cowpeas (white),2016-06-01,18900.8,6.515785083912862,53.34203636095438,17143.855555555554,Critical
Cowpeas (white),2016-07-01,19121.333333333332,1.1667936454188954,53.33197255107793,18588.91111111111,Critical
Cowpeas (white),2016-08-01,19961.066666666666,4.391604490621304,64.27058758983924,19327.733333333334,Critical
Cowpeas (white),2016-09-01,20994.0,5.174740160846447,69.37019308341847,20025.466666666664,Critical
Cowpeas (white),2016-10-01,20659.0,-1.5956940078117543,81.58033516934253,20538.022222222222,Critical
Cowpeas (white),2016-11-01,20240.0,-2.0281717411297695,86.92279275951238,20631.0,Critical
Cowpeas (white),2016-12-01,18922.6,-6.508893280632422,73.8485189994365,19940.533333333336,Critical
Cowpeas (white),2017-01-01,21388.333333333332,13.030626517145283,83.8591363649388,20183.644444444446,Critical
Cowpeas (white),2017-02-01,21761.071428571428,1.7427168794736714,70.18564725160137,20690.668253968255,Critical
Cowpeas (white),2017-03-01,25335.428571428572,16.42546487009897,83.84229018142213,22828.27777777778,Critical
Cowpeas (white),2017-04-01,26280.333333333332,3.7295787566441696,77.73594688729331,24458.94444444444,Critical
Cowpeas (white),2017-05-01,26503.9375,0.8508422013926875,49.36339787879132,26039.899801587304,Critical
Cowpeas (white),2017-06-01,27134.6875,2.3798350716756733,43.56369836197411,26639.652777777777,Critical
Cowpeas (white),2017-07-01,29173.125,7.512293996383779,52.568466285475225,27603.916666666668,Critical
Cowpeas (white),2017-08-01,29309.875,0.46875334747304986,46.83521421700911,28539.229166666668,Critical
Cowpeas (white),2017-09-01,27003.785714285714,-7.867960152386477,28.626206126920618,28495.595238095237,High
Cowpeas (white),2017-10-01,24949.615384615383,-7.606971672063079,20.768746718695887,27087.7586996337,High
Cowpeas (white),2017-11-01,23081.846153846152,-7.48616442368466,14.04074186682882,25011.749084249084,Moderate
Cowpeas (white),2017-12-01,22913.46153846154,-0.7295110376452918,21.090450247120064,23648.30769230769,High
Cowpeas (white),2018-01-01,278.63076923076926,-98.78398657154847,-98.69727685234582,15424.646153846154,Low
Cowpeas (white),2018-02-01,27425.72857142857,9743.036591810816,26.031149989332203,16872.60695970696,High
Cowpeas (white),2018-03-01,29053.214285714286,5.9341567172847665,14.674256264519482,18919.19120879121,Moderate
Cowpeas (white),2018-04-01,29802.5,2.5790114199313985,13.402290686318041,28760.480952380953,Moderate
Cowpeas (white),2018-05-01,29581.333333333332,-0.7421077650085373,11.611089232810535,29479.015873015873,Moderate
Cowpeas (white),2018-07-01,29478.222,-0.34856891733524575,8.636673998917432,29620.685111111106,Moderate
Cowpeas (white),2018-08-01,28660.533333333333,-2.773873765747026,-1.7570680777827752,29240.029555555553,Low
Cowpeas (white),2018-09-01,26256.166666666668,-8.389120462982769,-10.418701319378986,28131.64066666667,Low
Cowpeas (white),2018-10-01,21496.35,-18.12837619099006,-20.395050429437145,25471.016666666666,Low
Cowpeas (white),2018-11-01,18544.501333333334,-13.731859904898581,-25.67219555308904,22099.005999999998,Low
Cowpeas (white),2018-12-01,17764.526,-4.205965527535338,-23.03680614802175,19268.45911111111,Low
Cowpeas (white),2019-01-01,9415.41,-46.99881100120544,-58.908827528325645,15241.479111111112,Low
Cowpeas (white),2019-02-01,9919.175666666668,5.350437916847683,3459.9713893950275,12366.370555555557,Critical
Cowpeas (white),2019-03-01,9900.163333333334,-0.19167251364672344,-63.901913097590146,9744.916333333334,Low
Cowpeas (white),2019-04-01,9252.24,-6.5445721602573,-68.15416046908997,9690.526333333333,Low
Cowpeas (white),2019-05-01,7779.754285714285,-15.914910489629698,-73.89563195800928,8977.385873015874,Low
Cowpeas (white),2019-06-01,6407.307857142857,-17.64125675654832,-78.34003023142006,7813.100714285713,Low
Cowpeas (white),2019-07-01,13787.144285714285,115.17842740058755,-53.22938986715589,9324.735476190475,Low
Cowpeas (white),2019-08-01,6789.96,-50.751512718732485,-76.30902425635252,8994.804047619045,Low
Cowpeas (white),2019-09-01,7223.963103448275,6.391835937888812,-72.48660402274409,9267.022463054187,Low
Cowpeas (white),2019-10-01,7925.243333333333,9.707693960262741,-63.13214413919883,7313.055478927203,Low
Cowpeas (white),2019-11-01,15028.5,89.6282469560346,-18.95980522815892,10059.235478927203,Low
Cowpeas (white),2019-12-01,12791.333333333334,-14.886160739040266,-27.995076630058502,11915.025555555556,Low
Cowpeas (white),2020-01-01,6392.558666666667,-50.02429770156878,-32.105360609185716,11404.130666666666,Low
Cowpeas (white),2020-02-01,5976.855666666667,-6.5029203747106745,-39.74443171974607,8386.91588888889,Low
Cowpeas (white),2020-03-01,6679.575172413793,11.75734441215035,-32.530656843569325,6349.663168582375,Low
Cowpeas (white),2020-04-01,7180.668333333333,7.501871720660058,-22.389947371303244,6612.366390804597,Low
Cowpeas (white),2020-05-01,7441.141428571428,3.627421336659631,-4.35248781268891,7100.461644772851,Low
Cowpeas (white),2020-06-01,8051.759000000001,8.20596648094889,25.665243180471077,7557.856253968254,High
Cowpeas (white),2020-07-01,10366.283666666666,28.745578036633557,-24.81195922923781,8619.728031746032,Low
Cowpeas (white),2020-08-01,10602.605666666666,2.279717665453296,56.15122425856214,9673.549444444445,Critical
Cowpeas (white),2020-09-01,10889.354666666668,2.704514428009963,50.73934502058517,10619.414666666666,Critical
Cowpeas (white),2020-10-01,12617.444666666668,15.86953545823835,59.205769917474704,11369.801666666666,Critical
Cowpeas (white),2020-11-01,13443.109333333334,6.543834258674774,-10.549227578711552,12316.636222222223,Low
Cowpeas (white),2020-12-01,11729.230666666666,-12.749123912999494,-8.303299108771567,12596.59488888889,Low
Cowpeas (white),2021-01-01,14117.977333333334,20.36575743586708,120.85018017824476,13096.772444444445,Critical
Cowpeas (white),2021-02-01,15544.005333333333,10.100795364170656,160.06994647743147,13797.07111111111,Critical
Cowpeas (white),2021-03-01,19080.1475,22.749234131331562,185.6491170097128,16247.376722222223,Critical
Cowpeas (white),2021-04-01,19689.8278125,3.1953647763991455,174.20606130905645,18104.660215277778,Critical
Cowpeas (white),2021-05-01,20427.5278125,3.7466046276528386,174.52142938804133,19732.501041666666,Critical
Cowpeas (white),2021-06-01,24070.854375,17.835376830428686,198.95150084596418,21396.069999999996,Critical
Cowpeas (white),2021-07-01,26576.430625,10.40917040569318,156.37375437118243,23691.604270833337,Critical
Cowpeas (white),2021-08-01,26485.47625,-0.3422369854078178,149.80157786370563,25710.920416666664,Critical
Cowpeas (white),2021-09-01,26838.3728125,1.3324153931345784,146.46430972309835,26633.4265625,Critical
Cowpeas (white),2021-10-01,26773.28,-0.2425363599900754,112.19256915570908,26699.04302083333,Critical
Cowpeas (white),2021-11-01,23134.662187500002,-13.590482049640528,72.0930895811108,25582.105,Critical
Cowpeas (white),2021-12-01,20590.7634375,-10.996048826572046,75.55084406360044,23499.568541666667,Critical
Cowpeas (white),2022-01-01,21891.6175,6.3176582376293755,55.06199636907383,21872.34770833333,Critical
Cowpeas (white),2022-02-01,21891.6175,0.0,40.83639982453258,21457.99947916667,Critical
Cowpeas (white),2022-03-01,21918.060625000002,0.12079109732299198,14.873643534464298,21900.431875,Moderate
Cowpeas (white),2022-04-01,22408.2721875,2.2365644975945287,13.806338993346646,22072.650104166667,Moderate
Cowpeas (white),2022-05-01,22068.2146875,-1.517553415785855,8.031744663669137,22131.515833333335,Moderate
Cowpeas (white),2022-06-01,22688.706875,2.811700884219981,-5.741996019200291,22388.39791666667,Low
Cowpeas (white),2022-07-01,23272.750625,2.5741605866641093,-12.43086419924384,22676.557395833337,Low
Cowpeas (white),2022-08-01,23014.966875,-1.107663439331863,-13.103443344727472,22992.141458333335,Low
Cowpeas (white),2022-09-01,22939.35125,-0.32854978853841255,-14.527786724402414,23075.68958333333,Low
Cowpeas (white),2022-10-01,21893.25,-4.560291346513123,-18.227239994501975,22615.856041666662,Low
Cowpeas (white),2022-11-01,21541.5084375,-1.6066210475831566,-6.8864361929641955,22124.703229166666,Low
Cowpeas (white),2022-12-01,19219.6809375,-10.77838864783538,-6.658725909613327,20884.813125,Low
Cowpeas (white),2023-01-01,19040.85875,-0.9304118423271945,-13.022147632535608,19934.016041666666,Low
Eggs,2016-01-01,6200.0,,,,
Eggs,2016-07-01,957.1428571428571,-84.56221198156682,,3578.5714285714284,
Eggs,2016-08-01,833.75,-12.891791044776113,,2663.6309523809523,
Eggs,2016-09-01,811.9,-2.6206896551724146,,867.597619047619,
Eggs,2016-10-01,903.1333333333333,11.237016052880078,,849.5944444444444,
Eggs,2016-11-01,1000.0,10.725621908909734,,905.0111111111111,
Eggs,2016-12-01,1053.7941176470588,5.379411764705888,,985.6424836601306,
Eggs,2017-01-01,995.0,-5.5792793547126625,,1016.2647058823528,
Eggs,2017-02-01,1012.0,1.70854271356784,,1020.2647058823528,
Eggs,2017-03-01,1069.4444444444443,5.67632850241544,,1025.4814814814815,
Eggs,2017-04-01,1027.9411764705883,-3.8808250572956338,,1036.4618736383443,
Eggs,2017-05-01,950.0,-7.582260371959948,,1015.7952069716775,
Eggs,2017-06-01,700.6235294117647,-26.250154798761606,-88.69962049335864,892.8549019607843,Low
Eggs,2017-07-01,1002.7777777777778,43.12647744212905,4.767827529021562,884.4671023965142,Low
Eggs,2017-08-01,1008.8235294117648,0.602900439954368,20.99832436722815,904.0749455337691,High
Eggs,2017-09-01,1001.2055555555556,-0.7551344347262678,23.31636353683406,1004.2689542483662,High
Eggs,2017-10-01,1026.9736842105262,2.573710114969563,13.712299868294785,1012.3342563926157,Moderate
Eggs,2017-11-01,1060.657894736842,3.2799487508007763,6.065789473684213,1029.6123781676413,Moderate
Eggs,2017-12-01,1068.421052631579,0.7319191167348915,1.3880258714273008,1052.017543859649,Low
Eggs,2018-01-01,1084.4736842105262,1.5024630541871753,8.992330071409672,1071.1842105263158,Moderate
Eggs,2018-02-01,1061.842105263158,-2.0868721184178485,4.925109215727064,1071.578947368421,Low
Eggs,2018-03-01,1004.7368421052631,-5.377942998760843,-6.050580997949417,1050.3508771929824,Low
Eggs,2018-04-01,1036.842105263158,3.1953902566788983,0.8658986522099177,1034.4736842105262,Low
Eggs,2018-05-01,1010.5263157894736,-2.5380710659898553,6.371191135734078,1017.3684210526316,Moderate
Eggs,2018-06-01,1080.5263157894738,6.927083333333339,54.22352667725432,1042.6315789473683,Critical
Eggs,2018-07-01,1065.4736842105262,-1.3930832927423364,6.252223356174347,1052.1754385964912,Moderate
Eggs,2018-08-01,1029.3105263157895,-3.3940920766646787,2.0307810342181876,1058.4368421052632,Low
Eggs,2018-09-01,1041.4894736842105,1.18321410857547,4.023541210406267,1045.4245614035087,Low
Eggs,2018-10-01,998.6842105263158,-4.110004396537336,-2.754644458680322,1023.1614035087719,Low
Eggs,2018-11-01,1002.2105263157895,0.3530961791831322,-5.510482570400688,1014.1280701754386,Low
Eggs,2018-12-01,1047.6315789473683,4.532086965654858,-1.945812807881786,1016.1754385964911,Low
Eggs,2019-01-01,1067.221052631579,1.8698819392112487,-1.5908760009706313,1039.0210526315789,Low
Eggs,2019-02-01,1081.4631578947367,1.3345037776418822,1.8478314745972613,1065.4385964912278,Low
Eggs,2019-03-01,1039.4736842105262,-3.8826541040890006,3.457307490832884,1062.7192982456138,Low
Eggs,2019-04-01,1013.8888888888889,-2.4613220815752346,-2.213761985335594,1044.941910331384,Low
Eggs,2019-05-01,1043.421052631579,2.912761355443405,3.255208333333348,1032.2612085769981,Low
Eggs,2019-06-01,1044.078947368421,0.06305170239595537,-3.373112518265964,1033.7962962962963,Low
Eggs,2019-07-01,1030.8,-1.2718336483931947,-3.2542975696502663,1039.4333333333332,Low
Eggs,2019-08-01,1023.6842105263158,-0.6903171782774664,-0.5466101478250662,1032.8543859649124,Low
Eggs,2019-09-01,983.3277777777779,-3.9422736361039656,-5.584472755225156,1012.6039961013645,Low
Eggs,2019-10-01,1016.1789473684212,3.3408157821884776,1.7517786561264792,1007.7303118908382,Low
Eggs,2019-11-01,1025.7894736842106,0.9457513699410613,2.3526940447432088,1008.4320662768032,Low
Eggs,2019-12-01,1028.657894736842,0.27963057978448447,-1.8111027380055211,1023.5421052631579,Low
Eggs,2020-01-01,1036.5736842105264,0.7695259535930976,-2.871698262087463,1030.3403508771928,Low
Eggs,2020-02-01,1036.4052631578948,-0.01624786112141008,-4.166382775771604,1033.878947368421,Low
Eggs,2020-03-01,1002.0875,-3.311230112179242,-3.5966455696202493,1025.022149122807,Low
Eggs,2020-04-01,1022.6,2.046976935646838,0.8591780821917805,1020.364254385965,Low
Eggs,2020-05-01,1032.5263157894738,0.9706938968779388,-1.0441361916771696,1019.0712719298245,Low
Eggs,2020-06-01,1026.3157894736842,-0.6014884289937905,-1.7013232514177745,1027.1473684210525,Low
Eggs,2020-07-01,1028.8666666666666,0.2485470085469954,-0.18755659035054606,1029.2362573099415,Low
Eggs,2020-08-01,1045.7368421052631,1.6396852950103513,2.1542416452442037,1033.6397660818714,Low
Eggs,2020-09-01,1046.4552631578947,0.06869998490111051,6.419780545890674,1040.3529239766083,Moderate
Eggs,2020-10-01,1016.2105263157895,-2.8902082971837273,0.003107616768693866,1036.1342105263157,Low
Eggs,2020-11-01,1168.157894736842,14.952351356950476,13.878912262698794,1076.9412280701754,Moderate
Eggs,2020-12-01,1180.9473684210527,1.094841180446049,14.804676507457359,1121.7719298245613,Moderate
Eggs,2021-01-01,1201.0526315789473,1.7024690257598563,15.867559622034122,1183.3859649122808,High
Eggs,2021-02-01,1198.1052631578948,-0.24539877300612245,15.602004905620138,1193.3684210526317,High
Eggs,2021-03-01,1350.0,12.677912493410638,34.71877455810994,1249.7192982456143,Critical
Eggs,2021-04-01,1324.125,-1.9166666666666665,29.486113827498528,1290.7434210526317,High
Eggs,2021-05-01,915.8947368421053,-30.83019074165163,-11.295748802120498,1196.673245614035,Low
Eggs,2021-06-01,1444.235294117647,57.68572915892021,40.72036199095024,1228.0850103199175,Critical
Eggs,2021-07-01,1486.0294117647059,2.8938579341805104,44.43362389989367,1282.0531475748196,Critical
Eggs,2021-08-01,1484.5882352941176,-0.09698169223156805,41.96575806828846,1471.6176470588234,Critical
Eggs,2021-09-01,1482.764705882353,-0.12283065219113043,41.69403681986408,1484.4607843137255,Critical
Eggs,2021-10-01,1533.6470588235295,3.4315864640774407,50.91824175288513,1500.3333333333333,Critical
Eggs,2021-11-01,1647.9411764705883,7.452439398588528,41.07178352305103,1554.7843137254902,Critical
Eggs,2021-12-01,1733.8235294117646,5.211493842584325,46.81632524656174,1638.470588235294,Critical
Eggs,2022-01-01,1724.8235294117646,-0.5190839694656502,43.609321029025104,1702.1960784313724,Critical
Eggs,2022-02-01,1769.4117647058824,2.5850896937453127,47.684165917289434,1742.686274509804,Critical
Eggs,2022-03-01,1818.5294117647059,2.7759308510638236,34.70588235294117,1770.921568627451,Critical
Eggs,2022-04-01,1484.1176470588234,-18.38913148956818,12.08289603011976,1690.686274509804,Moderate
Eggs,2022-05-01,1839.8823529411766,23.971462544589794,100.88360364258335,1714.1764705882354,Critical
Eggs,2023-02-01,2378.25,29.26098215998465,64.67192082111437,1900.75,Critical
Eggs,2023-03-01,2166.125,-8.91937348890991,45.765957446808514,2128.0857843137255,Critical
Eggs,2023-04-01,2102.0,-2.9603554734837556,41.58808146445836,2215.4583333333335,Critical
Eggs,2023-05-01,2429.9375,15.601213130352054,63.87883326060222,2232.6875,Critical
Eggs,2023-06-01,2570.1666666666665,5.770896027847083,67.58527666973507,2367.368055555555,Critical
Eggs,2023-07-01,2665.0053846153846,3.6899831897562407,61.71726410302172,2555.036517094017,Critical
Eggs,2023-08-01,2661.5124,-0.13106857627939172,53.50538015267177,2632.2281504273506,Critical
Eggs,2023-09-01,2735.937142857143,2.7963327488965684,58.62127900065286,2687.484975824176,Critical
Eggs,2023-10-01,2915.4387096774194,6.560880511780431,64.76881005490733,2770.962750844854,Critical
Eggs,2023-11-01,3170.2561904761906,8.740279120015026,74.33076253629385,2940.544014336918,Critical
Eggs,2023-12-01,3339.42,5.335966538981829,125.01046373365044,3141.7049667178703,Critical
Eggs,2024-01-01,3393.6434999999997,1.623740050667477,84.44894014962591,3301.1065634920633,Critical
Eggs,2024-02-01,3614.756,6.515489915189976,51.99226321875328,3449.2731666666664,Critical
Eggs,2024-03-01,3622.665789473684,0.21881945762547428,67.2417699566592,3543.688429824561,Critical
Eggs,2024-04-01,3873.085454545455,6.9125798410499595,84.25715768532136,3703.502414673046,Critical
Eggs,2024-05-01,4044.318333333333,4.421097360165893,66.43713401407784,3846.6898591174904,Critical
Eggs,2024-06-01,4378.851578947368,8.271684324569772,70.37228113406529,4098.751788942052,Critical
Eggs,2024-07-01,4349.032,-0.6809908582134594,63.19036445878159,4257.4006374269,Critical
Eggs,2024-08-01,4658.664,7.119561318472689,75.03822262860768,4462.182526315789,Critical
Eggs,2024-09-01,5540.281379310345,18.924253376297262,102.50031671139274,4849.325793103449,Critical
Eggs,2024-10-01,6009.972121212121,8.47774164784827,106.14297605580938,5402.972500174155,Critical
Eggs,2024-11-01,6150.180833333333,2.332934484443716,93.99633543210717,5900.144777951933,Critical
Eggs,2024-12-01,6451.178387096774,4.894125261034055,93.18260018496547,6203.777113880743,Critical
Eggs,2025-01-01,6760.22696969697,4.790575675574793,99.20262601822998,6453.862063375692,Critical
Eggs,2025-02-01,6528.6323999999995,-3.4258401490823265,80.61059722979917,6580.012585597914,Critical
Eggs,2025-03-01,6376.9447058823525,-2.3234221935614974,76.02906468523062,6555.268025193108,Critical
Eggs,2025-04-01,6524.798000000001,2.318560077544074,68.46511848434676,6476.791701960785,Critical
Eggs,2025-05-01,6532.015,0.11060878819542097,61.51090150750582,6477.919235294118,Critical
Eggs,2025-06-01,6401.98037037037,-1.9907276641224825,46.20226913261449,6486.264456790123,Critical
Eggs,2025-07-01,6462.887368421053,0.951377457084579,48.60519233753748,6465.627579597141,Critical
Eggs,2025-08-01,6339.109583333334,-1.9152087609095925,36.07140552169752,6401.325774041587,Critical
Eggs,2025-09-01,6090.59875,-3.920279813220351,9.933022043695527,6297.531900584796,Moderate
Eggs,2025-10-01,6086.403783783784,-0.06887608900875142,1.2717473730351925,6172.037372372372,Low
Eggs,2025-11-01,6072.146315789473,-0.23425110296325657,-1.2688166357795683,6083.0496165244185,Low
Eggs,2025-12-01,6167.888787878787,1.5767484363865547,-4.391284540892615,6108.812962484015,Low
Eggs,2026-01-01,6257.501875,1.452897258739827,-7.436512072012647,6165.8456595560865,Low
Eggs,2026-02-01,6342.798928571428,1.363116708158052,-2.846437968058535,6256.0631971500725,Low
Eggs,2026-03-01,6535.794074074074,3.0427441840114255,2.4909949124255704,6378.698292548502,Low
Eggs,2026-04-01,7500.0,14.752697453408125,14.946087219864879,6792.864334215167,Moderate
Fish,2016-01-01,1250.0,,,,
Fish,2016-06-01,116.57142857142857,-90.67428571428572,,683.2857142857143,
Fish,2016-07-01,80.75,-30.729166666666664,,482.4404761904762,
Fish,2016-08-01,139.0,72.1362229102167,,112.10714285714285,
Fish,2016-09-01,189.14285714285714,36.07399794450154,,136.29761904761904,
Fish,2016-10-01,151.83333333333334,-19.72557905337361,,159.9920634920635,
Fish,2016-11-01,140.42857142857142,-7.511368982280087,,160.46825396825398,
Fish,2016-12-01,159.875,13.847914547304185,,150.7123015873016,
Fish,2017-01-01,97.57142857142857,-38.97017759410254,,132.625,
Fish,2017-02-01,164.375,68.46632503660321,,140.60714285714286,
Fish,2017-03-01,189.1764705882353,15.088347125922619,,150.37429971988794,
Fish,2017-04-01,163.76470588235293,-13.432835820895539,,172.4387254901961,
Fish,2017-05-01,203.52941176470588,24.28160919540232,-83.71764705882353,185.49019607843138,Low
Fish,2017-06-01,116.58823529411765,-42.716763005780344,0.014417531718580179,161.2941176470588,Low
Fish,2017-07-01,192.1764705882353,64.83350151362262,137.9894372609725,170.76470588235293,Critical
Fish,2017-08-01,310.11764705882354,61.371288644015905,123.10622090562843,206.29411764705887,Critical
Fish,2017-09-01,191.3684210526316,-38.291669994409396,1.1766576562251663,231.22084623323016,Low
Fish,2017-10-01,260.57894736842104,36.16611661166116,71.6216996938009,254.02167182662538,Critical
Fish,2017-11-01,278.4736842105263,6.86729953544738,98.30272527707878,243.47368421052633,Critical
Fish,2017-12-01,259.05263157894734,-6.974106974106975,62.03448417760584,266.03508771929825,Critical
Fish,2018-01-01,290.0,11.946363266964655,197.2181551976574,275.8421052631579,Critical
Fish,2018-02-01,238.05263157894737,-17.912885662431943,44.82289373624175,262.3684210526316,Critical
Fish,2018-03-01,158.05263157894737,-33.60601370771612,-16.452278083267878,228.70175438596493,Low
Fish,2018-04-01,181.1578947368421,14.618714618714623,10.62084089534181,192.42105263157896,Moderate
Fish,2018-05-01,400.42105263157896,121.03428239395701,96.73866747794342,246.54385964912282,Critical
Fish,2018-06-01,270.2105263157895,-32.51840168243953,131.76483084603538,283.9298245614035,Critical
Fish,2018-07-01,382.1578947368421,41.429684456564075,98.85779646545194,350.92982456140345,Critical
Fish,2018-08-01,392.7368421052632,2.7682137446632726,26.64124271224344,348.3684210526316,High
Fish,2018-09-01,402.6842105263158,2.5328330206378924,110.42354235423542,392.5263157894737,Critical
Fish,2018-10-01,379.6111111111111,-5.729824714271192,45.67988509616463,391.67738791423,Critical
Fish,2018-11-01,378.05263157894734,-0.41054634244032107,35.75883575883576,386.78265107212474,Critical
Fish,2018-12-01,277.10526315789474,-26.70193512459974,6.968711905729386,344.9230019493177,Moderate
Fish,2019-01-01,343.2105263157895,23.855650522317195,18.34845735027224,332.7894736842105,High
Fish,2019-02-01,323.0,-5.888667382303325,35.684280344903826,314.43859649122805,Critical
Fish,2019-03-01,329.6842105263158,2.0694150236271858,108.5914085914086,331.96491228070175,Critical
Fish,2019-04-01,347.27777777777777,5.3364907052646515,91.69894764026083,333.3206627680312,Critical
Fish,2019-05-01,327.7368421052632,-5.626889171416771,-18.151945320715036,334.8996101364523,Low
Fish,2019-06-01,346.42105263157896,5.700979604946199,28.204129333852745,340.4785575048733,High
Fish,2019-07-01,363.4736842105263,4.922515952597983,-4.889133728136619,345.8771929824561,Low
Fish,2019-08-01,337.6842105263158,-7.095279467130034,-14.017689627445728,349.1929824561403,Low
Fish,2019-09-01,344.94444444444446,2.1500069271266353,-14.33872115482362,348.70077972709555,Low
Fish,2019-10-01,328.57894736842104,-4.744386332234196,-13.443274511465253,337.06920077972705,Low
Fish,2019-11-01,361.63157894736844,10.059266378343757,-4.343589029653339,345.05165692007796,Low
Fish,2019-12-01,330.1578947368421,-8.703245524668912,19.145299145299145,340.1228070175439,High
Fish,2020-01-01,329.89473684210526,-0.0797066794197332,-3.879773040944645,340.56140350877195,Low
Fish,2020-02-01,319.3157894736842,-3.2067645181876214,-1.1406224539677323,326.45614035087715,Low
Fish,2020-03-01,516.625,61.791247733641,56.7029853128991,388.6118421052631,Critical
Fish,2020-04-01,522.375,1.1129929833050944,50.41993281075028,452.77192982456137,Critical
Fish,2020-05-01,307.0,-41.22995932041158,-6.327284406616352,448.6666666666667,Low
Fish,2020-06-01,315.36842105263156,2.725870049717116,-8.963840777879073,381.5811403508772,Low
Fish,2020-07-01,349.2,10.727636849132182,-3.927019982623803,323.8561403508772,Low
Fish,2020-08-01,300.10526315789474,-14.059202990293596,-11.128428927680801,321.5578947368421,Low
Fish,2020-09-01,301.10526315789474,0.3332164152928696,-12.709055615363097,316.8035087719298,Low
Fish,2020-10-01,328.63157894736844,9.141758433840241,0.016017940092916128,309.94736842105266,Low
Fish,2020-11-01,298.0,-9.320948110185778,-17.59569203900452,309.2456140350877,Low
Fish,2020-12-01,307.8421052631579,3.302719886965755,-6.759126414793548,311.4912280701754,Low
Fish,2021-01-01,329.2105263157895,6.941357497008038,-0.20740268028078823,311.68421052631584,Low
Fish,2021-02-01,309.05263157894734,-6.1231015187849795,-3.214109114883812,315.3684210526316,Low
Fish,2021-03-01,323.57894736842104,4.700272479564038,-37.366765571077465,320.6140350877193,Low
Fish,2021-04-01,457.25,41.31018217306441,-12.467097391720506,363.2938596491228,Low
Fish,2021-05-01,315.1578947368421,-31.075364737705392,2.6572947025544247,365.32894736842104,Low
Fish,2021-06-01,320.52941176470586,1.7043891704978664,1.6364957197832375,364.31243550051596,Low
Fish,2021-07-01,310.0,-3.2850064231969123,-11.225658648339055,315.22910216718265,Low
Fish,2021-08-01,328.05882352941177,5.825426944971546,9.31458518167001,319.52941176470586,Moderate
Fish,2021-09-01,353.94117647058823,7.8895463510848085,17.547323071861154,330.6666666666667,High
Fish,2021-10-01,324.7647058823529,-8.243310619910261,-1.176659004408953,335.5882352941176,Low
Fish,2021-11-01,298.94117647058823,-7.951458069190364,0.31583103039873883,325.8823529411765,Low
Fish,2021-12-01,323.4117647058824,8.185753640299097,5.057677028753038,315.70588235294116,Moderate
Fish,2022-01-01,347.5882352941176,7.475445616587839,5.582357643297109,323.3137254901961,Moderate
Fish,2022-02-01,332.7647058823529,-4.264680995092229,7.67250360634717,334.5882352941176,Moderate
Fish,2022-03-01,366.70588235294116,10.199752519003003,13.328102874201075,349.01960784313724,Moderate
Fish,2022-04-01,240.58823529411765,-34.39204363169714,-47.383655485157426,313.3529411764706,Low
Fish,2022-05-01,326.6470588235294,35.77017114914425,3.6455263468112786,311.3137254901961,Low
Fish,2023-02-01,346.5,6.077795786061602,8.10240411084604,304.578431372549,Moderate
Fish,2023-03-01,347.875,0.3968253968253954,12.217741935483861,340.3406862745098,Moderate
Fish,2023-04-01,355.75,2.2637441609773656,8.440918056302671,350.0416666666667,Moderate
Fish,2023-05-01,349.8125,-1.6690091356289516,-1.166486621239815,351.1458333333333,Low
Fish,2023-06-01,475.639,35.969698052528145,46.456493388878826,393.7338333333334,Critical
Fish,2023-07-01,544.2234615384615,14.419436071991875,82.05035116398751,456.5583205128205,Critical
Fish,2023-08-01,510.26559999999995,-6.239690850972557,57.77583121134955,510.04268717948713,Critical
Fish,2023-09-01,528.3214814814814,3.5385261090462583,51.996364616435685,527.603514339981,Critical
Fish,2023-10-01,523.856551724138,-0.8451160730438723,57.42551492505472,520.8145444018731,Critical
Fish,2023-11-01,593.6780952380952,13.328370769470732,61.89489283040777,548.6187094812382,Critical
Fish,2023-12-01,615.8742857142857,3.738758538377396,155.98686692280825,577.8029775588396,Critical
Fish,2024-01-01,951.3672,54.47425263040695,191.252339276067,720.3065269841269,Critical
Fish,2024-02-01,827.7555,-12.993058831542648,138.89047619047616,798.3323285714287,Critical
Fish,2024-03-01,703.1315789473684,-15.055643973689282,102.12190555439982,827.4180929824562,Critical
Fish,2024-04-01,820.5709090909091,16.702326230227737,130.65942630805597,783.8193293460926,Critical
Fish,2024-05-01,990.9594736842105,20.764636267945534,183.28303696529153,838.220653907496,Critical
Fish,2024-06-01,1108.4315000000001,11.854372397192957,133.040499202126,973.3206275917067,Critical
Fish,2024-07-01,1633.42,47.36318843338536,200.13774036541835,1244.2703245614036,Critical
Fish,2024-08-01,1712.227,4.824662364854104,235.55603199588612,1484.6928333333335,Critical
Fish,2024-09-01,1403.7059375,-18.01870093743413,165.6916265384152,1583.1176458333332,Critical
Fish,2024-10-01,1137.4309677419355,-18.969426761298735,117.12641829110977,1417.7879684139782,Critical
Fish,2024-11-01,916.5584615384615,-19.418541649341336,54.38643751389796,1152.5651222601323,Critical
Fish,2024-12-01,1156.553548387097,26.184373056334987,87.79052401022653,1070.1809925558314,Critical
Fish,2025-01-01,1229.3960606060607,6.298239482343759,29.224137704774833,1100.83602351054,High
Fish,2025-02-01,1166.0908,-5.149297499363459,40.87382083235931,1184.013469664386,Critical
Fish,2025-03-01,1101.7526666666668,-5.517420541636486,56.69224646630988,1165.746509090909,Critical
Fish,2025-04-01,1112.4861904761904,0.9742226303838031,35.57465639486137,1126.7765523809524,Critical
Fish,2025-05-01,867.8643333333333,-21.98875448855223,-12.421813769359446,1027.3677301587302,Low
Fish,2025-06-01,1053.944814814815,21.44119470456576,-4.91565650968826,1011.4317795414463,Low
Fish,2025-07-01,1060.2610526315789,0.5992949277779491,-35.08950223264201,994.0234002599091,Low
Fish,2025-08-01,1300.6200000000001,22.66978936667039,-24.039277502340518,1138.275289148798,Low
Fish,2025-09-01,1428.2678787878788,9.814386891473204,1.749792505090042,1263.0496438064858,Low
Fish,2025-10-01,1512.6445945945945,5.907625387355431,32.98781530430326,1413.8441577941578,Critical
Fish,2025-11-01,1520.5334210526314,0.5215254453179163,65.89595588920601,1487.148631478368,Critical
Fish,2025-12-01,1536.240303030303,1.0329849880444053,32.829154791207756,1523.1394395591763,Critical
Fish,2026-01-01,1576.1828125,2.6000170279941504,28.207895161383732,1544.318845527645,High
Fish,2026-02-01,1695.4375,7.56604415136648,45.394981248458535,1602.6202051767677,Critical
Fish,2026-03-01,1861.7966666666669,9.812167459234967,68.98499300205914,1711.1389930555554,Critical
Fish,2026-04-01,3000.0,61.13467457062083,169.6662687305696,2185.744722222222,Critical
Fuel (diesel),2014-05-01,155.0,,,,
Fuel (diesel),2014-07-01,160.41666666666666,3.4946236559139754,,157.70833333333331,
Fuel (diesel),2014-08-01,159.29583333333332,-0.6987012987012986,,158.23749999999998,
Fuel (diesel),2014-09-01,157.93333333333334,-0.8553268290130922,,159.21527777777777,
Fuel (diesel),2014-10-01,157.875,-0.03693541578725368,,158.36805555555554,
Fuel (diesel),2014-11-01,157.5625,-0.19794140934283888,,157.7902777777778,
Fuel (diesel),2014-12-01,157.35,-0.13486711622372471,,157.59583333333333,
Fuel (diesel),2015-01-01,157.81333333333333,0.29446033259188376,,157.57527777777776,
Fuel (diesel),2015-02-01,155.17000000000002,-1.6749746535991816,,156.7777777777778,
Fuel (diesel),2015-03-01,155.73333333333332,0.36304268436766485,,156.23888888888888,
Fuel (diesel),2015-04-01,157.08333333333334,0.8668664383561842,,155.99555555555557,
Fuel (diesel),2015-05-01,160.53571428571428,2.19780219780219,,157.78412698412697,
Fuel (diesel),2015-06-01,169.33333333333334,5.48016314423434,9.247311827956995,162.31746031746033,Moderate
Fuel (diesel),2015-07-01,161.26666666666668,-4.763779527559054,0.5298701298701358,163.71190476190475,Low
Fuel (diesel),2015-08-01,160.83333333333334,-0.26870607689127857,0.9651853208129779,163.81111111111113,Low
Fuel (diesel),2015-09-01,153.15200000000002,-4.775958549222792,-3.0274377374419514,158.41733333333335,Low
Fuel (diesel),2015-10-01,146.6375,-4.253617321353964,-7.117973079968332,153.54094444444445,Low
Fuel (diesel),2015-11-01,150.296875,2.495524678203065,-4.611265370884565,150.02879166666665,Low
Fuel (diesel),2015-12-01,152.15,1.2329764008732758,-3.3047346679377143,149.69479166666665,Low
Fuel (diesel),2016-01-01,146.55625,-3.676470588235292,-7.1331636532612315,149.6677083333333,Low
Fuel (diesel),2016-02-01,139.43333333333334,-4.860193043057981,-10.141565165087762,146.04652777777778,Low
Fuel (diesel),2016-03-01,140.1914285714286,0.5436972780984428,-9.979818982387457,142.0603373015873,Low
Fuel (diesel),2016-04-01,139.02857142857144,-0.8294780606110108,-11.493747631678664,139.55111111111114,Low
Fuel (diesel),2016-05-01,136.39,-1.8978627209206955,-15.040711902113468,138.53666666666666,Low
Fuel (diesel),2016-06-01,147.138,7.880343133660839,-13.107480314960629,140.8521904761905,Low
Fuel (diesel),2016-07-01,160.38933333333335,9.006057805144385,-0.5440264572137199,147.97244444444445,Low
Fuel (diesel),2016-08-01,174.41666666666666,8.745801882086912,8.44559585492226,160.648,Moderate
Fuel (diesel),2016-09-01,182.05,4.376493072145249,18.86883618888424,172.28533333333334,High
Fuel (diesel),2016-10-01,183.68333333333334,0.8971894168268824,25.26354672804252,180.04999999999998,High
Fuel (diesel),2016-11-01,190.09333333333333,3.4897014789946557,26.478566725577846,185.27555555555557,High
Fuel (diesel),2016-12-01,200.63333333333333,5.544644735919202,31.86548362361703,191.47,Critical
Fuel (diesel),2017-01-01,215.8,7.559395248380141,47.247217365346074,202.17555555555555,Critical
Fuel (diesel),2017-02-01,260.86538461538464,20.88294004420048,87.08968535647954,225.7662393162393,Critical
Fuel (diesel),2017-03-01,269.90909090909093,3.4668096371008206,92.5289539164445,248.85815850815854,Critical
Fuel (diesel),2017-04-01,244.85714285714286,-9.281624404561429,76.12001644060828,258.5438727938728,Critical
Fuel (diesel),2017-05-01,238.93333333333334,-2.419292104239601,75.18390888872597,251.23318903318906,Critical
Fuel (diesel),2017-06-01,230.26666666666668,-3.6272321428571397,56.49707530798751,238.01904761904765,Critical
Fuel (diesel),2017-07-01,212.53333333333333,-7.7012159814707655,32.51089016725965,227.24444444444444,Critical
Fuel (diesel),2017-08-01,204.8125,-3.632763488080304,17.427138079311998,215.87083333333337,High
Fuel (diesel),2017-09-01,203.5,-0.6408300274641454,11.782477341389729,206.9486111111111,Moderate
Fuel (diesel),2017-10-01,205.53846153846155,1.0017010017010053,11.898264153050464,204.61698717948718,Moderate
Fuel (diesel),2017-11-01,215.95,5.065494011976046,13.602090201304605,208.3294871794872,Moderate
Fuel (diesel),2017-12-01,222.04615384615383,2.822946907225665,10.672613646529584,214.51153846153844,Moderate
Fuel (diesel),2018-01-01,220.75923076923075,-0.57957458601815,2.298068011691723,219.5851282051282,Low
Fuel (diesel),2018-02-01,220.19071428571428,-0.25752784222680125,-15.592206834816501,220.9986996336996,Low
Fuel (diesel),2018-03-01,216.24428571428572,-1.7922774737483937,-19.88254823653949,219.06474358974359,Low
Fuel (diesel),2018-04-01,215.47142857142856,-0.3574000303889213,-12.001166861143531,217.30214285714285,Low
Fuel (diesel),2018-05-01,212.72466666666665,-1.2747685031713418,-10.969029017857146,214.8134603174603,Low
Fuel (diesel),2018-07-01,218.84333333333333,2.876331533406251,-4.960914881297052,215.6798095238095,Low
Fuel (diesel),2018-08-01,219.816,0.44445798364125544,3.4265997490589672,217.12800000000001,Low
Fuel (diesel),2018-09-01,208.63466666666667,-5.0866785553978495,1.8661784152171679,215.7646666666667,Low
Fuel (diesel),2018-10-01,210.386,0.8394258544441202,3.383783783783789,212.94555555555556,Low
Fuel (diesel),2018-11-01,219.90666666666667,4.52533280097851,6.990518962075853,212.97577777777778,Moderate
Fuel (diesel),2018-12-01,227.10666666666665,3.274116291760132,5.16631936405032,219.1331111111111,Moderate
Fuel (diesel),2019-01-01,205.94,-9.320143251335644,-7.25351624748839,217.65111111111113,Low
Fuel (diesel),2019-02-01,239.88866666666667,16.48473665468906,8.665293782180616,224.3117777777778,Moderate
Fuel (diesel),2019-03-01,236.20666666666665,-1.5348786798320413,7.27367293071699,227.3451111111111,Moderate
Fuel (diesel),2019-04-01,237.19,0.4163021083232188,9.686135389209284,237.76177777777778,Moderate
Fuel (diesel),2019-05-01,196.96,-16.9610860491589,-8.591129085725646,223.4522222222222,Low
Fuel (diesel),2019-06-01,196.70875,-0.12756397238017358,-7.528941950001089,210.28625000000002,Low
Fuel (diesel),2019-07-01,196.6325,-0.038762891838828306,-10.149193486969377,196.76708333333332,Low
Fuel (diesel),2019-08-01,230.71466666666666,17.332926482990697,4.958086156906982,208.0186388888889,Low
Fuel (diesel),2019-09-01,228.06066666666666,-1.1503386578515462,9.311012551445575,218.46927777777776,Moderate
Fuel (diesel),2019-10-01,232.05666666666667,1.7521653595096165,10.300431904531049,230.27733333333333,Moderate
Fuel (diesel),2019-11-01,231.06,-0.42949279629975745,5.071848663069178,230.39244444444444,Moderate
Fuel (diesel),2019-12-01,233.82000000000002,1.194494936380175,2.9560265367228444,232.31222222222223,Low
Fuel (diesel),2020-01-01,233.62,-0.0855358823026342,13.440808002330783,232.83333333333334,Moderate
Fuel (diesel),2020-02-01,233.69333333333333,0.031390006563358774,-2.5825869222667164,233.7111111111111,Low
Fuel (diesel),2020-03-01,232.50799999999998,-0.5072174359559645,-1.5658604047303237,233.27377777777778,Low
Fuel (diesel),2020-04-01,227.83066666666667,-2.0116870530619613,-3.9459223969532164,231.34399999999997,Low
Fuel (diesel),2020-05-01,224.226,-1.5821692133924037,13.843419983753048,228.1882222222222,Moderate
Fuel (diesel),2020-06-01,215.89333333333335,-3.716191104807942,9.752785950463982,222.65,Moderate
Fuel (diesel),2020-07-01,214.39533333333333,-0.6938611660079141,9.033518534999718,218.17155555555556,Moderate
Fuel (diesel),2020-08-01,209.362,-2.3476879160927,-9.255010518042484,213.2168888888889,Low
Fuel (diesel),2020-09-01,209.63733333333332,0.13151065299974452,-8.07825987821954,211.13155555555554,Low
Fuel (diesel),2020-10-01,204.37333333333333,-2.511003129213618,-11.929557435683813,207.79088888888887,Low
Fuel (diesel),2020-11-01,205.40333333333334,0.5039796450939438,-11.103897977437317,206.47133333333332,Low
Fuel (diesel),2021-01-01,217.5366666666667,5.907077132795657,-6.964046417472125,209.10444444444445,Low
Fuel (diesel),2021-02-01,225.92999999999998,3.8583533810391923,-3.2916702337128734,216.29,Low
Fuel (diesel),2021-03-01,245.89,8.834594785995664,5.219090546014726,229.78555555555556,Moderate
Fuel (diesel),2021-04-01,254.311875,3.4250579527431047,9.377688079549952,242.0439583333333,Moderate
Fuel (diesel),2021-05-01,257.04625,1.0752053949505846,12.82337613315152,252.41604166666664,Moderate
Fuel (diesel),2021-06-01,258.7025,0.6443392969164075,15.375781577515536,256.686875,High
Fuel (diesel),2021-07-01,263.16625,1.7254375199311944,21.896422616106715,259.6383333333333,High
Fuel (diesel),2021-08-01,268.55125,2.0462350320377354,25.259839299984765,263.4733333333333,High
Fuel (diesel),2021-09-01,277.9386666666667,3.495577349450696,32.755068573411926,269.8853888888889,Critical
Fuel (diesel),2021-10-01,291.10999999999996,4.73893520872708,38.863624799654,279.1999722222222,Critical
Fuel (diesel),2021-11-01,317.8233333333334,9.176370902179043,55.511156054279766,295.624,Critical
Fuel (diesel),2021-12-01,330.68,4.0452242860289145,60.990571396114966,313.20444444444445,Critical
Fuel (diesel),2022-01-01,379.1333333333333,14.652634974396195,74.28479490047653,342.5455555555556,Critical
Fuel (diesel),2022-02-01,379.1333333333333,0.0,67.81008867053218,362.9822222222222,Critical
Fuel (diesel),2022-03-01,522.234,37.744153332161076,112.3852129000773,426.8335555555556,Critical
Fuel (diesel),2022-04-01,652.89,25.018669791702553,156.72808239882627,518.0857777777778,Critical
Fuel (diesel),2022-05-01,683.074375,4.623194565700195,165.73987171569323,619.3994583333334,Critical
Fuel (diesel),2022-06-01,747.29375,9.401520149251684,188.86220658864917,694.4193750000001,Critical
Fuel (diesel),2022-07-01,859.20625,14.975703998594913,226.48800900571408,763.1914583333333,Critical
Fuel (diesel),2022-08-01,867.885,1.0100892538898565,223.1729511592294,824.7950000000001,Critical
Fuel (diesel),2022-09-01,853.60875,-1.6449471992256992,207.12126536310168,860.2333333333332,Critical
Fuel (diesel),2022-10-01,857.93,0.5062330956658867,194.70990347291405,859.8079166666666,Critical
Fuel (diesel),2022-11-01,886.2112500000001,3.2964519249822466,178.83769284822804,865.9166666666666,Critical
Fuel (diesel),2022-12-01,896.946875,1.2114069867652733,171.24315803798234,880.3627083333334,Critical
Fuel (diesel),2023-01-01,900.9875,0.45048654637434016,137.64396870054512,894.7152083333334,Critical
Fuel (petrol-gasoline),2014-05-01,97.0,,,,
Fuel (petrol-gasoline),2014-07-01,101.08333333333333,4.209621993127133,,99.04166666666666,
Fuel (petrol-gasoline),2014-08-01,100.1875,-0.8862324814509437,,99.4236111111111,
Fuel (petrol-gasoline),2014-09-01,100.10083333333334,-0.08650447078394352,,100.45722222222223,
Fuel (petrol-gasoline),2014-10-01,100.1725,0.07159447557045784,,100.15361111111112,
Fuel (petrol-gasoline),2014-11-01,100.14666666666666,-0.025788847571273088,,100.14,
Fuel (petrol-gasoline),2014-12-01,103.15333333333332,3.0022633470909277,,101.15749999999998,
Fuel (petrol-gasoline),2015-01-01,104.01666666666667,0.8369417695340386,,102.43888888888887,
Fuel (petrol-gasoline),2015-02-01,95.95666666666666,-7.748758211825035,,101.04222222222222,
Fuel (petrol-gasoline),2015-03-01,105.30866666666667,9.746065932538993,,101.76066666666668,
Fuel (petrol-gasoline),2015-04-01,107.49333333333334,2.074536442078223,,102.91955555555556,
Fuel (petrol-gasoline),2015-05-01,115.10666666666665,7.082609774249549,,109.3028888888889,
Fuel (petrol-gasoline),2015-06-01,114.73,-0.3272327116876972,18.278350515463913,112.44333333333333,High
Fuel (petrol-gasoline),2015-07-01,109.14666666666666,-4.866498155088772,7.976916735366868,112.99444444444445,Moderate
Fuel (petrol-gasoline),2015-08-01,107.98,-1.0688981187393032,7.777916406737373,110.61888888888889,Moderate
Fuel (petrol-gasoline),2015-09-01,93.28266666666667,-13.611162560968083,-6.8112986072377035,103.46977777777778,Low
Fuel (petrol-gasoline),2015-10-01,91.6375,-1.7636359738143592,-8.520302478225062,97.63338888888889,Low
Fuel (petrol-gasoline),2015-11-01,106.303125,16.003955804119485,6.14744208494209,97.07443055555557,Moderate
Fuel (petrol-gasoline),2015-12-01,126.3175,18.82764500102889,22.45605247851097,108.08604166666665,High
Fuel (petrol-gasoline),2016-01-01,122.736875,-2.8346230728125588,17.99731613523474,118.45249999999999,High
Fuel (petrol-gasoline),2016-02-01,102.68666666666667,-16.335928654964803,7.013582519887462,117.24701388888889,Moderate
Fuel (petrol-gasoline),2016-03-01,115.04714285714286,12.037079975143982,9.247554354952925,113.49022817460316,Moderate
Fuel (petrol-gasoline),2016-04-01,132.585,15.244061440651668,23.342532870255518,116.7729365079365,High
Fuel (petrol-gasoline),2016-05-01,141.65733333333336,6.842654397807713,23.066141549866813,129.76315873015872,High
Fuel (petrol-gasoline),2016-06-01,148.41333333333333,4.769255386237181,29.35878439234143,140.88522222222224,High
Fuel (petrol-gasoline),2016-07-01,147.95,-0.3121911777917541,35.55155142926949,146.00688888888888,Critical
Fuel (petrol-gasoline),2016-08-01,148.05428571428573,0.0704871336841828,37.112692826713946,148.13920634920635,Critical
Fuel (petrol-gasoline),2016-09-01,147.20000000000002,-0.5770084332001768,57.79994854349506,147.7347619047619,Critical
Fuel (petrol-gasoline),2016-10-01,146.18928571428572,-0.6866265527950444,59.52998031841299,147.14785714285713,Critical
Fuel (petrol-gasoline),2016-11-01,146.51142857142855,0.22036010065227263,37.824197145124906,146.63357142857146,Critical
Fuel (petrol-gasoline),2016-12-01,146.76785714285714,0.17502291386337632,16.18964683662767,146.4895238095238,High
Fuel (petrol-gasoline),2017-01-01,147.14285714285714,0.25550553595328207,19.884800018622872,146.80738095238095,High
Fuel (petrol-gasoline),2017-02-01,151.98461538461538,3.2905153099327844,48.00813028431023,148.63177655677654,Critical
Fuel (petrol-gasoline),2017-03-01,171.36363636363637,12.750646458511628,48.95079713228796,156.83036963036963,Critical
Fuel (petrol-gasoline),2017-04-01,153.07142857142858,-10.674497915877224,15.45154321486486,158.8065601065601,High
Fuel (petrol-gasoline),2017-05-01,156.8,2.4358376108259527,10.68964543546398,160.41168831168832,Moderate
Fuel (petrol-gasoline),2017-06-01,156.73333333333332,-0.042517006802733626,5.605965322073492,155.53492063492067,Moderate
Fuel (petrol-gasoline),2017-07-01,151.26666666666668,-3.487877498936609,2.241748338402627,154.93333333333334,Low
Fuel (petrol-gasoline),2017-08-01,153.4375,1.4351035698545456,3.6359732916497745,153.8125,Low
Fuel (petrol-gasoline),2017-09-01,154.71428571428572,0.8321210357870257,5.104813664596275,153.13948412698412,Moderate
Fuel (petrol-gasoline),2017-10-01,155.3846153846154,0.43326940833865457,6.290016142702237,154.51213369963372,Moderate
Fuel (petrol-gasoline),2017-11-01,156.19538461538463,0.5217821782178333,6.609693276749984,155.43142857142857,Moderate
Fuel (petrol-gasoline),2017-12-01,170.2069230769231,8.97052015719957,15.970162943274048,160.59564102564104,High
Fuel (petrol-gasoline),2018-01-01,203.80076923076922,19.73706212799804,38.50537714712472,176.734358974359,Critical
Fuel (petrol-gasoline),2018-02-01,200.84071428571428,-1.452425796147605,32.14542391508684,191.61613553113554,Critical
Fuel (petrol-gasoline),2018-03-01,172.50142857142856,-14.110329080970352,0.663963622584296,192.38097069597066,Low
Fuel (petrol-gasoline),2018-04-01,164.9807142857143,-4.359798262540259,7.780214652356521,179.44095238095238,Moderate
Fuel (petrol-gasoline),2018-05-01,148.632,-9.909469938044712,-5.209183673469386,162.0380476190476,Low
Fuel (petrol-gasoline),2018-07-01,150.02666666666667,0.9383353965947139,-4.279030199914924,154.54646031746032,Low
Fuel (petrol-gasoline),2018-08-01,149.808,-0.14575186633488668,-0.964301454385208,149.4888888888889,Low
Fuel (petrol-gasoline),2018-09-01,149.40333333333334,-0.2701235359037324,-2.629192124915136,149.746,Low
Fuel (petrol-gasoline),2018-10-01,148.43733333333333,-0.6465719194127861,-4.057125269313644,149.2162222222222,Low
Fuel (petrol-gasoline),2018-11-01,148.61666666666667,0.12081417073872558,-4.3556105610561,148.81911111111108,Low
Fuel (petrol-gasoline),2018-12-01,148.82000000000002,0.13681731524055607,-4.721896638332657,148.62466666666668,Low
Fuel (petrol-gasoline),2019-01-01,153.1,2.8759575325896902,-10.05066231600451,150.1788888888889,Low
Fuel (petrol-gasoline),2019-02-01,144.31133333333335,-5.740474635314596,-29.189995760062292,148.7437777777778,Low
Fuel (petrol-gasoline),2019-03-01,145.47333333333333,0.8052035645155886,-27.567807229372722,147.62822222222223,Low
Fuel (petrol-gasoline),2019-04-01,145.1,-0.2566335181705681,-15.884754577601845,144.96155555555555,Low
Fuel (petrol-gasoline),2019-05-01,140.57,-3.121984838042735,-14.796101708857757,143.71444444444444,Low
Fuel (petrol-gasoline),2019-06-01,140.3,-0.1920751227146522,-5.605791485009948,141.98999999999998,Low
Fuel (petrol-gasoline),2019-07-01,140.23375,-0.04722024233786426,-6.527450675435487,140.36791666666667,Low
Fuel (petrol-gasoline),2019-08-01,149.61,6.686157932737324,-0.13216917654595983,143.38125,Low
Fuel (petrol-gasoline),2019-09-01,149.61,0.0,0.13832801588542498,146.48458333333335,Low
Fuel (petrol-gasoline),2019-10-01,144.06133333333335,-3.7087538711761625,-2.948045415349221,147.76044444444446,Low
Fuel (petrol-gasoline),2019-11-01,144.18333333333334,0.08468615219443532,-2.9830660536054765,145.9515555555556,Low
Fuel (petrol-gasoline),2019-12-01,144.06666666666666,-0.08091550109814438,-3.194015141334061,144.10377777777776,Low
Fuel (petrol-gasoline),2020-01-01,144.14600000000002,0.05506709856548664,-5.8484650555192585,144.13200000000003,Low
Fuel (petrol-gasoline),2020-02-01,143.97333333333333,-0.11978595775580247,-0.23421583890386177,144.06199999999998,Low
Fuel (petrol-gasoline),2020-03-01,132.70999999999998,-7.823208001481763,-8.773658402456363,140.27644444444442,Low
Fuel (petrol-gasoline),2020-04-01,125.68466666666667,-5.293748273177079,-13.380657018148401,134.12266666666665,Low
Fuel (petrol-gasoline),2020-05-01,124.632,-0.8375458157186988,-11.338123354912133,127.67555555555555,Low
Fuel (petrol-gasoline),2020-06-01,124.33933333333333,-0.23482465712391098,-11.376098835827996,124.88533333333334,Low
Fuel (petrol-gasoline),2020-07-01,137.56199999999998,10.634339361639377,-1.9052118338131918,128.84444444444443,Low
Fuel (petrol-gasoline),2020-08-01,145.88066666666666,6.047212650780498,-2.492703250673989,135.92733333333334,Low
Fuel (petrol-gasoline),2020-09-01,157.67466666666667,8.084690226257996,5.39045963950715,147.0391111111111,Moderate
Fuel (petrol-gasoline),2020-10-01,159.67666666666668,1.269703017183077,10.839364715028776,154.41066666666669,Moderate
Fuel (petrol-gasoline),2020-11-01,165.708,3.7772164582593915,14.928678765460646,161.0197777777778,Moderate
Fuel (petrol-gasoline),2021-01-01,165.32333333333332,-0.23213524191147972,14.754743174456264,163.56933333333333,Moderate
Fuel (petrol-gasoline),2021-02-01,165.49333333333334,0.10282880012904005,14.809521827406469,165.50822222222223,Moderate
Fuel (petrol-gasoline),2021-03-01,173.6225,4.912081050596195,20.593512687534734,168.14638888888888,High
Fuel (petrol-gasoline),2021-04-01,169.99,-2.092182752811411,28.091326953507668,169.70194444444442,High
Fuel (petrol-gasoline),2021-05-01,169.070625,-0.5408406376845698,34.51969081351742,170.894375,Critical
Fuel (petrol-gasoline),2021-06-01,167.850625,-0.7215919382802305,34.676989055780226,168.9704166666667,Critical
Fuel (petrol-gasoline),2021-07-01,167.376875,-0.2822450020665723,34.612974440911714,168.099375,Critical
Fuel (petrol-gasoline),2021-08-01,166.130625,-0.7445771705320681,20.767817420508592,167.11937500000002,High
Fuel (petrol-gasoline),2021-09-01,165.833125,-0.17907595303395807,13.67724647085975,166.446875,Moderate
Fuel (petrol-gasoline),2021-10-01,165.603125,-0.13869364157491626,5.028365368353405,165.855625,Moderate
Fuel (petrol-gasoline),2021-11-01,170.0125,2.662615817183389,6.472976640293915,167.1495833333333,Moderate
Fuel (petrol-gasoline),2021-12-01,172.43375,1.4241599882361733,4.058796195717762,169.34979166666668,Low
Fuel (petrol-gasoline),2022-01-01,208.625,20.988495581636425,26.192108393652845,183.69041666666666,High
Fuel (petrol-gasoline),2022-02-01,208.625,0.0,26.062479858201737,196.56125,High
Fuel (petrol-gasoline),2022-03-01,220.8475,5.858597962851997,27.199815692090603,212.69916666666666,High
Fuel (petrol-gasoline),2022-04-01,203.3025,-7.9443960198779635,19.596740984763805,210.92499999999998,High
Fuel (petrol-gasoline),2022-05-01,192.21,-5.456155236654736,13.68621840724844,205.45333333333335,Moderate
Fuel (petrol-gasoline),2022-06-01,196.841875,2.409799177982408,17.272053648891685,197.45145833333333,High
Fuel (petrol-gasoline),2022-07-01,202.706875,2.979548939980381,21.108053307841956,197.25291666666666,High
Fuel (petrol-gasoline),2022-08-01,203.95125000000002,0.61387903098995,22.76559484441836,201.16666666666666,High
Fuel (petrol-gasoline),2022-09-01,197.315625,-3.253534852078621,18.984445960359263,201.32458333333332,High
Fuel (petrol-gasoline),2022-10-01,204.0275,3.4015932595302445,23.202687147359093,201.7647916666667,High
Fuel (petrol-gasoline),2022-11-01,239.705,17.48661332418424,40.99257407543564,213.68270833333335,Critical
Fuel (petrol-gasoline),2022-12-01,274.53625,14.53088170876702,59.21259614199656,239.42291666666668,Critical
Fuel (petrol-gasoline),2023-01-01,289.7125,5.527958511854081,38.86758538046733,267.9845833333333,Critical
Fuel (petrol-gasoline),2025-12-01,915.0,215.83034905294042,338.58597962852,493.0829166666667,Critical
Fuel (petrol-gasoline),2026-01-01,1241.555625,35.6891393442623,462.1778036880653,815.4227083333334,Critical
Fuel (petrol-gasoline),2026-02-01,1051.2062962962964,-15.3315183686356,417.06511051083794,1069.2539737654322,Critical
Fuel (petrol-gasoline),2026-03-01,1232.7861538461539,17.27347507236361,541.3746183060995,1175.18269171415,Critical
Fuel (petrol-gasoline),2026-04-01,1400.0,13.563897163523265,611.2307785119402,1227.9974833808167,Critical
Gari (white),2014-05-01,117.11,,,,
Gari (white),2014-07-01,7462.6618181818185,6272.35233385861,,3789.885909090909,
Gari (white),2014-08-01,8361.363636363636,12.04264430142401,,5313.711818181818,
Gari (white),2014-09-01,7283.470909090908,-12.891350910573529,,7702.498787878787,
Gari (white),2014-10-01,7101.4972727272725,-2.4984466696572394,,7582.110606060606,
Gari (white),2014-11-01,7008.886363636364,-1.3041039872897398,,7131.284848484848,
Gari (white),2014-12-01,7037.987272727273,0.4152001841817743,,7049.45696969697,
Gari (white),2015-01-01,8443.198571428571,19.966096047752124,,7496.690735930736,
Gari (white),2015-02-01,8121.047142857143,-3.8155140595837134,,7867.410995670995,
Gari (white),2015-03-01,7866.791428571429,-3.130824262106946,,8143.679047619048,
Gari (white),2015-04-01,8023.323571428571,1.9897838181985206,,8003.720714285714,
Gari (white),2015-05-01,8146.757857142858,1.5384433223389005,,8012.290952380953,
Gari (white),2015-06-01,6610.992727272727,-18.85124311782034,5545.113762507665,7593.691385281385,Critical
Gari (white),2015-07-01,6553.048181818182,-0.8764878112103136,-12.188863149975248,7103.59958874459,Low
Gari (white),2015-08-01,8251.047142857144,25.911589750708085,-1.3193600745544098,7138.362683982684,Low
Gari (white),2015-09-01,8183.567857142857,-0.8178269320967657,12.358077066368,7662.554393939394,Moderate
Gari (white),2015-10-01,8063.490714285714,-1.46729574377924,13.54634670146111,8166.035238095238,Moderate
Gari (white),2015-11-01,7989.5992857142855,-0.9163702320698186,13.9924214946054,8078.8859523809515,Moderate
Gari (white),2015-12-01,8017.507857142858,0.3493112787079866,13.91762369635563,8023.532619047619,Moderate
Gari (white),2016-01-01,7918.157857142856,-1.2391631136536962,-6.218504869261643,7975.088333333333,Low
Gari (white),2016-02-01,8958.92857142857,13.144101608770665,10.31740628803497,8298.198095238096,Moderate
Gari (white),2016-03-01,8616.448571428571,-3.8227785529200697,9.529388819620399,8497.845,Moderate
Gari (white),2016-04-01,9662.67857142857,12.142241566545309,20.43236802561246,9079.351904761905,High
Gari (white),2016-05-01,10687.857142857143,10.609672709800243,31.191540613746337,9655.66142857143,Critical
Gari (white),2016-06-01,11161.714285714286,4.433602887121579,68.83567636775932,10504.083333333334,Critical
Gari (white),2016-07-01,11573.92857142857,3.6931090974248626,76.61900615260417,11141.166666666666,Critical
Gari (white),2016-08-01,13142.142857142857,13.549541765667916,59.27848465294361,11959.261904761903,Critical
Gari (white),2016-09-01,13545.0,3.0653839882602396,65.51460483311725,12753.690476190479,Critical
Gari (white),2016-10-01,13406.07142857143,-1.0256815904656325,66.2564254562917,13364.404761904763,Critical
Gari (white),2016-11-01,13315.714285714286,-0.6740016517036596,66.66310548919895,13422.261904761906,Critical
Gari (white),2016-12-01,13867.142857142857,4.141186567964805,72.96076417048367,13529.64285714286,Critical
Gari (white),2017-01-01,15387.67857142857,10.965025239517878,94.33407175063537,14190.178571428572,Critical
Gari (white),2017-02-01,17559.23076923077,14.112279430077779,95.99699483295258,15604.684065934067,Critical
Gari (white),2017-03-01,19405.571428571428,10.51492906270144,125.21542683976196,17450.826923076922,Critical
Gari (white),2017-04-01,20448.928571428572,5.376585516677834,111.62794995472271,19137.910256410254,Critical
Gari (white),2017-05-01,21712.8,6.180624203154195,103.15391298536389,20522.433333333334,Critical
Gari (white),2017-06-01,22271.333333333332,2.5723689866499644,99.53326848581032,21477.6873015873,Critical
Gari (white),2017-07-01,22069.0,-0.908492232166902,90.67855710186072,22017.71111111111,Critical
Gari (white),2017-08-01,20396.0,-7.580769405047805,55.19539105386162,21578.777777777777,Critical
Gari (white),2017-09-01,17745.076923076922,-12.997269449514992,31.008319845529144,20070.02564102564,Critical
Gari (white),2017-10-01,15850.75,-10.675225197888027,18.235607533899877,17997.27564102564,High
Gari (white),2017-11-01,14266.366666666667,-9.99563637893054,7.1393269677788584,15954.06452991453,Moderate
Gari (white),2017-12-01,13887.666666666666,-2.6544950711580473,0.14800315923215734,14668.261111111111,Low
Gari (white),2018-01-01,3271.2935294117647,-76.44461371424215,-78.74082491243472,10475.108954248366,Low
Gari (white),2018-02-01,14745.846153846154,350.76499620924307,-16.022254347921315,10634.93544997486,Low
Gari (white),2018-03-01,14342.0,-2.7387112928803914,-26.09338996900742,10786.379894419306,Low
Gari (white),2018-04-01,13961.846153846154,-2.6506334273730725,-31.723336481531984,14349.897435897437,Low
Gari (white),2018-05-01,13999.285714285714,0.2681562311102059,-35.52519382905146,14101.043956043955,Low
Gari (white),2018-06-01,11205.0,-19.96020205112505,-49.68868799952105,13055.37728937729,Low
Gari (white),2018-07-01,13875.033333333333,23.828945411274717,-37.12885344449983,13026.439682539682,Low
Gari (white),2018-08-01,13599.413333333334,-1.9864456782085704,-33.323135255278814,12893.14888888889,Low
Gari (white),2018-09-01,12739.433333333332,-6.323655138064788,-28.20863280245297,13404.626666666669,Low
Gari (white),2018-10-01,11882.97,-6.722931161249979,-25.032127817295713,12740.605555555556,Low
Gari (white),2018-11-01,11344.5225,-4.531253550248804,-20.480646789301648,11988.975277777776,Low
Gari (white),2018-12-01,11131.63125,-1.8765994778537243,-19.84520137772123,11453.04125,Low
Gari (white),2019-01-01,6232.039500000001,-44.015038227214,90.50688799303894,9569.397749999998,Critical
Gari (white),2019-02-01,5864.541,-5.896921866429128,-60.22919987897504,7742.737249999999,Low
Gari (white),2019-03-01,5875.5436666666665,0.18761343243514084,-59.032605866220436,5990.708055555556,Low
Gari (white),2019-04-01,5694.847666666667,-3.0753920020223924,-59.21135640720499,5811.644111111112,Low
Gari (white),2019-05-01,5182.81375,-8.99117845879751,-62.97801290882188,5584.401694444445,Low
Gari (white),2019-06-01,4953.36625,-4.427083647372054,-55.79325078090138,5277.009222222223,Low
Gari (white),2019-07-01,9145.554166666667,84.63311019383369,-34.08625444743676,6427.244722222222,Low
Gari (white),2019-08-01,5265.626333333334,-42.424196091634684,-61.280489060312405,6454.848916666667,Low
Gari (white),2019-09-01,5214.625666666666,-0.9685584095440847,-59.067051648032496,6541.935388888888,Low
Gari (white),2019-10-01,5298.335333333333,1.6052862087831743,-55.41236464172397,5259.52911111111,Low
Gari (white),2019-11-01,10628.0,100.59130521875863,-6.316021674777406,7046.986999999998,Low
Gari (white),2019-12-01,10382.166666666666,-2.313072387404347,-6.732747128443862,8769.500666666665,Low
Gari (white),2020-01-01,5323.075333333333,-48.72866614226318,-14.585340267285973,8777.747333333333,Low
Gari (white),2020-02-01,5343.416666666667,0.382134988884264,-8.886020804242534,7016.2195555555545,Low
Gari (white),2020-03-01,5925.428275862069,10.892124749060095,0.8490211634101241,5530.640091954022,Low
Gari (white),2020-04-01,6470.631666666667,9.201079912241084,13.62255929233811,5913.1588697318,Moderate
Gari (white),2020-05-01,7153.554230769231,10.554186967875578,38.024528293520696,6516.538057765989,Critical
Gari (white),2020-06-01,7364.026428571428,2.942204546334515,48.66710953528681,6996.070775335776,Critical
Gari (white),2020-07-01,7834.812857142858,6.393057291929893,-14.332005317962516,7450.797838827839,Low
Gari (white),2020-08-01,8536.711785714286,8.958719772502533,62.121488410102124,7911.850357142856,Critical
Gari (white),2020-09-01,9107.305357142857,6.683997137907682,74.64926419089446,8492.943333333333,Critical
Gari (white),2020-10-01,8977.758214285715,-1.4224530503475163,69.4448850340613,8873.925119047619,Critical
Gari (white),2020-11-01,8758.124642857143,-2.4464188741359028,-17.593859212860906,8947.729404761905,Low
Gari (white),2020-12-01,8758.901071428572,0.00886523774312753,-15.635133275694802,8831.594642857142,Low
Gari (white),2021-01-01,9173.737857142858,4.7361738913512585,72.33905745606314,8896.92119047619,Critical
Gari (white),2021-02-01,9850.4,7.376078904743055,84.34646995524086,9261.012976190475,Critical
Gari (white),2021-03-01,11450.505666666666,16.24406792279163,93.243511415228,10158.214507936507,Critical
Gari (white),2021-04-01,11897.622333333333,3.904776607100069,83.87111098633078,11066.175999999998,Critical
Gari (white),2021-05-01,12781.050333333334,7.425248299611242,78.66713414093978,12043.059444444443,Critical
Gari (white),2021-06-01,13081.232,2.3486463071331842,77.63695074812043,12586.634888888888,Critical
Gari (white),2021-07-01,13233.136333333332,1.16123873755416,68.90175393620181,13031.806222222222,Critical
Gari (white),2021-08-01,13196.878,-0.2739965222152141,54.589710081160824,13170.415444444443,Critical
Gari (white),2021-09-01,12325.411,-6.603584575079047,35.335431465830716,12918.475111111109,Critical
Gari (white),2021-10-01,11655.696666666667,-5.433606500694655,29.828587365158988,12392.66188888889,High
Gari (white),2021-11-01,11221.821333333333,-3.722431577806451,28.130413655228192,11734.309666666666,High
Gari (white),2021-12-01,11505.037333333334,2.523797087721702,31.352520590312682,11460.851777777776,Critical
Gari (white),2022-01-01,11516.150333333333,0.09659247230604517,25.533893737399804,11414.336333333333,High
Gari (white),2022-02-01,11516.150333333333,0.0,16.91048417661549,11512.445999999998,High
Gari (white),2022-03-01,11491.450666666668,-0.21447850151080639,0.3575824613510026,11507.917111111112,Low
Gari (white),2022-04-01,11408.756333333333,-0.7196161366571974,-4.108938629110403,11472.119111111111,Low
Gari (white),2022-05-01,11663.633333333333,2.2340471875564427,-8.7427634729342,11521.280111111111,Low
Gari (white),2022-06-01,11900.628666666666,2.0319168698147205,-9.025169290884328,11657.672777777776,Low
Gari (white),2022-07-01,11983.621000000001,0.6973777239667633,-9.44232192474198,11849.294333333331,Low
Gari (white),2022-08-01,11739.513333333334,-2.037010905690917,-11.043253310871448,11874.587666666666,Low
Gari (white),2022-09-01,11626.055333333332,-0.9664625506906499,-5.674096114658312,11783.063222222221,Low
Gari (white),2022-10-01,11711.485333333334,0.7348150129224296,0.47863862849324423,11692.351333333332,Low
Gari (white),2022-11-01,12104.403666666667,3.3549829261622754,7.864876004679466,11813.981444444444,Moderate
Gari (white),2022-12-01,12247.687,1.1837289740089352,6.454995713182088,12021.192000000001,Moderate
Gari (white),2023-01-01,12431.714666666667,1.5025503727084777,7.950263819353287,12261.268444444444,Moderate
Groundnuts,2016-01-01,4750.0,,,,
Groundnuts,2016-06-01,686.0,-85.5578947368421,,2718.0,
Groundnuts,2016-07-01,621.25,-9.438775510204078,,2019.0833333333333,
Groundnuts,2016-08-01,678.75,9.255533199195165,,662.0,
Groundnuts,2016-09-01,672.0,-0.9944751381215422,,657.3333333333334,
Groundnuts,2016-10-01,760.75,13.206845238095234,,703.8333333333334,
Groundnuts,2016-11-01,676.0,-11.140322050607953,,702.9166666666666,
Groundnuts,2016-12-01,636.2222222222222,-5.884286653517434,,690.9907407407408,
Groundnuts,2017-01-01,657.1111111111111,3.2832692979392286,,656.4444444444445,
Groundnuts,2017-02-01,704.6875,7.240235035508968,,666.0069444444445,
Groundnuts,2017-03-01,771.2777777777778,9.449618132544968,,711.0254629629629,
Groundnuts,2017-04-01,777.6111111111111,0.8211481668227272,,751.1921296296296,
Groundnuts,2017-05-01,743.8888888888889,-4.336643566478527,-84.33918128654972,764.2592592592592,Low
Groundnuts,2017-06-01,744.0,0.014936519790875735,8.45481049562682,755.1666666666666,Moderate
Groundnuts,2017-07-01,1117.388888888889,50.18667861409798,79.86139056561592,868.425925925926,Critical
Groundnuts,2017-08-01,1371.6666666666667,22.756426192015123,102.08717004297117,1077.6851851851852,Critical
Groundnuts,2017-09-01,1124.0526315789473,-18.052056020975904,67.26973684210525,1204.369395711501,Critical
Groundnuts,2017-10-01,1056.157894736842,-6.0401741817670995,38.83113963021256,1183.9590643274853,Critical
Groundnuts,2017-11-01,982.4736842105264,-6.97662829521104,45.336343818125194,1054.2280701754387,Critical
Groundnuts,2017-12-01,946.3157894736842,-3.6802914233674433,48.73982021067338,994.9824561403508,Critical
Groundnuts,2018-01-01,980.0526315789474,3.565072302558403,49.14564903974512,969.6140350877193,Critical
Groundnuts,2018-02-01,980.3157894736842,0.026851404328431805,39.113548838837666,968.8947368421053,Critical
Groundnuts,2018-03-01,1007.9473684210526,2.818640609900136,30.685389552538677,989.438596491228,Critical
Groundnuts,2018-04-01,948.3684210526316,-5.910918489896089,21.95921682465791,978.8771929824561,High
Groundnuts,2018-05-01,964.6842105263158,1.7204062378600504,29.681223222357623,973.6666666666666,High
Groundnuts,2018-06-01,677.8947368421053,-29.72884499972721,-8.885116015846062,863.6491228070176,Low
Groundnuts,2018-07-01,705.1052631578947,4.013975155279481,-36.89705793843731,782.561403508772,Low
Groundnuts,2018-08-01,707.2105263157895,0.29857430768083226,-48.441516915009274,696.7368421052632,Low
Groundnuts,2018-09-01,661.2631578947369,-6.496985934360344,-41.17151285292877,691.1929824561403,Low
Groundnuts,2018-10-01,665.1578947368421,0.5889843998726496,-37.02097971794489,677.8771929824561,Low
Groundnuts,2018-11-01,687.4736842105264,3.354961228042419,-30.026249531258365,671.2982456140351,Low
Groundnuts,2018-12-01,673.1578947368421,-2.0823763589037037,-28.86540600667408,675.2631578947368,Low
Groundnuts,2019-01-01,692.1578947368421,2.822517591868645,-29.375436335320337,684.2631578947368,Low
Groundnuts,2019-02-01,649.7368421052631,-6.128811497224551,-33.721679372919574,671.6842105263157,Low
Groundnuts,2019-03-01,681.421052631579,4.8764682057513165,-32.39517518667432,674.438596491228,Low
Groundnuts,2019-04-01,696.3888888888889,2.19656205212706,-26.56979361291476,675.8489278752437,Low
Groundnuts,2019-05-01,647.6842105263158,-6.993890789998525,-32.86049429865241,675.1647173489279,Low
Groundnuts,2019-06-01,653.0,0.8207378514545782,-3.672360248447215,665.6910331384016,Low
Groundnuts,2019-07-01,645.2105263157895,-1.1928749899250413,-8.494439053519432,648.6315789473684,Low
Groundnuts,2019-08-01,636.5263157894736,-1.3459499143486542,-9.994790503832707,644.9122807017544,Low
Groundnuts,2019-09-01,636.5,-0.00413428146187611,-3.7448264883795046,639.4122807017544,Low
Groundnuts,2019-10-01,623.578947368421,-2.030016124364331,-6.250989080550717,632.2017543859649,Low
Groundnuts,2019-11-01,631.5263157894736,1.2744767049291061,-8.138110549686129,630.5350877192982,Low
Groundnuts,2019-12-01,630.4736842105264,-0.16668055671305027,-6.340891321344788,628.5263157894736,Low
Groundnuts,2020-01-01,624.5263157894736,-0.9433174722431104,-9.771120066915062,628.8421052631579,Low
Groundnuts,2020-02-01,635.2105263157895,1.7107702679926007,-2.235722964763054,630.0701754385965,Low
Groundnuts,2020-03-01,664.5,4.610986825751917,-2.4832007414845148,641.4122807017544,Low
Groundnuts,2020-04-01,716.0,7.750188111361922,2.8161148783406365,671.9035087719299,Low
Groundnuts,2020-05-01,664.2631578947369,-7.225815936489266,2.5597269624573427,681.5877192982456,Low
Groundnuts,2020-06-01,681.8947368421053,2.654306314872046,4.424921415330063,687.3859649122807,Low
Groundnuts,2020-07-01,748.3333333333334,9.743233508284455,15.98281534654813,698.1637426900585,High
Groundnuts,2020-08-01,823.6315789473684,10.062126362677294,29.39474119398049,751.2865497076024,High
Groundnuts,2020-09-01,813.421052631579,-1.2396958272094083,27.795923429941706,795.1286549707602,High
Groundnuts,2020-10-01,623.578947368421,-23.3387253316079,0.0,753.5438596491227,Low
Groundnuts,2020-11-01,796.3684210526316,27.70931802835921,26.102175181265117,744.4561403508773,High
Groundnuts,2020-12-01,816.8421052631579,2.5708809728372195,29.56006344436095,745.5964912280701,High
Groundnuts,2021-01-01,841.578947368421,3.0283505154639068,34.75476150345527,818.263157894737,Critical
Groundnuts,2021-02-01,891.8421052631579,5.972482801751089,40.40102742563594,850.0877192982456,Critical
Groundnuts,2021-03-01,1093.2105263157894,22.578931838300377,64.51625678190962,942.2105263157895,Critical
Groundnuts,2021-04-01,1389.5,27.102691252226684,94.06424581005585,1124.8508771929826,Critical
Groundnuts,2021-05-01,1162.9473684210527,-16.304615442889336,75.0732905475002,1215.219298245614,Critical
Groundnuts,2021-06-01,1220.8235294117646,4.976679303147757,79.03401558215133,1257.7569659442725,Critical
Groundnuts,2021-07-01,1341.3529411764705,9.872795605666385,79.24538189440584,1241.7079463364291,Critical
Groundnuts,2021-08-01,1411.8235294117646,5.253694689295263,71.41444858344641,1324.6666666666667,Critical
Groundnuts,2021-09-01,1360.9411764705883,-3.6040164993125234,67.3107884370183,1371.3725490196077,Critical
Groundnuts,2021-10-01,1313.6470588235295,-3.475103734439833,110.66250943321285,1362.137254901961,Critical
Groundnuts,2021-11-01,1281.5294117647059,-2.4449220849006026,60.92167618484841,1318.7058823529412,Critical
Groundnuts,2021-12-01,1274.4705882352941,-0.5508124483613264,56.02410551849606,1289.8823529411764,Critical
Groundnuts,2022-01-01,1355.235294117647,6.337118065171232,61.03483795018947,1303.7450980392157,Critical
Groundnuts,2022-02-01,1441.2941176470588,6.350102000954894,61.6086647110895,1357.0,Critical
Groundnuts,2022-03-01,1495.7058823529412,3.775202024324553,36.81773513410951,1430.7450980392157,Critical
Groundnuts,2022-04-01,1536.764705882353,2.745113462067872,10.59839552949644,1491.2549019607843,Moderate
Groundnuts,2022-05-01,1541.6470588235295,0.3177033492822945,32.563785832942884,1524.7058823529412,Critical
Groundnuts,2023-02-01,1363.625,-11.547523656898662,11.697142719475773,1480.6789215686274,Moderate
Groundnuts,2023-03-01,1384.5625,1.5354294619121855,3.2213414901548054,1429.9448529411766,Low
Groundnuts,2023-04-01,1468.6875,6.075926511082019,4.0276967626349025,1405.625,Low
Groundnuts,2023-05-01,1476.5,0.5319375292565542,8.491096127247566,1443.25,Moderate
Groundnuts,2023-06-01,1808.4556666666665,22.48260526018737,37.66678458415424,1584.5477222222223,Critical
Groundnuts,2023-07-01,2057.4164,13.766482525513958,60.543829982557604,1780.790688888889,Critical
Groundnuts,2023-08-01,2110.6020000000003,2.5850673689584713,65.60617557463308,1992.1580222222221,Critical
Groundnuts,2023-09-01,2063.8825,-2.2135627655048284,52.28960675376537,2077.3003000000003,Critical
Groundnuts,2023-10-01,1925.29,-6.715135188170851,33.58064647783854,2033.2581666666672,Critical
Groundnuts,2023-11-01,1965.8509523809525,2.106745081569672,31.43298930458249,1985.0078174603175,Critical
Groundnuts,2023-12-01,2220.21,12.938877553813466,44.47299521531101,2037.116984126984,Critical
Groundnuts,2024-01-01,2782.2252000000003,25.313605469752876,80.47095695970697,2322.7620507936513,Critical
Groundnuts,2024-02-01,2620.6405,-5.807750573174319,92.18190484920707,2541.0252333333333,Critical
Groundnuts,2024-03-01,2881.722105263158,9.962511273986575,108.13232376748307,2761.5292684210526,Critical
Groundnuts,2024-04-01,2758.1027272727274,-4.289774429139193,87.79370882319945,2753.4884441786285,Critical
Groundnuts,2024-05-01,3066.9263157894734,11.196957439729506,107.71597126918206,2902.2503827751193,Critical
Groundnuts,2024-06-01,3468.472,13.092772465489212,91.79192854603203,3097.8336810207343,Critical
Groundnuts,2024-07-01,3818.614,10.09499283834494,85.60238948226524,3451.337438596491,Critical
Groundnuts,2024-08-01,4034.4,5.650898467349674,91.14925504666438,3773.828666666667,Critical
Groundnuts,2024-09-01,4226.070322580645,4.750900321749074,104.76312593283019,4026.361440860215,Critical
Groundnuts,2024-10-01,3992.747575757576,-5.521033229768646,107.38421618341012,4084.4059661127408,Critical
Groundnuts,2024-11-01,3839.826538461539,-3.8299700743546827,95.32643274969088,4019.5481455999197,Critical
Groundnuts,2024-12-01,4055.089,5.606046507108831,82.64438949468745,3962.5543714063715,Critical
Groundnuts,2025-01-01,4303.501818181818,6.125952307873339,54.678414176602864,4066.139118881119,Critical
Groundnuts,2025-02-01,4280.888333333333,-0.5254670685381102,63.35275034226684,4213.159717171718,Critical
Groundnuts,2025-03-01,3804.4088235294116,-11.130388664749603,32.01858765566135,4129.599658348187,Critical
Groundnuts,2025-04-01,3973.820952380953,4.453047417085276,44.0780618171664,4019.706036414566,Critical
Groundnuts,2025-05-01,4238.481290322581,6.660097198970538,38.199645309428696,4005.5703554109823,Critical
Groundnuts,2025-06-01,4377.564074074074,3.2814296967418555,26.210160383998304,4196.622105592536,High
Groundnuts,2025-07-01,4396.508947368421,0.43277203882743365,15.133630876763693,4337.518103921692,High
Groundnuts,2025-08-01,4391.588333333333,-0.11192093758920496,8.85356765153016,4388.553784925276,Moderate
Groundnuts,2025-09-01,4141.607878787879,-5.692256094407478,-1.9986047875603985,4309.901719829878,Low
Groundnuts,2025-10-01,3792.031621621622,-8.44059281798949,-5.027013361791866,4108.409277914278,Low
Groundnuts,2025-11-01,3465.662894736842,-8.606698452193061,-9.744285060194635,3799.767465048781,Low
Groundnuts,2025-12-01,3139.271818181818,-9.417854144172544,-22.584391657450233,3465.6554448467614,Low
Groundnuts,2026-01-01,2961.8136363636368,-5.652845376128035,-31.176661205293264,3188.9161164274324,Low
Groundnuts,2026-02-01,3204.3546428571426,8.188935438601241,-25.14743685542348,3101.8133658008664,Low
Groundnuts,2026-03-01,3252.745925925926,1.510172514039687,-14.500620811085685,3139.6380683822354,Low
Groundnuts,2026-04-01,4000.0,22.97302313464158,0.6587877997714431,3485.7001895943563,Low
Groundnuts (shelled),2014-07-01,21783.949090909093,,,,
Groundnuts (shelled),2014-08-01,22616.81818181818,3.823315448605502,,22200.383636363636,
Groundnuts (shelled),2014-09-01,18974.909090909092,-16.102658922362668,,21125.225454545453,
Groundnuts (shelled),2014-10-01,18082.272727272728,-4.704298499453829,,19891.333333333332,
Groundnuts (shelled),2014-11-01,17585.704545454544,-2.7461602272441765,,18214.295454545456,
Groundnuts (shelled),2014-12-01,17483.0,-0.5840229215103632,,17716.992424242428,
Groundnuts (shelled),2015-01-01,17137.5,-1.9762054567293963,,17402.06818181818,
Groundnuts (shelled),2015-02-01,17769.333333333332,3.686846584001935,,17463.277777777777,
Groundnuts (shelled),2015-03-01,17991.466666666667,1.2500937945524315,,17632.766666666666,
Groundnuts (shelled),2015-04-01,19621.033333333333,9.057442046599862,,18460.611111111113,
Groundnuts (shelled),2015-05-01,20460.716666666667,4.27950617619528,,19357.73888888889,
Groundnuts (shelled),2015-06-01,22204.56818181818,8.522924898288075,,20762.10606060606,
Groundnuts (shelled),2015-07-01,22376.763636363637,0.7754956238530175,2.721336443546596,21680.68282828283,Low
Groundnuts (shelled),2015-08-01,20368.0,-8.977006992643343,-9.943123580601721,21649.77727272727,Low
Groundnuts (shelled),2015-09-01,19565.866666666665,-3.9382037182508545,3.1144158474029293,20770.210101010103,Low
Groundnuts (shelled),2015-10-01,18319.666666666668,-6.369255301749977,1.312854545302189,19417.844444444443,Low
Groundnuts (shelled),2015-11-01,17841.666666666668,-2.6092177805273065,1.455512462128139,18575.733333333334,Low
Groundnuts (shelled),2015-12-01,16699.466666666667,-6.401868285847733,-4.481686972106235,17620.266666666666,Low
Groundnuts (shelled),2016-01-01,17201.5,3.0062836338086596,0.37345003646973574,17247.544444444444,Low
Groundnuts (shelled),2016-02-01,19304.166666666668,12.223740177697696,8.637540331657556,17735.044444444444,Moderate
Groundnuts (shelled),2016-03-01,18219.713333333333,-5.61771638247357,1.2686384656429572,18241.793333333335,Low
Groundnuts (shelled),2016-04-01,18711.416666666668,2.698743522126401,-4.635926412302438,18745.098888888893,Low
Groundnuts (shelled),2016-05-01,20114.233333333334,7.497116288184125,-1.69340761117035,19015.12111111111,Low
Groundnuts (shelled),2016-06-01,20715.696,2.990234112825574,-6.705251683468072,19847.115333333335,Low
Groundnuts (shelled),2016-07-01,21196.69,2.321881919873703,-5.273656439065855,20675.539777777776,Low
Groundnuts (shelled),2016-08-01,22756.842,7.360356734943063,11.728407305577381,21556.409333333333,Moderate
Groundnuts (shelled),2016-09-01,22626.391333333333,-0.5732371243192147,15.642162541569004,22193.30777777778,High
Groundnuts (shelled),2016-10-01,21599.90066666667,-4.536696336346102,17.905533215669855,22327.711333333336,High
Groundnuts (shelled),2016-11-01,21801.28066666667,0.932319102331669,22.193072396076595,22009.19088888889,High
Groundnuts (shelled),2016-12-01,23649.242000000002,8.476388894707432,41.61675023553648,22350.141111111112,Critical
Groundnuts (shelled),2017-01-01,25887.060666666664,9.462538658391928,50.493042273445134,23779.19444444444,Critical
Groundnuts (shelled),2017-02-01,29388.571428571428,13.52610405249084,52.239523912306105,26308.291365079363,Critical
Groundnuts (shelled),2017-03-01,30589.0,4.084678203383252,67.88957894324719,28621.54403174603,Critical
Groundnuts (shelled),2017-04-01,28322.4,-7.409853215208074,51.36427403946789,29433.32380952381,Critical
Groundnuts (shelled),2017-05-01,28939.5,2.178840776205404,43.87572979001602,29283.633333333335,Critical
Groundnuts (shelled),2017-06-01,30287.3125,4.657345496639542,46.20465805252212,29183.070833333335,Critical
Groundnuts (shelled),2017-07-01,29528.5625,-2.5051744026479694,39.307422526819046,29585.125,Critical
Groundnuts (shelled),2017-08-01,28574.4375,-3.231193526606657,25.56416000075934,29463.4375,High
Groundnuts (shelled),2017-09-01,28203.85714285714,-1.296894670779991,24.650266705619337,28768.952380952378,High
Groundnuts (shelled),2017-10-01,24794.615384615383,-12.087856426776632,14.790413934073566,27190.970009157507,Moderate
Groundnuts (shelled),2017-11-01,24253.23076923077,-2.1834765612881113,11.246816827201522,25750.56776556776,Moderate
Groundnuts (shelled),2017-12-01,24226.53846153846,-0.11005670933611489,2.4410780757305517,24424.79487179487,Low
Groundnuts (shelled),2018-01-01,266.5138461538462,-98.89990950800933,-98.97047467232531,16248.761025641026,Low
Groundnuts (shelled),2018-02-01,25260.714285714286,9378.19959460284,-14.045790394711254,16584.588864468864,Low
Groundnuts (shelled),2018-03-01,26095.35714285714,3.3041142372401966,-14.690388234799634,17207.528424908425,Low
Groundnuts (shelled),2018-04-01,27180.952142857142,4.160107846223338,-4.030194676803022,26179.007857142857,Low
Groundnuts (shelled),2018-05-01,27886.133333333335,2.594394731906058,-3.639892419242441,27054.14753968254,Low
Groundnuts (shelled),2018-07-01,28543.833333333332,2.358519885630117,-5.756467057506898,27870.30626984127,Low
Groundnuts (shelled),2018-08-01,27099.2,-5.061104850434706,-8.22716141363129,27843.05555555555,Low
Groundnuts (shelled),2018-09-01,24221.666666666668,-10.618517643817283,-15.23309368148833,26621.566666666666,Low
Groundnuts (shelled),2018-10-01,20971.07333333333,-13.420188536434342,-25.644661908789924,24097.313333333335,Low
Groundnuts (shelled),2018-11-01,20132.722,-3.997655818602175,-18.80203952471069,21775.154,Low
Groundnuts (shelled),2018-12-01,19646.192,-2.416613113716082,-18.995567283660865,20249.995777777774,Low
Groundnuts (shelled),2019-01-01,11655.624375,-40.67234823420234,-51.88902288494817,17144.846125,Low
Groundnuts (shelled),2019-02-01,11263.983666666667,-3.3601006323896065,4126.415936440499,14188.600013888887,Critical
Groundnuts (shelled),2019-03-01,11650.203666666666,3.4288046878382383,-53.88014948866582,11523.270569444445,Low
Groundnuts (shelled),2019-04-01,11828.608333333334,1.5313437581963907,-54.6715982135118,11580.931888888888,Low
Groundnuts (shelled),2019-05-01,12887.554375,8.952414449995171,-52.58608194714507,12122.122125,Low
Groundnuts (shelled),2019-06-01,13460.164999999999,4.443128683210684,-51.73169101967048,12725.442569444444,Low
Groundnuts (shelled),2019-07-01,25854.166250000002,92.07911827232434,-9.422935777138076,17400.62854166667,Low
Groundnuts (shelled),2019-08-01,11842.764666666666,-54.1939796002253,-56.29847129558561,17052.36530555556,Low
Groundnuts (shelled),2019-09-01,12144.717999999999,2.549686174067345,-49.86010596573317,16613.88297222222,Low
Groundnuts (shelled),2019-10-01,11882.965666666665,-2.1552771610945043,-43.33639734224381,11956.816111111111,Low
Groundnuts (shelled),2019-11-01,23774.0,100.06790111907252,18.086367059556064,15933.894555555555,High
Groundnuts (shelled),2019-12-01,22800.333333333332,-4.095510501668498,16.054721104900803,19485.766333333333,High
Groundnuts (shelled),2020-01-01,11771.386999999999,-48.37186444642623,0.9931911090777623,19448.573444444442,Low
Groundnuts (shelled),2020-02-01,12226.973666666667,3.8702887490375426,8.54928441391265,15599.564666666665,Moderate
Groundnuts (shelled),2020-03-01,13531.974827586208,10.673132996738621,16.152259778115543,12510.111831417626,High
Groundnuts (shelled),2020-04-01,13995.399,3.424660319860018,18.318221430669833,13251.449164750957,High
Groundnuts (shelled),2020-05-01,13709.373703703704,-2.043709481210898,6.3768447045152055,13745.582510429971,Moderate
Groundnuts (shelled),2020-06-01,14568.860689655174,6.269338078655418,8.23686551877465,14091.211131119626,Moderate
Groundnuts (shelled),2020-07-01,16259.032068965516,11.601259805514319,-37.11252603643517,14845.755487441464,Low
Groundnuts (shelled),2020-08-01,17741.80517241379,9.119688657718573,49.811346182964414,16189.899310344825,Critical
Groundnuts (shelled),2020-09-01,17709.78620689655,-0.18047185845003755,45.82295123605631,17236.87448275862,Critical
Groundnuts (shelled),2020-10-01,16090.463103448275,-9.143662631103243,35.4078060545459,17180.684827586203,Critical
Groundnuts (shelled),2020-11-01,15527.285862068964,-3.5000685670670273,-34.68795380638948,16442.51172413793,Low
Groundnuts (shelled),2020-12-01,16176.62827586207,4.18194409223418,-29.050913250411238,15931.459080459768,Low
Groundnuts (shelled),2021-01-01,17481.545172413793,8.066680363168466,48.50879656249341,16395.153103448276,Critical
Groundnuts (shelled),2021-02-01,19300.126896551723,10.402866029300917,57.8487647288223,17652.766781609196,Critical
Groundnuts (shelled),2021-03-01,21007.39483870968,8.84588972553848,55.2426390557875,19263.0223025584,Critical
Groundnuts (shelled),2021-04-01,22172.223548387097,5.544850842385385,58.42509062004662,20826.581761216166,Critical
Groundnuts (shelled),2021-05-01,23158.452580645164,4.448038466262938,68.92421988897064,22112.690322580645,Critical
Groundnuts (shelled),2021-06-01,23478.616451612903,1.3824925039910507,61.15616005776092,22936.430860215056,Critical
Groundnuts (shelled),2021-07-01,25146.060322580644,7.1019681862607875,54.659024079165654,23927.709784946233,Critical
Groundnuts (shelled),2021-08-01,25214.305161290322,0.2713937604309047,42.11803655974815,24612.993978494622,Critical
Groundnuts (shelled),2021-09-01,24344.01290322581,-3.451581364219425,37.460794945936456,24901.45946236559,Critical
Groundnuts (shelled),2021-10-01,24036.158387096777,-1.2646005297189067,49.38139587757231,24531.492150537637,Critical
Groundnuts (shelled),2021-11-01,23324.449999999997,-2.9609905860781938,50.21588581027183,23901.54043010753,Critical
Groundnuts (shelled),2021-12-01,24569.541935483874,5.338140601316965,51.88296050633294,23976.716774193552,Critical
Groundnuts (shelled),2022-01-01,28868.518709677417,17.49717917200917,65.13711130771485,25587.5035483871,Critical
Groundnuts (shelled),2022-02-01,28868.518709677417,0.0,49.576833688255384,27435.526451612906,Critical
Groundnuts (shelled),2022-03-01,29434.93612903226,1.9620591726619008,40.1170223867712,29057.32451612903,Critical
Groundnuts (shelled),2022-04-01,29481.550967741936,0.15836568662943584,32.966145246567066,29261.668602150534,Critical
Groundnuts (shelled),2022-05-01,29411.16387096774,-0.23874963990603293,26.999693820425307,29442.550322580646,High
Groundnuts (shelled),2022-06-01,30593.427741935484,4.019779278897495,30.30336691680917,29828.714193548385,Critical
Groundnuts (shelled),2022-07-01,32270.400322580645,5.481479861592864,28.33183372904935,30758.33064516129,High
Groundnuts (shelled),2022-08-01,31881.037741935485,-1.2065625983967432,26.440278794119255,31581.621935483872,High
Groundnuts (shelled),2022-09-01,30806.220967741934,-3.3713355973346015,26.54536904086107,31652.553010752687,High
Groundnuts (shelled),2022-10-01,29087.836774193547,-5.578042809430461,21.016995751736435,30591.69849462366,High
Groundnuts (shelled),2022-11-01,28251.40258064516,-2.8755462293107437,21.12355309833742,29381.820107526884,High
Groundnuts (shelled),2022-12-01,28572.249032258063,1.1356832663335092,16.29133789829997,28637.162795698925,High
Groundnuts (shelled),2023-01-01,28779.93677419355,0.7268862234156126,-0.30684614051282866,28534.52946236559,Low
Maize,2002-01-01,164.635,,,,
Maize,2002-02-01,169.76,3.112946821757223,,167.1975,
Maize,2002-03-01,176.595,4.026272384542895,,170.33,
Maize,2002-04-01,189.29500000000002,7.191596591069982,,178.54999999999998,
Maize,2002-05-01,198.855,5.050318286272737,,188.24833333333333,
Maize,2002-06-01,205.04,3.110306504739646,,197.73,
Maize,2002-07-01,231.28,12.797502926258296,,211.725,
Maize,2002-08-01,210.72,-8.889657557938435,,215.67999999999998,
Maize,2002-09-01,134.26,-36.28511769172362,,192.08666666666667,
Maize,2002-10-01,107.39500000000001,-20.00968270519885,,150.79166666666666,
Maize,2002-11-01,98.27666666666666,-8.490463553548445,,113.31055555555555,
Maize,2002-12-01,109.24333333333334,11.158972967472792,,104.97166666666668,
Maize,2003-01-01,112.44333333333333,2.9292405333658733,-31.70144056043166,106.65444444444444,Low
Maize,2003-02-01,117.52333333333333,4.517831203865641,-30.770892240025137,113.07000000000001,Low
Maize,2003-03-01,102.44,-12.834330771194368,-41.991562615023085,110.80222222222221,Low
Maize,2003-04-01,101.07,-1.3373682155408129,-46.607147573892604,107.0111111111111,Low
Maize,2003-05-01,102.64,1.5533788463441223,-48.38450126976943,102.05,Low
Maize,2003-06-01,93.06,-9.333593141075603,-54.613733905579394,98.92333333333333,Low
Maize,2003-07-01,78.675,-15.457769181173441,-65.9827914216534,91.45833333333333,Low
Maize,2003-08-01,81.11666666666667,3.1034848003389515,-61.5049987344976,84.2838888888889,Low
Maize,2003-09-01,84.28666666666668,3.9079515101705375,-37.22131188241718,81.35944444444446,Low
Maize,2003-10-01,75.86500000000001,-9.991695009095947,-29.358908701522413,80.4227777777778,Low
Maize,2003-11-01,73.46000000000001,-3.1701047914057923,-25.25184004341483,77.87055555555555,Low
Maize,2003-12-01,79.58,8.331064524911502,-27.153449485857262,76.30166666666666,Low
Maize,2005-01-01,149.325,87.64136717768282,32.80022529866895,100.78833333333334,Critical
Maize,2005-02-01,167.22333333333333,11.986159941961061,42.28947443060953,132.0427777777778,Critical
Maize,2005-03-01,168.84,0.9667709849104034,64.8184303006638,161.79611111111112,Critical
Maize,2005-04-01,197.495,16.9716891731817,95.40417532403286,177.8527777777778,Critical
Maize,2005-05-01,200.70666666666668,1.6262015072111558,95.54429722005717,189.01388888888889,Critical
Maize,2005-06-01,232.89666666666668,16.038331229655213,150.26506196718964,210.3661111111111,Critical
Maize,2005-07-01,250.47,7.545549528403139,218.36034318398475,228.02444444444447,Critical
Maize,2005-08-01,244.97333333333333,-2.1945409297187912,202.0012327922745,242.77999999999997,Critical
Maize,2005-09-01,144.67666666666665,-40.94187122407882,71.64834295657671,213.37333333333333,Critical
Maize,2005-10-01,126.77000000000001,-12.377024629633882,67.09945297568048,172.14,Critical
Maize,2005-11-01,129.16333333333333,1.887933527911434,75.82811507396312,133.53666666666666,Critical
Maize,2005-12-01,129.23333333333332,0.054194946966368285,62.39423640780763,128.38888888888889,Critical
Maize,2006-01-01,129.61,0.2914624709827285,-13.202745688933515,129.33555555555554,Low
Maize,2006-02-01,148.58,14.636216341331675,-11.148763131141981,135.80777777777777,Low
Maize,2006-03-01,136.11666666666667,-8.38829811100642,-19.38126826186527,138.10222222222225,Low
Maize,2006-04-01,137.175,0.7775192849271528,-30.542545380895714,140.6238888888889,Low
Maize,2006-05-01,137.13,-0.03280481137234448,-31.67641001793663,136.80722222222224,Low
Maize,2006-06-01,136.56,-0.4156639684970376,-41.364553664715395,136.955,Low
Maize,2007-01-01,97.6,-28.52958406561219,-61.03325747594523,123.76333333333332,Low
Maize,2007-02-01,113.71333333333332,16.509562841530045,-53.5813421869047,115.95777777777778,Low
Maize,2007-03-01,108.54333333333334,-4.546520490121342,-24.9752321268115,106.61888888888889,Low
Maize,2007-04-01,112.725,3.8525320148634856,-11.07911966553602,111.66055555555556,Low
Maize,2008-01-01,174.505,54.805943668219115,35.10413171952824,131.92444444444445,Critical
Maize,2008-02-01,180.985,3.7133606486920323,40.045137993293814,156.0716666666667,Critical
Maize,2008-03-01,187.5675,3.637041743790914,44.7168428362009,181.01916666666668,Critical
Maize,2008-04-01,186.03,-0.8197049062337536,25.20527661865661,184.86083333333332,High
Maize,2008-05-01,214.1475,15.114497661667482,57.32643565568751,195.915,Critical
Maize,2008-06-01,229.7275,7.275359273397997,67.47038454528884,209.96833333333333,Critical
Maize,2008-07-01,241.77749999999997,5.245345028348791,76.31262305841172,228.55083333333332,Critical
Maize,2008-08-01,224.8425,-7.004373856128043,64.64740773286468,232.1158333333333,Critical
Maize,2008-09-01,185.745,-17.388838853864375,90.31250000000001,217.455,Critical
Maize,2008-10-01,165.20499999999998,-11.058171148617735,45.2819956616052,191.93083333333334,Critical
Maize,2008-11-01,183.5,11.074120032686663,69.05690507631361,178.15,Critical
Maize,2008-12-01,177.25,-3.4059945504087197,57.241073408738096,175.31833333333336,Critical
Maize,2009-01-01,167.262,-5.634978843441463,-4.150597404085843,176.004,Low
Maize,2009-02-01,183.296,9.58615824275686,1.276901400668562,175.936,Low
Maize,2009-07-01,203.0,10.749825418994408,8.2277046929772,184.51933333333332,Moderate
Maize,2009-08-01,185.548,-8.597044334975369,-0.2590979949470551,190.6146666666667,Low
Maize,2009-09-01,160.69400000000002,-13.39491667924202,-24.96106655459438,183.08066666666664,Low
Maize,2009-10-01,137.01600000000002,-14.734837641728992,-40.35716229010456,161.086,Low
Maize,2009-11-01,143.134,4.46517195072107,-40.79928860212385,146.948,Low
Maize,2009-12-01,165.834,15.859264744924339,-26.244371059741823,148.66133333333332,Low
Maize,2010-01-01,172.536,4.041390788378729,-7.111362351611083,160.50133333333332,Low
Maize,2010-02-01,162.41199999999998,-5.8677609310520795,-1.6906267970097755,166.92733333333334,Low
Maize,2010-03-01,162.31400000000002,-0.060340368938227584,-11.545504087193448,165.754,Low
Maize,2010-04-01,176.00799999999998,8.436733738309666,-0.7007052186177809,166.91133333333332,Low
Maize,2010-05-01,176.98,0.5522476251079489,5.810046513852507,171.76733333333334,Moderate
Maize,2010-06-01,195.792,10.629449655328283,6.817388268156432,182.92666666666665,Moderate
Maize,2010-07-01,190.144,-2.884693960938134,-6.3330049261083765,187.63866666666664,Low
Maize,2010-08-01,183.73000000000002,-3.3732329182093457,-0.9798003751050888,189.88866666666664,Low
Maize,2010-09-01,159.61399999999998,-13.125782398084162,-0.6720848320410422,177.82933333333335,Low
Maize,2010-10-01,160.652,0.6503188943325799,17.250540082910003,167.99866666666665,High
Maize,2010-11-01,150.584,-6.2669621293229945,5.204912878840817,156.95,Moderate
Maize,2010-12-01,162.204,7.716623280029755,-2.188935923875679,157.81333333333333,Low
Maize,2011-01-01,162.42000000000002,0.1331656432640438,-5.863124217554594,158.40266666666668,Low
Maize,2011-02-01,158.704,-2.2878955793621536,-2.283082530847458,161.10933333333335,Low
Maize,2011-03-01,160.93800000000002,1.4076519810464871,-0.8477395665192233,160.68733333333333,Low
Maize,2011-04-01,173.702,7.931004486199633,-1.3101677196491024,164.448,Low
Maize,2011-05-01,178.63,2.8370427513787932,0.9323087354503379,171.09,Low
Maize,2011-06-01,169.718,-4.989083580585573,-13.3171937566397,174.01666666666665,Low
Maize,2011-07-01,170.732,0.5974616717142611,-10.209104678559411,173.02666666666667,Low
Maize,2011-08-01,170.592,-0.08199985942880517,-7.15071028139117,170.34733333333335,Low
Maize,2011-09-01,164.48399999999998,-3.5804727068092457,3.0511108048166147,168.60266666666666,Low
Maize,2011-10-01,155.452,-5.491111597480591,-3.236809999253032,163.50933333333333,Low
Maize,2011-11-01,169.982,9.346936674986495,12.88184667693779,163.306,Moderate
Maize,2011-12-01,183.152,7.747879187208051,12.914601366180856,169.52866666666668,Moderate
Maize,2012-01-01,178.388,-2.6011181969074815,9.831301563846818,177.17399999999998,Moderate
Maize,2012-02-01,183.93800000000002,3.1111958203466683,15.900040326645826,181.82600000000002,High
Maize,2012-03-01,187.73,2.061564222727208,16.647404590587666,183.352,High
Maize,2012-04-01,198.612,5.7966228093538685,14.340652381665153,190.09333333333333,Moderate
Maize,2012-05-01,208.18199999999996,4.818439973415489,16.54369366847672,198.17466666666667,High
Maize,2012-07-01,227.262,9.165057497766394,33.905655263437005,211.35199999999998,Critical
Maize,2012-08-01,229.416,0.9478047363835618,34.37199821943162,221.62,Critical
Maize,2012-09-01,216.916,-5.44861735885902,27.15484899643592,224.53133333333332,High
Maize,2012-10-01,187.18400000000003,-13.706688303306336,13.800734417937344,211.17200000000003,Moderate
Maize,2012-11-01,195.25799999999998,4.313402854944837,25.606618120062773,199.78599999999997,High
Maize,2012-12-01,191.48600000000002,-1.9318030503231443,12.650751256015358,191.30933333333337,Moderate
Maize,2013-01-01,194.19400000000002,1.4142026048901801,6.028872193587853,193.646,Moderate
Maize,2013-02-01,203.042,4.556268473794245,13.820436352220987,196.2406666666667,Moderate
Maize,2013-03-01,210.404,3.625850809192177,14.388543965901546,202.54666666666665,Moderate
Maize,2013-04-01,218.618,3.903918176460519,16.45341714163959,210.688,High
Maize,2013-05-01,222.402,1.7308730296681896,11.97812820977584,217.14133333333334,Moderate
Maize,2013-06-01,229.98600000000002,3.410041276607245,10.473527970717967,223.66866666666667,Moderate
Maize,2013-07-01,241.5,5.006391693407419,6.26501570874145,231.29600000000002,Moderate
Maize,2013-08-01,232.67199999999997,-3.655486542443076,1.4192558496355812,234.7193333333333,Low
Maize,2013-09-01,201.226,-13.51516297620684,-7.233214700621438,225.13266666666664,Low
Maize,2013-10-01,178.466,-11.310665619750926,-4.6574493546457045,204.12133333333335,Low
Maize,2013-11-01,186.066,4.2585142267995035,-4.707617613618897,188.586,Low
Maize,2013-12-01,184.916,-0.618060258187958,-3.4310602341685703,183.14933333333332,Low
Maize,2014-01-01,184.03199999999998,-0.4780549006035306,-5.232911418478448,185.00466666666668,Low
Maize,2014-02-01,184.98,0.5151278038602047,-8.8956964568907,184.64266666666663,Low
Maize,2014-03-01,187.55599999999998,1.3925829819439794,-10.85910914241175,185.52266666666665,Low
Maize,2014-04-01,184.71599999999998,-1.5142144212928477,-15.507414759992322,185.75066666666666,Low
Maize,2014-05-01,179.92000000000002,-2.5964182853677853,-19.101446929434076,184.064,Low
Maize,2014-06-01,178.334,-0.8815028901734134,-22.458758359204477,180.99,Low
Maize,2014-07-01,173.308,-2.818307221281424,-28.236853002070394,177.18733333333333,Low
Maize,2014-08-01,171.058,-1.2982666697440415,-26.481054875532926,174.23333333333335,Low
Maize,2014-09-01,161.144,-5.795695027417591,-19.9188971604067,168.50333333333333,Low
Maize,2014-10-01,159.05599999999998,-1.2957354912376595,-10.876021202918217,163.75266666666664,Low
Maize,2015-01-01,137.945,-13.272683834624278,-25.862328421097892,152.715,Low
Maize,2015-02-01,136.51999999999998,-1.0330204066838267,-26.17188344978262,144.50699999999998,Low
Maize,2015-03-01,137.58249999999998,0.7782742455317848,-25.23990392975135,137.34916666666666,Low
Maize,2015-04-01,145.75,5.93643813711775,-21.207698129527508,139.95083333333332,Low
Maize,2015-05-01,149.25,2.401372212692965,-20.42376676832519,144.19416666666666,Low
Maize,2015-06-01,162.4,8.810720268006712,-12.081249052599652,152.46666666666667,Low
Maize,2015-07-01,149.25,-8.097290640394094,-17.04646509559805,153.63333333333333,Low
Maize,2015-08-01,164.66666666666666,10.329424902289208,-7.663896583564178,158.7722222222222,Low
Maize,2015-09-01,178.0,8.097165991902845,2.707318761972899,163.9722222222222,Low
Maize,2015-10-01,164.0,-7.86516853932584,-4.126085888996711,168.88888888888889,Low
Maize,2015-12-01,143.33333333333334,-12.601626016260159,-11.052640288603154,161.7777777777778,Low
Maize,2016-01-01,150.0,4.6511627906976605,-5.693592193944264,152.44444444444446,Low
Maize,2016-02-01,143.0,-4.666666666666663,3.664503968973154,145.44444444444446,Low
Maize,2016-03-01,143.66666666666666,0.4662004662004504,5.234886219357371,145.55555555555554,Moderate
Maize,2016-04-01,149.66666666666666,4.17633410672853,8.783214919533133,145.44444444444443,Moderate
Maize,2016-05-01,142.75,-4.621380846325163,-2.0583190394511175,145.36111111111111,Low
Maize,2016-06-01,154.75,8.406304728546399,3.685092127303191,149.05555555555554,Low
Maize,2016-07-01,165.25,6.785137318255252,1.7549261083743772,154.25,Low
Maize,2016-08-01,202.0,22.23903177004538,35.34338358458962,174.0,Critical
Maize,2016-09-01,206.5,2.2277227722772297,25.404858299595155,191.25,High
Maize,2016-10-01,206.5,0.0,16.01123595505618,205.0,High
Maize,2016-11-01,176.5,-14.527845036319608,7.621951219512191,196.5,Moderate
Maize,2017-01-01,176.5,0.0,23.139534883720913,186.5,High
Maize,2017-02-01,197.33333333333334,11.803588290840427,31.555555555555557,183.44444444444446,Critical
Maize,2017-03-01,221.0,11.993243243243246,54.54545454545454,198.2777777777778,Critical
Maize (white),2003-08-01,2500.0,,,,
Maize (white),2003-09-01,2500.0,0.0,,2500.0,
Maize (white),2003-10-01,2500.0,0.0,,2500.0,
Maize (white),2003-11-01,2500.0,0.0,,2500.0,
Maize (white),2003-12-01,2500.0,0.0,,2500.0,
Maize (white),2004-01-01,3000.0,19.999999999999996,,2666.6666666666665,
Maize (white),2004-02-01,3000.0,0.0,,2833.3333333333335,
Maize (white),2004-03-01,3600.0,19.999999999999996,,3200.0,
Maize (white),2004-04-01,3800.0,5.555555555555558,,3466.6666666666665,
Maize (white),2004-05-01,4000.0,5.263157894736836,,3800.0,
Maize (white),2004-06-01,4000.0,0.0,,3933.3333333333335,
Maize (white),2004-07-01,5000.0,25.0,,4333.333333333333,
Maize (white),2004-08-01,6000.0,19.999999999999996,140.0,5000.0,Critical
Maize (white),2004-09-01,6500.0,8.333333333333325,160.0,5833.333333333333,Critical
Maize (white),2004-10-01,6000.0,-7.692307692307687,140.0,6166.666666666667,Critical
Maize (white),2004-11-01,6500.0,8.333333333333325,160.0,6333.333333333333,Critical
Maize (white),2004-12-01,6000.0,-7.692307692307687,140.0,6166.666666666667,Critical
Maize (white),2005-01-01,7000.0,16.666666666666675,133.33333333333334,6500.0,Critical
Maize (white),2005-02-01,7100.0,1.4285714285714235,136.66666666666666,6700.0,Critical
Maize (white),2005-03-01,6000.0,-15.492957746478876,66.66666666666667,6700.0,Critical
Maize (white),2005-04-01,6500.0,8.333333333333325,71.05263157894737,6533.333333333333,Critical
Maize (white),2005-05-01,6500.0,0.0,62.5,6333.333333333333,Critical
Maize (white),2005-06-01,6000.0,-7.692307692307687,50.0,6333.333333333333,Critical
Maize (white),2005-07-01,6000.0,0.0,19.999999999999996,6166.666666666667,High
Maize (white),2005-08-01,5500.0,-8.333333333333337,-8.333333333333337,5833.333333333333,Low
Maize (white),2005-09-01,5000.0,-9.090909090909093,-23.076923076923073,5500.0,Low
Maize (white),2005-10-01,4500.0,-9.999999999999998,-25.0,5000.0,Low
Maize (white),2005-11-01,4000.0,-11.111111111111116,-38.46153846153846,4500.0,Low
Maize (white),2005-12-01,3500.0,-12.5,-41.666666666666664,4000.0,Low
Maize (white),2006-01-01,3500.0,0.0,-50.0,3666.6666666666665,Low
Maize (white),2006-02-01,3300.0,-5.714285714285716,-53.52112676056338,3433.3333333333335,Low
Maize (white),2006-03-01,3300.0,0.0,-44.99999999999999,3366.6666666666665,Low
Maize (white),2006-04-01,3300.0,0.0,-49.23076923076923,3300.0,Low
Maize (white),2006-05-01,3300.0,0.0,-49.23076923076923,3300.0,Low
Maize (white),2006-06-01,3300.0,0.0,-44.99999999999999,3300.0,Low
Maize (white),2006-07-01,3000.0,-9.090909090909093,-50.0,3200.0,Low
Maize (white),2006-08-01,3000.0,0.0,-45.45454545454546,3100.0,Low
Maize (white),2006-09-01,3000.0,0.0,-40.0,3000.0,Low
Maize (white),2006-10-01,3000.0,0.0,-33.333333333333336,3000.0,Low
Maize (white),2006-11-01,2500.0,-16.666666666666664,-37.5,2833.3333333333335,Low
Maize (white),2006-12-01,2875.0,14.999999999999991,-17.85714285714286,2791.6666666666665,Low
Maize (white),2007-01-01,3150.0,9.565217391304337,-9.999999999999998,2841.6666666666665,Low
Maize (white),2007-02-01,2350.0,-25.396825396825395,-28.787878787878785,2791.6666666666665,Low
Maize (white),2007-03-01,2450.0,4.255319148936176,-25.757575757575758,2650.0,Low
Maize (white),2007-04-01,2350.0,-4.081632653061229,-28.787878787878785,2383.3333333333335,Low
Maize (white),2007-05-01,2350.0,0.0,-28.787878787878785,2383.3333333333335,Low
Maize (white),2007-06-01,2400.0,2.127659574468077,-27.27272727272727,2366.6666666666665,Low
Maize (white),2007-07-01,2375.0,-1.041666666666663,-20.833333333333336,2375.0,Low
Maize (white),2007-08-01,2765.0,16.42105263157896,-7.833333333333337,2513.3333333333335,Low
Maize (white),2007-09-01,2795.0,1.0849909584086825,-6.833333333333336,2645.0,Low
Maize (white),2007-10-01,4000.0,43.11270125223614,33.33333333333333,3186.6666666666665,Critical
Maize (white),2007-11-01,4300.0,7.499999999999996,72.0,3698.3333333333335,Critical
Maize (white),2007-12-01,4420.0,2.7906976744185963,53.7391304347826,4240.0,Critical
Maize (white),2008-01-01,5500.0,24.434389140271495,74.60317460317461,4740.0,Critical
Maize (white),2008-02-01,5500.0,0.0,134.04255319148936,5140.0,Critical
Maize (white),2008-03-01,5800.0,5.454545454545445,136.73469387755102,5600.0,Critical
Maize (white),2008-04-01,5200.0,-10.344827586206895,121.27659574468086,5500.0,Critical
Maize (white),2008-05-01,6400.0,23.076923076923084,172.3404255319149,5800.0,Critical
Maize (white),2008-06-01,6400.0,0.0,166.66666666666666,6000.0,Critical
Maize (white),2008-07-01,7400.0,15.625,211.57894736842104,6733.333333333333,Critical
Maize (white),2008-08-01,6500.0,-12.16216216216216,135.08137432188065,6766.666666666667,Critical
Maize (white),2008-09-01,6800.0,4.615384615384621,143.29159212880143,6900.0,Critical
Maize (white),2008-10-01,6500.0,-4.411764705882348,62.5,6600.0,Critical
Maize (white),2008-11-01,4500.0,-30.76923076923077,4.651162790697683,5933.333333333333,Low
Maize (white),2008-12-01,4400.0,-2.2222222222222254,-0.4524886877828038,5133.333333333333,Low
Maize (white),2009-01-01,5500.0,25.0,0.0,4800.0,Low
Maize (white),2009-02-01,5700.0,3.6363636363636376,3.6363636363636376,5200.0,Low
Maize (white),2009-03-01,5200.0,-8.771929824561408,-10.344827586206895,5466.666666666667,Low
Maize (white),2009-04-01,5200.0,0.0,0.0,5366.666666666667,Low
Maize (white),2009-05-01,5000.0,-3.8461538461538436,-21.875,5133.333333333333,Low
Maize (white),2009-06-01,5100.0,2.0000000000000018,-20.3125,5100.0,Low
Maize (white),2009-07-01,5800.0,13.725490196078427,-21.62162162162162,5300.0,Low
Maize (white),2009-08-01,6400.0,10.344827586206895,-1.538461538461533,5766.666666666667,Low
Maize (white),2009-09-01,6800.0,6.25,0.0,6333.333333333333,Low
Maize (white),2009-10-01,6500.0,-4.411764705882348,0.0,6566.666666666667,Low
Maize (white),2009-11-01,4500.0,-30.76923076923077,0.0,5933.333333333333,Low
Maize (white),2009-12-01,5300.0,17.777777777777782,20.45454545454546,5433.333333333333,High
Maize (white),2010-01-01,5300.0,0.0,-3.6363636363636376,5033.333333333333,Low
Maize (white),2010-02-01,5300.0,0.0,-7.017543859649122,5300.0,Low
Maize (white),2010-03-01,5300.0,0.0,1.9230769230769162,5300.0,Low
Maize (white),2010-04-01,5100.0,-3.7735849056603765,-1.9230769230769273,5233.333333333333,Low
Maize (white),2010-05-01,5300.0,3.9215686274509887,6.000000000000005,5233.333333333333,Moderate
Maize (white),2010-06-01,5200.0,-1.8867924528301883,1.9607843137254832,5200.0,Low
Maize (white),2010-07-01,5500.0,5.769230769230771,-5.1724137931034475,5333.333333333333,Low
Maize (white),2010-08-01,4500.0,-18.181818181818176,-29.6875,5066.666666666667,Low
Maize (white),2010-09-01,4350.0,-3.3333333333333326,-36.029411764705884,4783.333333333333,Low
Maize (white),2010-10-01,4350.0,0.0,-33.07692307692308,4400.0,Low
Maize (white),2010-11-01,4800.0,10.344827586206895,6.666666666666665,4500.0,Moderate
Maize (white),2010-12-01,4800.0,0.0,-9.433962264150942,4650.0,Low
Maize (white),2011-01-01,4500.0,-6.25,-15.094339622641506,4700.0,Low
Maize (white),2011-02-01,4500.0,0.0,-15.094339622641506,4600.0,Low
Maize (white),2011-03-01,5000.0,11.111111111111116,-5.660377358490565,4666.666666666667,Low
Maize (white),2011-04-01,5600.0,12.00000000000001,9.80392156862746,5033.333333333333,Moderate
Maize (white),2011-05-01,5800.0,3.571428571428581,9.433962264150942,5466.666666666667,Moderate
Maize (white),2011-06-01,6000.0,3.4482758620689724,15.384615384615374,5800.0,High
Maize (white),2011-07-01,5500.0,-8.333333333333337,0.0,5766.666666666667,Low
Maize (white),2011-08-01,5500.0,0.0,22.222222222222232,5666.666666666667,High
Maize (white),2011-09-01,5500.0,0.0,26.436781609195403,5500.0,High
Maize (white),2011-10-01,5650.0,2.7272727272727337,29.885057471264375,5550.0,High
Maize (white),2011-11-01,5500.0,-2.6548672566371723,14.583333333333325,5550.0,Moderate
Maize (white),2011-12-01,6500.0,18.181818181818187,35.41666666666667,5883.333333333333,Critical
Maize (white),2012-01-01,5500.0,-15.384615384615385,22.222222222222232,5833.333333333333,High
Maize (white),2012-02-01,6300.0,14.54545454545455,39.99999999999999,6100.0,Critical
Maize (white),2012-03-01,6200.0,-1.5873015873015928,24.0,6000.0,High
Maize (white),2012-04-01,6800.0,9.677419354838701,21.42857142857142,6433.333333333333,High
Maize (white),2012-05-01,6324.9974999999995,-6.985330882352947,9.051681034482751,6441.665833333333,Moderate
Maize (white),2012-06-01,6671.875,5.484231416692276,11.197916666666675,6598.9574999999995,Moderate
Maize (white),2012-07-01,7062.5,5.854800936768156,28.409090909090917,6686.4574999999995,High
Maize (white),2012-08-01,7130.0,0.9557522123893714,29.63636363636364,6954.791666666667,High
Maize (white),2012-09-01,6918.75,-2.962833099579243,25.795454545454554,7037.083333333333,High
Maize (white),2012-10-01,6102.5,-11.797651309846435,8.008849557522124,6717.083333333333,Moderate
Maize (white),2012-11-01,6325.0,3.646046702171235,14.999999999999991,6448.75,Moderate
Maize (white),2012-12-01,6575.0,3.9525691699604737,1.1538461538461497,6334.166666666667,Low
Maize (white),2013-01-01,6487.5,-1.3307984790874472,17.954545454545446,6462.5,High
Maize (white),2013-02-01,6803.125,4.86512524084779,7.986111111111116,6621.875,Moderate
Maize (white),2013-03-01,7118.75,4.639412034910428,14.818548387096776,6803.125,Moderate
Maize (white),2013-04-01,7331.25,2.9850746268656803,7.8125,7084.375,Moderate
Maize (white),2013-05-01,7700.0,5.029838022165389,21.73917855303502,7383.333333333333,High
Maize (white),2013-06-01,8331.25,8.198051948051944,24.871194379391092,7787.5,High
Maize (white),2013-07-01,8707.5,4.516129032258065,23.292035398230084,8246.25,High
Maize (white),2013-08-01,8600.0,-1.2345679012345734,20.617110799438997,8546.25,High
Maize (white),2013-09-01,7825.0,-9.011627906976749,13.098464317976521,8377.5,Moderate
Maize (white),2013-10-01,7267.5,-7.124600638977641,19.090536665301116,7897.5,High
Maize (white),2013-11-01,6794.583333333333,-6.507281275083132,7.424242424242422,7295.694444444444,Moderate
Maize (white),2013-12-01,6145.833333333333,-9.548046851045566,-6.527249683143221,6735.972222222222,Low
Maize (white),2014-01-01,6300.0,2.5084745762711913,-2.8901734104046284,6413.472222222222,Low
Maize (white),2014-02-01,6104.166666666667,-3.108465608465605,-10.274077476649824,6183.333333333333,Low
Maize (white),2014-03-01,6241.666666666667,2.2525597269624553,-12.320749195200465,6215.277777777778,Low
Maize (white),2014-04-01,6075.0,-2.6702269692923997,-17.13554987212276,6140.277777777778,Low
Maize (white),2014-05-01,3029.605,-50.12995884773663,-60.65448051948052,5115.4238888888885,Low
Maize (white),2014-06-01,6000.0,98.04561980852289,-27.981995498874724,5034.868333333333,Low
Maize (white),2014-07-01,5427.272727272727,-9.545454545454547,-37.67128650849582,4818.959242424243,Low
Maize (white),2014-08-01,5285.0,-2.6214405360133974,-38.54651162790697,5570.757575757576,Low
Maize (white),2014-09-01,5041.218181818182,-4.612711791519741,-35.57548649433634,5251.163636363636,Low
Maize (white),2014-10-01,4897.575454545455,-2.8493654131216406,-32.60990086624761,5074.5978787878785,Low
Maize (white),2014-11-01,4969.090909090909,1.4602215975882737,-26.866878139337814,4969.294848484848,Low
Maize (white),2014-12-01,4786.636363636364,-3.6717892425905507,-22.11574730354391,4884.434242424242,Low
Maize (white),2015-01-01,4583.666666666667,-4.240340847941559,-27.243386243386237,4779.79797979798,Low
Maize (white),2015-02-01,4517.0,-1.4544396771143941,-26.00136518771331,4629.101010101011,Low
Maize (white),2015-03-01,4505.466666666666,-0.25533170983692566,-27.81628838451269,4535.377777777778,Low
Maize (white),2015-04-01,4957.683333333333,10.037066082684753,-18.3920438957476,4660.05,Low
Maize (white),2015-05-01,5083.6,2.539828750659767,67.79745214310118,4848.916666666667,Critical
Maize (white),2015-06-01,5255.0,3.3716264064835855,-12.416666666666664,5098.761111111111,Low
Maize (white),2015-07-01,5238.0,-0.32350142721218056,-3.4874371859296427,5192.2,Low
Maize (white),2015-08-01,5159.166666666667,-1.505027364133893,-2.3809523809523725,5217.38888888889,Low
Maize (white),2015-09-01,5751.266666666666,11.476659667258904,14.084859239168978,5382.811111111111,Moderate
Maize (white),2015-10-01,5581.333333333333,-2.9547114258887897,13.961150474022421,5497.2555555555555,Moderate
Maize (white),2015-11-01,5592.666666666667,0.20305781175347093,12.54909135260398,5641.7555555555555,Moderate
Maize (white),2015-12-01,5384.8,-3.716771963285259,12.496533910698338,5519.599999999999,Moderate
Maize (white),2016-01-01,6139.0,14.0060912197296,33.93207766707875,5705.488888888889,Critical
Maize (white),2016-02-01,6992.666666666667,13.905630667318247,54.80776326470371,6172.155555555556,Critical
Maize (white),2016-03-01,7488.933333333333,7.096958718657631,66.21881566097483,6873.533333333334,Critical
Maize (white),2016-04-01,8191.333333333333,9.37917282390015,65.22502109520238,7557.644444444445,Critical
Maize (white),2016-05-01,9573.0,16.867420851306257,88.31143284286725,8417.755555555555,Critical
Maize (white),2016-06-01,10669.333333333334,11.452348619380913,103.03203298445926,9477.888888888889,Critical
Maize (white),2016-07-01,11455.0,7.3637840539865,118.69033982436044,10565.77777777778,Critical
Maize (white),2016-08-01,14335.733333333334,25.14826131238179,177.8691649168147,12153.355555555556,Critical
Maize (white),2016-09-01,13410.0,-6.4575233914321295,133.16602719400942,13066.91111111111,Critical
Maize (white),2016-10-01,11509.666666666666,-14.171016654238134,106.21715241280461,13085.133333333331,Critical
Maize (white),2016-11-01,11980.8,4.093370789770923,114.2233877696984,12300.155555555555,Critical
Maize (white),2016-12-01,12296.0,2.6308760683760646,128.3464566929134,11928.822222222223,Critical
Maize (white),2017-01-01,13994.666666666666,13.814790717848613,127.9632947819949,12757.155555555555,Critical
Maize (white),2017-02-01,13835.595,-1.1366592035060963,97.85863762036418,13375.420555555555,Critical
Maize (white),2017-03-01,13952.466666666667,0.8447173154943366,86.30779639289976,13927.576111111111,Critical
Maize (white),2017-04-01,15245.333333333334,9.266222937879554,86.11540652722391,14344.465000000002,Critical
Maize (white),2017-05-01,15225.0,-0.13337414728004093,59.0410529614541,14807.6,Critical
Maize (white),2017-06-01,15108.0625,-0.7680623973727374,41.60268526618345,15192.798611111111,Critical
Maize (white),2017-07-01,15114.0625,0.03971389448513829,31.942928852029674,15149.041666666666,Critical
Maize (white),2017-08-01,15546.25,2.85950584100072,8.444051228631476,15256.125,Moderate
Maize (white),2017-09-01,12303.5,-20.858727989064885,-8.251304996271436,14321.270833333334,Low
Maize (white),2017-10-01,10064.23076923077,-18.20026196423157,-12.558451424332272,12637.993589743588,Low
Maize (white),2017-11-01,9371.692307692309,-6.8811862269270385,-21.77740795529256,10579.807692307693,Low
Maize (white),2017-12-01,9222.307692307691,-1.5939982927309915,-24.997497622741616,9552.743589743588,Low
Maize (white),2018-01-01,2892.967777777778,-68.63076060462832,-79.32806942327235,7162.3225925925935,Low
Maize (white),2018-02-01,9805.714285714286,238.95000010150503,-29.126905740488308,7306.996585266585,Low
Maize (white),2018-03-01,9966.07142857143,1.6353438228438266,-28.571257924012748,7554.917830687831,Low
Maize (white),2018-04-01,10727.5,7.640207848055902,-29.63420500262376,10166.428571428572,Low
Maize (white),2018-05-01,10982.8,2.3798648333721584,-27.863382594417086,10558.790476190476,Low
Maize (white),2018-06-01,11770.25,7.169847397749218,-22.09292223936723,11160.183333333334,Low
Maize (white),2018-07-01,10592.633333333333,-10.005026797788208,-29.915379578896584,11115.227777777778,Low
Maize (white),2018-08-01,10254.6,-3.19121150233338,-34.03811208490794,10872.494444444445,Low
Maize (white),2018-09-01,9760.5,-4.818325434439186,-20.66891534929085,10202.577777777778,Low
Maize (white),2018-10-01,7885.813529411764,-19.20686922379219,-21.645143973437598,9300.30450980392,Low
Maize (white),2018-11-01,7276.924705882353,-7.7213190656669095,-22.35207402285887,8307.746078431372,Low
Maize (white),2018-12-01,7041.056470588235,-3.241317518421649,-23.65190247923341,7401.264901960784,Low
Maize (white),2019-01-01,5203.777368421052,-26.093798705376525,79.87678287997781,6507.252848297213,Critical
Maize (white),2019-02-01,4113.818,-20.94554188723433,-58.046727855477855,5452.883946336429,Low
Maize (white),2019-03-01,4351.997,5.789731096514239,-56.331870274144414,4556.530789473684,Low
Maize (white),2019-04-01,4250.013333333333,-2.343376309006351,-60.38207100132059,4238.609444444445,Low
Maize (white),2019-05-01,3906.042857142857,-8.093397578136452,-64.43490861034658,4169.351063492063,Low
Maize (white),2019-06-01,3547.93,-9.168175318096871,-69.85679998300802,3901.3287301587297,Low
Maize (white),2019-07-01,8136.6675,129.33562668936537,-23.185602258173134,5196.880119047619,Low
Maize (white),2019-08-01,3960.4433333333336,-51.32597794695022,-61.37886086894338,5215.013611111111,Low
Maize (white),2019-09-01,4118.291333333334,3.985614405121307,-57.806553626009595,5405.134055555555,Low
Maize (white),2019-10-01,4366.957333333334,6.038086669277254,-44.62261481271567,4148.564,Low
Maize (white),2019-11-01,8847.833333333334,102.60865078294023,21.58753444543855,5777.694,High
Maize (white),2019-12-01,8435.166666666666,-4.664042044191619,19.79973036577509,7216.652444444444,High
Maize (white),2020-01-01,4334.025666666666,-48.6195609650076,-16.71385303745785,7205.675222222223,Low
Maize (white),2020-02-01,4386.135666666667,1.2023463635848497,6.619584693991487,5718.442666666667,Moderate
Maize (white),2020-03-01,5063.1458620689655,15.435231530738447,16.340747984637048,4594.435731800767,High
Maize (white),2020-04-01,5388.958666666667,6.434987525019942,26.798629651357974,4946.080065134101,High
Maize (white),2020-05-01,5614.319642857144,4.1819021100392595,43.73420487669291,5355.4747238642585,Critical
Maize (white),2020-06-01,7137.346333333334,27.12753792730471,101.16931093153849,6046.874880952382,Critical
Maize (white),2020-07-01,8329.362,16.701104458104133,2.3682238459418414,7027.009325396825,Low
Maize (white),2020-08-01,9134.019333333334,9.660491803974125,130.6312340453468,8200.242555555555,Critical
Maize (white),2020-09-01,9431.113666666666,3.2526133621058495,129.00550017750078,8964.831666666665,Critical
Maize (white),2020-10-01,7733.3730000000005,-18.00148663955945,77.08835717195008,8766.168666666666,Critical
Maize (white),2020-11-01,7058.012,-8.733071584675933,-20.228922335034948,8074.166222222222,Low
Maize (white),2020-12-01,7461.16,5.7119200137375925,-11.546975953844019,7417.514999999999,Low
Maize (white),2021-01-01,8713.186666666666,16.780589970817772,101.04141822879531,7744.119555555556,Critical
Maize (white),2021-02-01,9468.338333333331,8.666767918052166,115.86970976045956,8547.561666666666,Critical
Maize (white),2021-03-01,9661.1715625,2.0366110966672846,90.81361322962425,9280.898854166666,Critical
Maize (white),2021-04-01,9676.7134375,0.16086946494489052,79.56555312541518,9602.074444444444,Critical
Maize (white),2021-05-01,9922.401249999999,2.5389592663547234,76.73381426766181,9753.42875,Critical
Maize (white),2021-06-01,11414.505625,15.037734691489124,59.926464149444136,10337.8734375,Critical
Maize (white),2021-07-01,12242.2525,7.251710255300714,46.97707339409671,11193.053125,Critical
Maize (white),2021-08-01,11849.678125,-3.20671686031635,29.731257320161863,11835.47875,High
Maize (white),2021-09-01,10536.96064516129,-11.078085547903516,11.725518507990529,11542.963756720432,Moderate
Maize (white),2021-10-01,9194.21129032258,-12.743232133597449,18.890053412949047,10526.95002016129,High
Maize (white),2021-11-01,9313.855625,1.3013006869153854,31.96145918992488,9681.675853494624,Critical
Maize (white),2021-12-01,10095.182499999999,8.388866077146218,35.30312310686272,9534.416471774193,Critical
Maize (white),2022-01-01,11181.0178125,10.75597506533439,28.322945900772623,10196.6853125,High
Maize (white),2022-02-01,11181.0178125,0.0,18.088490491907883,10819.072708333333,High
Maize (white),2022-03-01,11200.664375,0.17571354262611028,15.934846022976835,11187.566666666666,High
Maize (white),2022-04-01,10995.0046875,-1.8361382915734414,13.623336668121722,11125.562291666667,Moderate
Maize (white),2022-05-01,10440.333125,-5.044759672823029,5.219823931228351,10878.667395833334,Moderate
Maize (white),2022-06-01,10671.210625,2.2113997440096123,-6.511845755036805,10702.182812500001,Low
Maize (white),2022-07-01,10685.9071875,0.1377216045719276,-12.712899954481415,10599.1503125,Low
Maize (white),2022-08-01,10123.2809375,-5.265123869484301,-14.569148370855011,10493.46625,Low
Maize (white),2022-09-01,10233.19875,1.0857923748103016,-2.8828227170116905,10347.462291666669,Low
Maize (white),2022-10-01,10078.116875,-1.5154779926462414,9.613718423110186,10144.865520833335,Moderate
Maize (white),2022-11-01,10947.7659375,8.629082925772291,17.542791925121783,10419.693854166668,High
Maize (white),2022-12-01,10766.2209375,-1.6582835350739789,6.647115468194875,10597.367916666666,Moderate
Maize (white),2023-01-01,10641.483125,-1.1586034990748062,-4.825452356375093,10785.156666666668,Low
Maize (yellow),2014-05-01,70.0,,,,
Maize (yellow),2014-07-01,5886.363636363636,8309.090909090908,,2978.181818181818,
Maize (yellow),2014-08-01,5670.0,-3.6756756756756714,,3875.4545454545455,
Maize (yellow),2014-09-01,5204.127272727273,-8.216450216450221,,5586.830303030303,
Maize (yellow),2014-10-01,5140.151818181818,-1.2293214825994658,,5338.09303030303,
Maize (yellow),2014-11-01,5222.954545454545,1.6109004208754163,,5189.077878787878,
Maize (yellow),2014-12-01,5046.672727272728,-3.375135981898081,,5136.59303030303,
Maize (yellow),2015-01-01,4868.7307692307695,-3.5259262420632487,,5046.119347319348,
Maize (yellow),2015-02-01,4753.928571428572,-2.3579491913523043,,4889.777355977357,
Maize (yellow),2015-03-01,4756.0,0.043572984749462584,,4792.886446886448,
Maize (yellow),2015-04-01,5297.5,11.385618166526502,,4935.809523809524,
Maize (yellow),2015-05-01,5430.714285714285,2.514663250859561,,5161.404761904762,
Maize (yellow),2015-06-01,5699.090909090909,4.941829182260604,8041.558441558442,5475.768398268398,Critical
Maize (yellow),2015-07-01,5699.090909090909,0.0,-3.181467181467179,5609.632034632034,Low
Maize (yellow),2015-08-01,5591.428571428572,-1.8891142355809687,-1.385739480977577,5663.203463203463,Low
Maize (yellow),2015-09-01,6063.142857142857,8.436382217680105,16.506429212777675,5784.554112554113,High
Maize (yellow),2015-10-01,5784.642857142857,-4.593327364403188,12.538365825720078,5813.071428571428,Moderate
Maize (yellow),2015-11-01,5705.0,-1.3767981725010814,9.229363387145906,5850.928571428572,Moderate
Maize (yellow),2015-12-01,5596.285714285715,-1.905596594465997,10.890600930843464,5695.309523809524,Moderate
Maize (yellow),2016-01-01,6282.857142857143,12.268341246745296,29.045072333087685,5861.380952380953,High
Maize (yellow),2016-02-01,7022.857142857143,11.778080945884483,47.72744346780857,6300.666666666667,Critical
Maize (yellow),2016-03-01,7494.857142857143,6.7209113100081375,57.58740838639913,6933.52380952381,Critical
Maize (yellow),2016-04-01,8175.535714285715,9.081941903019208,54.32818715027305,7564.416666666667,Critical
Maize (yellow),2016-05-01,9733.92857142857,19.06166044164863,79.23845850322242,8468.107142857143,Critical
Maize (yellow),2016-06-01,10990.857142857143,12.91286002568337,92.85281316227241,9633.440476190475,Critical
Maize (yellow),2016-07-01,11485.0,4.495944681293551,101.52336895836656,10736.595238095239,Critical
Maize (yellow),2016-08-01,14416.285714285714,25.522731513153808,157.82830863566684,12297.380952380952,Critical
Maize (yellow),2016-09-01,13647.142857142857,-5.335235943476624,125.08364356062391,13182.809523809525,Critical
Maize (yellow),2016-10-01,11435.357142857143,-16.206950696116394,97.68475643637713,13166.261904761903,Critical
Maize (yellow),2016-11-01,12041.142857142857,5.297479621474754,111.06297733817452,12374.547619047618,Critical
Maize (yellow),2016-12-01,12544.285714285714,4.17853075170842,124.15377546331747,12006.928571428572,Critical
Maize (yellow),2017-01-01,14048.57142857143,11.991800478305436,123.60163710777626,12878.0,Critical
Maize (yellow),2017-02-01,14023.75,-0.17668293675006108,99.68724572823433,13538.869047619048,Critical
Maize (yellow),2017-03-01,12446.5,-11.246991710491127,66.06720799024093,13506.27380952381,Critical
Maize (yellow),2017-04-01,13379.42857142857,7.495509351452778,63.65201057160954,13283.22619047619,Critical
Maize (yellow),2017-05-01,13949.266666666666,4.259061530138664,43.3056197639577,13258.398412698412,Critical
Maize (yellow),2017-06-01,13901.4,-0.34314826585866154,26.481491109493604,13743.36507936508,High
Maize (yellow),2017-07-01,13692.733333333334,-1.501047856091231,19.222754317225377,13847.799999999997,High
Maize (yellow),2017-08-01,13896.266666666666,1.4864331932752606,-3.607163855692308,13830.133333333333,Low
Maize (yellow),2017-09-01,10647.285714285714,-23.38024327191681,-21.981576468125198,12745.42857142857,Low
Maize (yellow),2017-10-01,8825.615384615385,-17.10924623001476,-22.821690006174222,11123.055921855921,Low
Maize (yellow),2017-11-01,8353.793846153847,-5.346046908910241,-30.62291557152035,9275.564981684982,Low
Maize (yellow),2017-12-01,8303.843846153846,-0.5979319207523703,-33.80377300640368,8494.417692307694,Low
Maize (yellow),2018-01-01,104.58769230769232,-98.740490618015,-99.25552791727287,5587.408461538463,Low
Maize (yellow),2018-02-01,9557.665714285715,9038.422985916439,-31.846576598372657,5988.699084249085,Low
Maize (yellow),2018-03-01,8767.664285714285,-8.265631506557348,-29.55719048958113,6143.305897435897,Low
Maize (yellow),2018-04-01,9489.140714285715,8.228832731962354,-29.076636841206106,9271.490238095239,Low
Maize (yellow),2018-05-01,9743.115333333333,2.676476476581957,-30.153207576025498,9333.306777777778,Low
Maize (yellow),2018-07-01,10225.737333333333,4.953466971173426,-26.440953189367022,9819.331126984127,Low
Maize (yellow),2018-08-01,9947.344666666668,-2.722470347044559,-27.353111869556113,9972.06577777778,Low
Maize (yellow),2018-09-01,9550.256,-3.9919061817301205,-31.27466369864328,9907.779333333334,Low
Maize (yellow),2018-10-01,7474.900666666666,-21.730886934688797,-29.795246720603952,8990.833777777778,Low
Maize (yellow),2018-11-01,7600.551333333334,1.6809677114103971,-13.880777689650458,8208.569333333335,Low
Maize (yellow),2018-12-01,7351.872,-3.2718591379379824,-11.993614692983346,7475.774666666667,Low
Maize (yellow),2019-01-01,3603.2093333333332,-50.98922650811476,-56.60793483005755,6185.21088888889,Low
Maize (yellow),2019-02-01,4096.043103448276,13.677633590580808,3816.372006180135,5017.041478927204,Critical
Maize (yellow),2019-03-01,4270.798965517241,4.266455641588496,-55.31545993355118,3990.0171340996167,Low
Maize (yellow),2019-04-01,4247.402068965517,-0.5478341813939913,-51.55605950964522,4204.748045977012,Low
Maize (yellow),2019-05-01,3766.058461538462,-11.332659343557028,-60.31191258583895,4094.753165340407,Low
Maize (yellow),2019-06-01,3517.920769230769,-6.588790238968478,-63.893265666319365,3843.7937665782497,Low
Maize (yellow),2019-07-01,6624.484285714286,88.30680735208259,-35.21753913901022,4636.154505494505,Low
Maize (yellow),2019-08-01,4129.853214285714,-37.65774004186634,-58.48285796183619,4757.4194230769235,Low
Maize (yellow),2019-09-01,4302.889642857143,4.18989294759613,-54.94477171232746,5019.075714285714,Low
Maize (yellow),2019-10-01,4520.165,5.0495219533119196,-39.528761630812305,4317.635952380952,Low
Maize (yellow),2019-11-01,9247.67857142857,104.58719032222432,21.671154707837026,6023.577738095238,High
Maize (yellow),2019-12-01,8898.214285714286,-3.7789406607835807,21.033313497763363,7555.352619047619,High
Maize (yellow),2020-01-01,4577.135714285714,-48.561188039333736,27.02941435965367,7574.342857142857,High
Maize (yellow),2020-02-01,4630.8892857142855,1.1743932184663297,13.057630712326883,6035.413095238095,Moderate
Maize (yellow),2020-03-01,5312.7,14.723105481899879,24.395927855540545,4840.241666666666,High
Maize (yellow),2020-04-01,5679.347142857143,6.901333462404113,33.713433544575764,5207.645476190476,Critical
Maize (yellow),2020-05-01,6021.654230769231,6.027226005063002,59.89274442408261,5671.2337912087905,Critical
Maize (yellow),2020-06-01,7411.319285714286,23.077795597166563,110.67328606536097,6370.773553113552,Critical
Maize (yellow),2020-07-01,8572.3,15.664966917881484,29.403280772907593,7335.091172161171,High
Maize (yellow),2020-08-01,9376.846428571429,9.385420815550427,127.05035607889559,8453.488571428572,Critical
Maize (yellow),2020-09-01,9417.985357142858,0.4387288294076974,118.87582854412369,9122.377261904761,Critical
Maize (yellow),2020-10-01,7993.774285714286,-15.122247672092747,76.84695770429366,8929.535357142857,Critical
Maize (yellow),2020-11-01,7330.730357142857,-8.294504008655302,-20.728966729101884,8247.496666666668,Low
Maize (yellow),2020-12-01,7766.4875,5.944252777385994,-12.718583182821597,7696.997380952381,Low
Maize (yellow),2021-01-01,8928.815714285714,14.965944569996603,95.07430567151323,8008.677857142858,Critical
Maize (yellow),2021-02-01,9687.716785714287,8.499459454789339,109.19776284869695,8794.340000000002,Critical
Maize (yellow),2021-03-01,10019.253666666666,3.4222396080082484,88.59061619640984,9545.262055555555,Critical
Maize (yellow),2021-04-01,9953.255666666666,-0.6587117383759833,75.25351798903108,9886.74203968254,Critical
Maize (yellow),2021-05-01,10303.128333333332,3.5151580385741177,71.10129440323524,10091.879222222222,Critical
Maize (yellow),2021-06-01,11804.012333333334,14.567264926170509,59.27005541491377,10686.798777777776,Critical
Maize (yellow),2021-07-01,12703.122,7.616983456783344,48.188024217537894,11603.42088888889,Critical
Maize (yellow),2021-08-01,12305.300666666668,-3.1316815923938313,31.230694246758528,12270.811666666666,Critical
Maize (yellow),2021-09-01,10858.099655172415,-11.760793585601025,15.291107847575237,11955.507440613028,High
Maize (yellow),2021-10-01,9627.832413793103,-11.330410296918359,20.441634573033298,10930.410911877394,High
Maize (yellow),2021-11-01,9213.376551724137,-4.304768137376436,25.681563812354426,9899.769540229885,High
Maize (yellow),2021-12-01,10441.088,13.325315006756288,34.43771074118125,9760.765655172412,Critical
Maize (yellow),2022-01-01,11656.430666666665,11.640000224753067,30.548451661029198,10436.965072796935,Critical
Maize (yellow),2022-02-01,11656.430666666665,0.0,20.321753045624604,11251.316444444443,High
Maize (yellow),2022-03-01,11702.595333333333,0.3960446210921287,16.801068449509593,11671.818888888889,High
Maize (yellow),2022-04-01,11646.387333333334,-0.4803037138257471,17.010832669926735,11668.47111111111,High
Maize (yellow),2022-05-01,11094.492999999999,-4.738759905002887,7.680819272204853,11481.158555555556,Moderate
Maize (yellow),2022-06-01,11214.446333333333,1.0811970707749863,-4.994623720742197,11318.442222222222,Low
Maize (yellow),2022-07-01,11154.158666666666,-0.5375893278607102,-12.193564175273863,11154.366,Low
Maize (yellow),2022-08-01,10716.982333333332,-3.91940213868216,-12.907594672886525,11028.52911111111,Low
Maize (yellow),2022-09-01,10780.406333333334,0.5918083843689192,-0.7155333281737786,10883.84911111111,Low
Maize (yellow),2022-10-01,10629.006666666666,-1.4043966617337533,10.398750308940286,10708.798444444445,Moderate
Maize (yellow),2022-11-01,11382.357333333332,7.087686463018472,23.54164913842911,10930.59011111111,High
Maize (yellow),2022-12-01,11278.024666666666,-0.9166173896256624,8.01579937518644,11096.46288888889,Moderate
Maize (yellow),2023-01-01,11138.455666666667,-1.2375305439126238,-4.443684476082598,11266.27922222222,Low
Maize flour,2016-01-01,2400.0,,,,
Maize flour,2016-06-01,372.85714285714283,-84.46428571428571,,1386.4285714285713,
Maize flour,2016-07-01,347.0,-6.934865900383135,,1039.952380952381,
Maize flour,2016-08-01,461.375,32.961095100864554,,393.74404761904765,
Maize flour,2016-09-01,421.25,-8.696830127336764,,409.875,
Maize flour,2016-10-01,433.125,2.8189910979228516,,438.5833333333333,
Maize flour,2016-11-01,332.77777777777777,-23.168189834856502,,395.7175925925926,
Maize flour,2016-12-01,351.8333333333333,5.726210350584293,,372.5787037037037,
Maize flour,2017-01-01,403.8888888888889,14.795515553450201,,362.8333333333333,
Maize flour,2017-02-01,374.5625,-7.261004126547466,,376.7615740740741,
Maize flour,2017-03-01,364.77777777777777,-2.6123069507017482,,381.0763888888889,
Maize flour,2017-04-01,426.44444444444446,16.90526957051477,,388.5949074074074,
Maize flour,2017-05-01,393.70588235294116,-7.677098979247776,-83.59558823529412,394.9760348583878,Low
Maize flour,2017-06-01,428.44444444444446,8.82348058502249,14.908471690080894,416.19825708061006,Moderate
Maize flour,2017-07-01,600.7058823529412,40.20624847449354,73.11408713341245,474.2854030501089,Critical
Maize flour,2017-08-01,701.5882352941177,16.7939678809244,52.06464054058362,576.9128540305011,Critical
Maize flour,2017-09-01,596.578947368421,-14.967367273722164,41.6211151022958,632.9576883384933,Critical
Maize flour,2017-10-01,539.5263157894736,-9.563299514777245,24.565960355434036,612.5644994840042,High
Maize flour,2017-11-01,475.7894736842105,-11.813481611550092,42.975133995255256,537.2982456140352,Critical
Maize flour,2017-12-01,468.5263157894737,-1.5265486725663635,33.16711959909249,494.6140350877193,Critical
Maize flour,2018-01-01,475.36842105263156,1.460345989665246,17.697820893361317,473.22807017543863,High
Maize flour,2018-02-01,506.1578947368421,6.476970770593438,35.133093872676,483.3508771929825,Critical
Maize flour,2018-03-01,564.8947368421053,11.604450452324034,54.85996440995882,515.4736842105264,Critical
Maize flour,2018-04-01,434.94736842105266,-23.003819994409767,1.9939113024875832,502.00000000000006,Low
Maize flour,2018-05-01,444.7894736842105,2.262826718296207,12.975064285545779,481.54385964912285,Moderate
Maize flour,2018-06-01,337.05263157894734,-24.2219855638386,-21.331076654291337,405.59649122807014,Low
Maize flour,2018-07-01,366.2631578947368,8.666458463460348,-39.02787226585854,382.7017543859649,Low
Maize flour,2018-08-01,405.4736842105263,10.705561143842512,-42.20631649552321,369.59649122807014,Low
Maize flour,2018-09-01,399.89473684210526,-1.3759086188992686,-32.968681076312315,390.5438596491228,Low
Maize flour,2018-10-01,386.7368421052632,-3.290339563042899,-28.319188371866154,397.3684210526315,Low
Maize flour,2018-11-01,378.63157894736844,-2.095808383233533,-20.420353982300878,388.42105263157896,Low
Maize flour,2018-12-01,344.36842105263156,-9.049207673060888,-26.49966299707931,369.91228070175447,Low
Maize flour,2019-01-01,337.05263157894734,-2.1244077640226178,-29.09654561558902,353.3508771929824,Low
Maize flour,2019-02-01,325.3157894736842,-3.4821986258588233,-35.72839762919829,335.57894736842104,Low
Maize flour,2019-03-01,313.4736842105263,-3.6401876718977544,-44.50759340352186,325.280701754386,Low
Maize flour,2019-04-01,314.55555555555554,0.3451234982464024,-27.67962783693665,317.78167641325535,Low
Maize flour,2019-05-01,267.94736842105266,-14.817155924073688,-39.758608448704294,298.6588693957115,Low
Maize flour,2019-06-01,275.05263157894734,2.651738361814937,-18.394753279200504,285.8518518518518,Low
Maize flour,2019-07-01,274.2631578947368,-0.2870264064293915,-25.118551516022414,272.42105263157896,Low
Maize flour,2019-08-01,270.0,-1.5544041450777146,-33.41121495327103,273.10526315789474,Low
Maize flour,2019-09-01,282.3888888888889,4.5884773662551614,-29.384194671112272,275.5506822612086,Low
Maize flour,2019-10-01,274.7368421052632,-2.709754910589479,-28.96026129559064,275.70857699805066,Low
Maize flour,2019-11-01,269.1578947368421,-2.0306513409961813,-28.912983041423423,275.4278752436647,Low
Maize flour,2019-12-01,271.94736842105266,1.0363707469691175,-21.03010851291456,271.94736842105266,Low
Maize flour,2020-01-01,267.05263157894734,-1.799883878459474,-20.7682698313554,269.3859649122807,Low
Maize flour,2020-02-01,262.6842105263158,-1.6357903035080779,-19.25254813137033,267.22807017543863,Low
Maize flour,2020-03-01,282.625,7.591164095371683,-9.840916722632631,270.78728070175436,Low
Maize flour,2020-04-01,294.0,4.024767801857587,-6.534793359237012,279.76973684210526,Low
Maize flour,2020-05-01,282.1578947368421,-4.027926960257799,5.3034767236299185,286.2609649122807,Moderate
Maize flour,2020-06-01,322.4736842105263,14.288379033762366,17.240719479525456,299.5438596491228,High
Maize flour,2020-07-01,354.73333333333335,10.003808280289439,29.340497665195443,319.7883040935672,High
Maize flour,2020-08-01,394.2631578947368,11.143532576978998,46.0233918128655,357.1567251461988,Critical
Maize flour,2020-09-01,394.94736842105266,0.17354158323321656,39.859386810524235,381.31461988304096,Critical
Maize flour,2020-10-01,274.7368421052632,-30.437100213219615,0.0,354.6491228070176,Low
Maize flour,2020-11-01,367.6842105263158,33.831417624521066,36.605396949550276,345.7894736842106,Critical
Maize flour,2020-12-01,360.4736842105263,-1.9610649871170893,32.55273853299785,334.29824561403507,Critical
Maize flour,2021-01-01,395.36842105263156,9.680245291283395,48.04887662593615,374.5087719298246,Critical
Maize flour,2021-02-01,392.7368421052632,-0.665601703940355,49.50911640953719,382.859649122807,Critical
Maize flour,2021-03-01,463.63157894736844,18.051460734387568,64.04478688982518,417.2456140350877,Critical
Maize flour,2021-04-01,451.875,-2.535758882960615,53.69897959183674,436.0811403508772,Critical
Maize flour,2021-05-01,482.05263157894734,6.678314042367317,70.84499160604365,465.85307017543863,Critical
Maize flour,2021-06-01,537.6470588235294,11.532854216039512,66.72587102410739,490.5248968008256,Critical
Maize flour,2021-07-01,584.1764705882352,8.654266958424506,64.68045590722662,534.625386996904,Critical
Maize flour,2021-08-01,585.7058823529412,0.26180646460578494,48.557092039859604,569.1764705882352,Critical
Maize flour,2021-09-01,545.2941176470588,-6.899668574871964,38.06754044901541,571.7254901960785,Critical
Maize flour,2021-10-01,522.8823529411765,-4.1100323624595365,90.32116294793778,551.2941176470589,Critical
Maize flour,2021-11-01,518.1764705882352,-0.8999887501406345,40.929758677017894,528.7843137254902,Critical
Maize flour,2021-12-01,526.8235294117648,1.668747871495091,46.14756984703652,522.6274509803922,Critical
Maize flour,2022-01-01,580.1176470588235,10.116123269316656,46.728371859926085,541.7058823529411,Critical
Maize flour,2022-02-01,586.1764705882352,1.0444128979922862,49.25426080375863,564.3725490196078,Critical
Maize flour,2022-03-01,554.6470588235294,-5.378825890617156,19.630992367431688,573.6470588235294,High
Maize flour,2022-04-01,575.4705882352941,3.7543748011454214,27.351720771296083,572.0980392156863,High
Maize flour,2022-05-01,581.7058823529412,1.0835122150669507,20.672690956500528,570.6078431372549,High
Maize flour,2023-02-01,553.0,-4.934776013752662,2.8555798687089684,570.0588235294118,Low
Maize flour,2023-03-01,563.875,1.9665461121157302,-3.475229080656528,566.1936274509804,Low
Maize flour,2023-04-01,618.1875,9.632010640656175,5.545721602892439,578.3541666666666,Moderate
Maize flour,2023-05-01,655.625,6.056010514609245,20.23327939590076,612.5625,High
Maize flour,2023-06-01,846.9692592592592,29.18501571161245,61.9808460727574,706.9272530864197,Critical
Maize flour,2023-07-01,1217.5095652173914,43.74896749879667,134.9604110420667,906.7012748255502,Critical
Maize flour,2023-08-01,1334.77,9.631171543335793,153.36188030370698,1133.0829414922168,Critical
Maize flour,2023-09-01,1320.4907999999998,-1.069787304179759,127.6246562563374,1290.9234550724639,Critical
Maize flour,2023-10-01,1239.359642857143,-6.144015326941831,111.43114830478105,1298.2068142857142,Critical
Maize flour,2023-11-01,1231.1544444444444,-0.6620514440653258,121.97078752312605,1263.6682957671958,Critical
Maize flour,2023-12-01,1545.18625,25.50710083309342,168.5082924460799,1338.566779100529,Critical
Maize flour,2024-01-01,2073.683043478261,34.20278904748608,256.4830795745822,1616.6745793075686,Critical
Maize flour,2024-02-01,1820.457894736842,-12.211371913263836,229.19672599219564,1813.1090627383676,Critical
Maize flour,2024-03-01,2028.8644444444444,11.448029109057135,259.80748294292965,1974.3351275531825,Critical
Maize flour,2024-04-01,1742.4669999999999,-14.116144882358938,181.86707107471437,1863.9297797270956,Critical
Maize flour,2024-05-01,2104.4705555555556,20.77534642294836,220.98692935070437,1958.6006666666665,Critical
Maize flour,2024-06-01,2402.0283333333336,14.139317701179532,183.60277626062782,2082.98862962963,Critical
Maize flour,2024-07-01,2675.066,11.366962782148683,119.71622042430164,2393.854962962963,Critical
Maize flour,2024-08-01,2745.051,2.616197133080078,105.6572293353911,2607.3817777777776,Critical
Maize flour,2024-09-01,2868.7287096774194,4.50547948571518,117.24715610873018,2762.948569892473,Critical
Maize flour,2024-10-01,2579.6684375,-10.076249845525599,108.14526698263242,2731.1493823924734,Critical
Maize flour,2024-11-01,2494.1028,-3.316923844016284,102.58244700773172,2647.499982392473,Critical
Maize flour,2024-12-01,2583.727586206897,3.5934680080907944,67.21140161627098,2552.499607902299,Critical
Maize flour,2025-01-01,2497.781290322581,-3.3264457268303405,20.451449809463895,2525.2038921764924,High
Maize flour,2025-02-01,2334.593,-6.533329837757962,28.242076169384788,2472.0339588431593,High
Maize flour,2025-03-01,2365.6570588235295,1.3305984736324383,16.600055035776794,2399.3437830487032,High
Maize flour,2025-04-01,2460.995,4.030082924356049,41.2362472287854,2387.0816862745096,Critical
Maize flour,2025-05-01,2111.9313793103447,-14.18384111668879,0.3545226011879121,2312.8611460446245,Low
Maize flour,2025-06-01,2111.5365384615384,-0.018695723387340824,-12.093604011268056,2228.154305923961,Low
Maize flour,2025-07-01,1989.1083333333331,-5.798062354033728,-25.64264458023341,2070.8587503684053,Low
Maize flour,2025-08-01,1823.68,-8.31670807271263,-33.56480444261326,1974.7749572649573,Low
Maize flour,2025-09-01,1647.326551724138,-9.670196979506384,-42.57642606053971,1820.038295019157,Low
Maize flour,2025-10-01,1557.856,-5.431257793453015,-39.61022364913902,1676.2875172413794,Low
Maize flour,2025-11-01,1514.2297297297298,-2.800404547677715,-39.28759753889336,1573.1374271512893,Low
Maize flour,2025-12-01,1602.6875757575758,5.841771845520061,-37.969947593800335,1558.2577684957685,Low
Maize flour,2026-01-01,1486.5993548387098,-7.2433469052127775,-40.483205611380015,1534.505553442005,Low
Maize flour,2026-02-01,1487.1474999999998,0.03687242023251436,-36.29949631477521,1525.478143532095,Low
Maize flour,2026-03-01,1503.7388888888888,1.1156518696961104,-36.434620424791554,1492.4952479091996,Low
Maize flour,2026-04-01,1000.0,-33.49909300151843,-59.36602878104181,1330.2954629629628,Low
Meat (beef),2016-01-01,6500.0,,,,
Meat (beef),2016-06-01,981.25,-84.90384615384615,,3740.625,
Meat (beef),2016-07-01,1070.825,9.128662420382172,,2850.691666666667,
Meat (beef),2016-08-01,987.5,-7.7813835127121695,,1013.1916666666666,
Meat (beef),2016-09-01,1000.0,1.2658227848101333,,1019.4416666666666,
Meat (beef),2016-10-01,1106.9875,10.69875,,1031.4958333333334,
Meat (beef),2016-11-01,1175.0,6.143926647771547,,1093.9958333333334,
Meat (beef),2016-12-01,1314.6764705882354,11.887359198998748,,1198.8879901960784,
Meat (beef),2017-01-01,1168.75,-11.099800890400235,,1219.4754901960785,
Meat (beef),2017-02-01,1266.66875,8.37807486631017,,1250.0317401960783,
Meat (beef),2017-03-01,1276.4705882352941,0.7738280616218063,,1237.2964460784315,
Meat (beef),2017-04-01,1126.4705882352941,-11.751152073732719,,1223.2033088235294,
Meat (beef),2017-05-01,1149.3529411764705,2.0313315926892894,-82.31764705882352,1184.0980392156864,Low
Meat (beef),2017-06-01,898.5294117647059,-21.823020625415836,-8.430123641813413,1058.1176470588236,Low
Meat (beef),2017-07-01,1132.3529411764705,26.022913256955803,5.745844668967437,1060.078431372549,Moderate
Meat (beef),2017-08-01,1092.6470588235295,-3.506493506493491,10.647803425167535,1041.1764705882354,Moderate
Meat (beef),2017-09-01,1118.421052631579,2.358858114330231,11.842105263157897,1114.4736842105265,Moderate
Meat (beef),2017-10-01,1086.842105263158,-2.8235294117647025,-1.819839405308732,1099.3034055727555,Low
Meat (beef),2017-11-01,1131.578947368421,4.1162227602905554,-3.6954087346024678,1112.280701754386,Low
Meat (beef),2017-12-01,1105.7894736842106,-2.2790697674418547,-15.888851864106224,1108.0701754385966,Low
Meat (beef),2018-01-01,1142.6315789473683,3.3317467872441497,-2.2347312130593933,1126.6666666666667,Low
Meat (beef),2018-02-01,1150.0,0.6448641179180203,-9.210675640336119,1132.8070175438597,Low
Meat (beef),2018-03-01,1143.421052631579,-0.5720823798627039,-10.42323550812515,1145.3508771929824,Low
Meat (beef),2018-04-01,1126.3157894736842,-1.4959723820483384,-0.013741926618116018,1139.9122807017545,Low
Meat (beef),2018-05-01,1164.4736842105262,3.3878504672897103,1.3155874485846208,1144.7368421052631,Low
Meat (beef),2018-06-01,1124.5894736842106,-3.4250847457626965,25.15889396158155,1138.459649122807,High
Meat (beef),2018-07-01,1097.3684210526317,-2.420532404807363,-3.089542036910442,1128.8105263157895,Low
Meat (beef),2018-08-01,1078.9473684210527,-1.6786570743405282,-1.2538074661755383,1100.301754385965,Low
Meat (beef),2018-09-01,1086.842105263158,0.7317073170731714,-2.8235294117647025,1087.7192982456143,Low
Meat (beef),2018-10-01,1122.7894736842106,3.3075060532687717,3.3075060532687717,1096.1929824561405,Low
Meat (beef),2018-11-01,1106.578947368421,-1.4437725589462436,-2.209302325581397,1105.4035087719296,Low
Meat (beef),2018-12-01,1118.7263157894736,1.0977407847800214,1.169919086149429,1116.0315789473686,Low
Meat (beef),2019-01-01,1137.721052631579,1.697889517214124,-0.42975587286964156,1121.0087719298244,Low
Meat (beef),2019-02-01,1122.3684210526317,-1.349419661650475,-2.4027459954233277,1126.2719298245613,Low
Meat (beef),2019-03-01,1123.6842105263158,0.11723329425556983,-1.7261219792865323,1127.9245614035087,Low
Meat (beef),2019-04-01,1127.7777777777778,0.36429872495447047,0.12980269989617543,1124.610136452242,Low
Meat (beef),2019-05-01,1111.842105263158,-1.4130152968628518,-4.519774011299427,1121.1013645224173,Low
Meat (beef),2019-06-01,1113.157894736842,0.11834319526626835,-1.01651128832978,1117.5925925925928,Low
Meat (beef),2019-07-01,1114.9157894736843,0.15791962174942498,1.599040767386084,1113.3052631578946,Low
Meat (beef),2019-08-01,1103.1947368421054,-1.0512948818414358,2.2473170731707404,1110.4228070175438,Low
Meat (beef),2019-09-01,1104.3833333333334,0.1077413127106075,1.6139628732849243,1107.4979532163745,Low
Meat (beef),2019-10-01,1107.5,0.2822087741273238,-1.3617400271879299,1105.026023391813,Low
Meat (beef),2019-11-01,1108.7894736842106,0.11643103243437203,0.19976218787158828,1106.8909356725146,Low
Meat (beef),2019-12-01,1111.3473684210526,0.23069255233301167,-0.65958467806434,1109.2122807017543,Low
Meat (beef),2020-01-01,1115.9473684210527,0.4139119892401899,-1.9137981282989491,1112.0280701754386,Low
Meat (beef),2020-02-01,1126.3157894736842,0.9291138046502834,0.3516998827666873,1117.8701754385966,Low
Meat (beef),2020-03-01,1181.25,4.877336448598135,5.122950819672134,1141.171052631579,Moderate
Meat (beef),2020-04-01,1202.9125,1.833862433862432,6.662192118226584,1170.1594298245614,Moderate
Meat (beef),2020-05-01,1145.2894736842106,-4.790292420752906,3.0082840236686392,1176.4839912280702,Low
Meat (beef),2020-06-01,1207.8947368421052,5.4663266009512546,8.51063829787233,1185.3655701754385,Moderate
Meat (beef),2020-07-01,1165.3333333333333,-3.5236020334059592,4.52209434431361,1172.8391812865495,Low
Meat (beef),2020-08-01,1158.9473684210527,-0.5479947007105745,5.053743434141023,1177.391812865497,Moderate
Meat (beef),2020-09-01,1152.9473684210527,-0.5177111716621274,4.397389350411474,1159.076023391813,Low
Meat (beef),2020-10-01,1107.5263157894738,-3.939559937916548,0.002376143519078333,1139.8070175438597,Low
Meat (beef),2020-11-01,1202.7894736842106,8.601435156584136,8.477713960222143,1154.421052631579,Moderate
Meat (beef),2020-12-01,1188.6315789473683,-1.1770883472629556,6.95410028604444,1166.3157894736842,Moderate
Meat (beef),2021-01-01,1195.7894736842106,0.6021962451293161,7.154647927180124,1195.7368421052633,Moderate
Meat (beef),2021-02-01,1202.3684210526317,0.5501760563380254,6.75233644859814,1195.5964912280704,Moderate
Meat (beef),2021-03-01,1265.421052631579,5.2440358940687215,7.125591757170713,1221.1929824561405,Moderate
Meat (beef),2021-04-01,1505.25,18.952501767666273,25.133789864183818,1324.3464912280704,High
Meat (beef),2021-05-01,1373.6842105263158,-8.740461018015889,19.94209691872888,1381.451754385965,High
Meat (beef),2021-06-01,1335.0,-2.8160919540229923,10.522875816993471,1404.6447368421052,Moderate
Meat (beef),2021-07-01,1439.7058823529412,7.843137254901955,23.544555121819897,1382.796697626419,High
Meat (beef),2021-08-01,1482.6470588235295,2.982635342185902,27.93049099748892,1419.1176470588234,High
Meat (beef),2021-09-01,1473.9411764705883,-0.5871850823249369,27.841150154940088,1465.43137254902,High
Meat (beef),2021-10-01,1555.5294117647059,5.53537933511592,40.45078564619784,1504.0392156862745,Critical
Meat (beef),2021-11-01,1586.2941176470588,1.9777643321736482,31.884602613635483,1538.5882352941178,Critical
Meat (beef),2021-12-01,1651.2058823529412,4.092038417324884,38.916541643224775,1597.6764705882354,Critical
Meat (beef),2022-01-01,1614.235294117647,-2.2390053615005123,34.993268434134215,1617.2450980392157,Critical
Meat (beef),2022-02-01,1691.1764705882354,4.766416441950305,40.65376643106355,1652.2058823529412,Critical
Meat (beef),2022-03-01,1923.5882352941176,13.742608695652159,52.011714305986075,1743.0,Critical
Meat (beef),2022-04-01,1496.235294117647,-22.216445980245247,-0.5988842971169528,1703.6666666666667,Low
Meat (beef),2022-05-01,1732.4117647058824,15.784714577763804,26.114266396213658,1717.4117647058822,High
Meat (beef),2023-02-01,2112.375,21.932616889069976,58.23033707865169,1780.3406862745098,Critical
Meat (beef),2023-03-01,2079.375,-1.5622226167228859,44.430541368743604,1974.7205882352944,Critical
Meat (beef),2023-04-01,2088.5625,0.4418394950405746,40.86713945645704,2093.4375,Critical
Meat (beef),2023-05-01,2128.0625,1.891252955082745,44.37906573013528,2098.6666666666665,Critical
Meat (beef),2023-06-01,2432.4196551724135,14.302077837113035,56.372463083992706,2216.348218390804,Critical
Meat (beef),2023-07-01,2649.3776000000003,8.91942902887819,67.01679534245561,2403.2865850574713,Critical
Meat (beef),2023-08-01,2697.789583333333,1.8272964689266313,63.382992524773925,2593.195612835249,Critical
Meat (beef),2023-09-01,2688.3888888888887,-0.34845914234827857,66.54256654438855,2678.5186907407406,Critical
Meat (beef),2023-10-01,2710.6646666666666,0.8285920935711122,60.282780289855054,2698.9477129629627,Critical
Meat (beef),2023-11-01,3008.7735000000002,10.997628625894219,56.41463410904868,2802.609018518518,Critical
Meat (beef),2023-12-01,2890.5225,-3.93020611222481,93.1863598836295,2869.9868888888886,Critical
Meat (beef),2024-01-01,2962.5373684210526,2.4914135219861633,71.00653717414653,2953.9444561403507,Critical
Meat (beef),2024-02-01,3194.654736842105,7.835086601616936,51.235208561079595,3015.9048684210525,Critical
Meat (beef),2024-03-01,3464.2038888888887,8.437504965348186,66.5983234812811,3207.131998050682,Critical
Meat (beef),2024-04-01,3109.15,-10.249220319499408,48.86554747583565,3256.002875243664,Critical
Meat (beef),2024-05-01,3565.0383333333334,14.662796369854568,67.52507660528455,3379.464074074074,Critical
Meat (beef),2024-06-01,3654.0221052631578,2.496011644470153,50.22169786751518,3442.7368128654966,Critical
Meat (beef),2024-07-01,3494.84,-4.356353100159849,31.9117365527662,3571.30014619883,Critical
Meat (beef),2024-08-01,4264.032,22.00936237424318,58.056507681056814,3804.298035087719,Critical
Meat (beef),2024-09-01,4772.336774193548,11.920754210886496,77.5166083269283,4177.06959139785,Critical
Meat (beef),2024-10-01,4608.62,-3.430536903406478,70.01807920664969,4548.32959139785,Critical
Meat (beef),2024-11-01,4831.9325,4.845539445647495,60.59475729894588,4737.629758064516,Critical
Meat (beef),2024-12-01,5609.616333333333,16.09467502564106,94.06928447480804,5016.722944444445,Critical
Meat (beef),2025-01-01,5630.9153125,0.3796869144170323,90.0706932011162,5357.4880486111115,Critical
Meat (beef),2025-02-01,5677.785416666667,0.832370965740159,77.72766963478249,5639.4390208333325,Critical
Meat (beef),2025-03-01,5181.821875,-8.73515825749257,49.58189648190774,5496.840868055556,Critical
Meat (beef),2025-04-01,5533.4145,6.7851159974502195,77.97193766785134,5464.340597222222,Critical
Meat (beef),2025-05-01,5856.236666666667,5.8340499643875665,64.26854690202022,5523.824347222221,Critical
Meat (beef),2025-06-01,6139.27576923077,4.833122680562818,68.01419346609639,5842.975645299145,Critical
Meat (beef),2025-07-01,6263.755,2.027588195224972,79.22866282862735,6086.4224786324785,Critical
Meat (beef),2025-08-01,5915.5304347826095,-5.559358008373416,38.73091090269982,6106.187068004459,Critical
Meat (beef),2025-09-01,5914.71625,-0.013763512699083158,23.937528507708826,6031.333894927538,High
Meat (beef),2025-10-01,6046.5391666666665,2.2287276531087308,31.20064502316673,5958.928617149759,Critical
Meat (beef),2025-11-01,6089.721666666667,0.7141688627116949,26.030768572753594,6016.992361111111,High
Meat (beef),2025-12-01,6060.211515151515,-0.4845894957183572,8.032549020164993,6065.490782828284,Moderate
Meat (beef),2026-01-01,5986.876875,-1.2101003400321386,6.321557735201688,6045.6033522727275,Moderate
Meat (beef),2026-02-01,5598.1532,-6.49292917018609,-1.4025224770367828,5881.747196717172,Low
Meat (beef),2026-03-01,5686.485000000001,1.5778739317102053,9.739105997347707,5757.171691666666,Moderate
Meat (beef),2026-04-01,7000.0,23.098891494482075,26.504168447890542,6094.879400000001,High
Meat (goat),2016-01-01,7000.0,,,,
Meat (goat),2016-06-01,904.175,-87.08321428571428,,3952.0875,
Meat (goat),2016-07-01,1108.325,22.578593745679765,,3004.1666666666665,
Meat (goat),2016-08-01,962.5,-13.157241783772811,,991.6666666666666,
Meat (goat),2016-09-01,1081.25,12.337662337662337,,1050.6916666666666,
Meat (goat),2016-10-01,1150.7375,6.42658959537572,,1064.8291666666667,
Meat (goat),2016-11-01,1156.25,0.47904061525760877,,1129.4125000000001,
Meat (goat),2016-12-01,1237.5,7.027027027027022,,1181.4958333333334,
Meat (goat),2017-01-01,1203.125,-2.777777777777779,,1198.9583333333333,
Meat (goat),2017-02-01,1358.3375,12.900779220779235,,1266.3208333333332,
Meat (goat),2017-03-01,1358.8235294117646,0.035781196629303125,,1306.7620098039215,
Meat (goat),2017-04-01,1270.5882352941176,-6.493506493506496,,1329.2497549019606,
Meat (goat),2017-05-01,1214.9529411764706,-4.378703703703691,-82.6435294117647,1281.4549019607841,Low
Meat (goat),2017-06-01,994.1176470588235,-18.176448373696395,9.947482186393518,1159.8862745098038,Moderate
Meat (goat),2017-07-01,1266.1764705882354,27.366863905325456,14.242345033111704,1158.4156862745099,Moderate
Meat (goat),2017-08-01,1192.6470588235295,-5.807200929152145,23.911382734912156,1150.9803921568628,High
Meat (goat),2017-09-01,1184.6473684210525,-0.6707508598870926,9.562762397322789,1214.4902992776058,Moderate
Meat (goat),2017-10-01,1213.157894736842,2.406667762558712,5.424381732310124,1196.8174406604746,Moderate
Meat (goat),2017-11-01,1292.1052631578948,6.507592190889389,11.749644381223323,1229.9701754385967,Moderate
Meat (goat),2017-12-01,1171.578947368421,-9.32790224032587,-5.32695374800638,1225.6140350877192,Low
Meat (goat),2018-01-01,1186.0526315789473,1.2353998203054717,-1.4190020505810086,1216.578947368421,Low
Meat (goat),2018-02-01,1243.421052631579,4.8369203461282595,-8.460080603562892,1200.3508771929824,Low
Meat (goat),2018-03-01,1257.8947368421052,1.1640211640211673,-7.427660059239005,1229.122807017544,Low
Meat (goat),2018-04-01,1194.7368421052631,-5.020920502092052,-5.969785575048725,1232.017543859649,Low
Meat (goat),2018-05-01,1084.2105263157894,-9.251101321585908,-10.761109375485766,1178.9473684210525,Low
Meat (goat),2018-06-01,1165.042105263158,7.455339805825267,17.193584553098738,1147.9964912280702,High
Meat (goat),2018-07-01,1065.7894736842106,-8.519231290488705,-15.826150742710432,1105.0140350877193,Low
Meat (goat),2018-08-01,1065.7894736842106,0.0,-10.636640924135243,1098.8736842105266,Low
Meat (goat),2018-09-01,1078.9473684210527,1.2345679012345734,-8.922486371693983,1070.1754385964914,Low
Meat (goat),2018-10-01,1055.2631578947369,-2.195121951219514,-13.015184381778733,1066.6666666666667,Low
Meat (goat),2018-11-01,1082.8947368421052,2.6184538653366562,-16.191446028513244,1072.3684210526317,Low
Meat (goat),2018-12-01,1173.8,8.394653705953825,0.18957771787959654,1103.9859649122807,Low
Meat (goat),2019-01-01,1152.4842105263158,-1.815964344324772,-2.830264033725305,1136.3929824561403,Low
Meat (goat),2019-02-01,1126.3157894736842,-2.270609940997026,-9.417989417989425,1150.8666666666668,Low
Meat (goat),2019-03-01,1139.4736842105262,1.1682242990654235,-9.414225941422593,1139.4245614035087,Low
Meat (goat),2019-04-01,1138.888888888889,-0.05132152938156498,-4.674498286833084,1134.8927875243664,Low
Meat (goat),2019-05-01,1165.7894736842106,2.3620025673940948,7.524271844660224,1148.0506822612087,Moderate
Meat (goat),2019-06-01,1151.3157894736842,-1.2415349887133331,-1.1781819496020085,1151.9980506822612,Low
Meat (goat),2019-07-01,1142.2263157894736,-0.7894857142857203,7.171851851851829,1153.1105263157895,Moderate
Meat (goat),2019-08-01,1138.042105263158,-0.3663206203950553,6.779259259259263,1143.861403508772,Moderate
Meat (goat),2019-09-01,1144.927777777778,0.6050454972426289,6.11525745257453,1141.7320662768032,Moderate
Meat (goat),2019-10-01,1145.6736842105263,0.06514877595127366,8.567581047381534,1142.8811890838208,Moderate
Meat (goat),2019-11-01,1144.4684210526316,-0.10520126057754764,5.686026731470228,1145.0232943469784,Moderate
Meat (goat),2019-12-01,1156.3315789473684,1.0365648956766726,-1.4881939898305996,1148.8245614035088,Low
Meat (goat),2020-01-01,1156.2263157894736,-0.009103198408766389,0.3246990482801415,1152.342105263158,Low
Meat (goat),2020-02-01,1181.578947368421,2.192704943031565,4.90654205607477,1164.7122807017543,Low
Meat (goat),2020-03-01,1210.4125,2.440256124721607,6.225577367205548,1182.7392543859648,Moderate
Meat (goat),2020-04-01,1215.4125,0.413082316978719,6.7191463414634,1202.4679824561401,Moderate
Meat (goat),2020-05-01,1203.3578947368421,-0.9918118550827582,3.222573363431147,1209.7276315789475,Low
Meat (goat),2020-06-01,1218.421052631579,1.2517604247762826,5.828571428571427,1212.397149122807,Moderate
Meat (goat),2020-07-01,1186.1333333333334,-2.6499640028797566,3.843985814099593,1202.6374269005848,Low
Meat (goat),2020-08-01,1199.2631578947369,1.1069433926542915,5.379506816878488,1201.272514619883,Moderate
Meat (goat),2020-09-01,1222.2105263157894,1.9134556306503958,6.750010790026573,1202.5356725146198,Moderate
Meat (goat),2020-10-01,1145.6315789473683,-6.265610197226767,-0.0036751532079604132,1189.0350877192982,Low
Meat (goat),2020-11-01,1234.6315789473683,7.768640602747268,7.878169133911861,1200.8245614035086,Moderate
Meat (goat),2020-12-01,1251.157894736842,1.3385625373007137,8.20061628653228,1210.4736842105262,Moderate
Meat (goat),2021-01-01,1258.3157894736842,0.5721016321722949,8.829540747349608,1248.0350877192982,Moderate
Meat (goat),2021-02-01,1251.7368421052631,-0.522837543918353,5.937639198218259,1253.7368421052631,Moderate
Meat (goat),2021-03-01,1330.3157894736842,6.2775932388680955,9.905985725831833,1280.122807017544,Moderate
Meat (goat),2021-04-01,1490.625,12.050462889697734,22.643546943938798,1357.5592105263158,High
Meat (goat),2021-05-01,1423.2631578947369,-4.519033432638198,18.274302609365023,1414.734649122807,High
Meat (goat),2021-06-01,1424.764705882353,0.10550037632093279,16.93533223224495,1446.21762125903,High
Meat (goat),2021-07-01,1509.4117647058824,5.94112546963379,27.254813796021992,1452.4798761609907,High
Meat (goat),2021-08-01,1524.5294117647059,1.0015588464536096,27.122175123011537,1486.235294117647,High
Meat (goat),2021-09-01,1567.8235294117646,2.8398348574294907,28.277698126016414,1533.921568627451,High
Meat (goat),2021-10-01,1625.8823529411766,3.703147863279943,41.92017598145063,1572.7450980392157,Critical
Meat (goat),2021-11-01,1671.5882352941176,2.811143270622285,35.39166369932747,1621.764705882353,Critical
Meat (goat),2021-12-01,1718.6470588235295,2.815216243797747,37.364521780443624,1672.0392156862745,Critical
Meat (goat),2022-01-01,1691.7058823529412,-1.5675805181914693,34.442076981369766,1693.9803921568628,Critical
Meat (goat),2022-02-01,1778.7058823529412,5.142737925518959,42.099027728654434,1729.686274509804,Critical
Meat (goat),2022-03-01,1991.8823529411766,11.98491963754218,49.7300391908623,1820.764705882353,Critical
Meat (goat),2022-04-01,1556.7058823529412,-21.847498671076725,4.433099025773823,1775.7647058823532,Low
Meat (goat),2022-05-01,1837.5294117647059,18.039600967351866,29.10679248402266,1795.3725490196077,High
Meat (goat),2023-02-01,2220.0625,20.817794032908644,55.81958837372527,1871.4325980392157,Critical
Meat (goat),2023-03-01,2189.25,-1.387911376368911,45.039945440374105,2082.280637254902,Critical
Meat (goat),2023-04-01,2192.1875,0.1341783715884448,43.794372419647345,2200.5,Critical
Meat (goat),2023-05-01,2231.125,1.7761938702779867,42.307151164972055,2204.1875,Critical
Meat (goat),2023-06-01,2528.9079310344828,13.34676143355853,55.540646988372664,2317.4068103448276,Critical
Meat (goat),2023-07-01,2747.0088,8.62431037085245,64.33525565682514,2502.347243678161,Critical
Meat (goat),2023-08-01,2836.8875000000003,3.271875212048836,65.065158982784,2704.2680770114944,Critical
Meat (goat),2023-09-01,2823.6144444444444,-0.4678738778170044,66.90929989066223,2802.5035814814814,Critical
Meat (goat),2023-10-01,2865.177666666667,1.4719864570745367,61.08214939259653,2841.8932037037043,Critical
Meat (goat),2023-11-01,3204.5945,11.846275268793672,60.88271956765696,2964.462203703704,Critical
Meat (goat),2023-12-01,3068.07625,-4.260078771276676,97.0877276677751,3045.9494722222225,Critical
Meat (goat),2024-01-01,3224.7826315789475,5.107642992215311,75.49556545502949,3165.817793859649,Critical
Meat (goat),2024-02-01,3461.74,7.348010563584273,55.92984431744601,3251.5329605263155,Critical
Meat (goat),2024-03-01,3825.741111111111,10.51497544908373,74.75122124522603,3504.0879142300196,Critical
Meat (goat),2024-04-01,3461.263,-9.526993607919687,57.89082822523164,3582.9147037037037,Critical
Meat (goat),2024-05-01,3924.0983333333334,13.371862621630704,75.87980652510879,3737.0341481481482,Critical
Meat (goat),2024-06-01,4060.35,3.472177684979849,60.5574465630728,3815.237111111111,Critical
Meat (goat),2024-07-01,3802.012,-6.362456438484365,38.405526767879294,3928.8201111111107,Critical
Meat (goat),2024-08-01,4857.277,27.755435806094255,71.21852734731284,4239.879666666667,Critical
Meat (goat),2024-09-01,4575.62064516129,-5.798647160512161,62.04835097667021,4411.636548387097,Critical
Meat (goat),2024-10-01,4666.048387096775,1.976294560850711,62.85371903394847,4699.6486774193545,Critical
Meat (goat),2024-11-01,5131.504166666667,9.97537404149167,60.12959413949772,4791.05773297491,Critical
Meat (goat),2024-12-01,5680.846666666666,10.705291901903347,85.15989185948902,5159.4664068100365,Critical
Meat (goat),2025-01-01,5838.1965625,2.7698317709684117,81.04155316792465,5550.182465277779,Critical
Meat (goat),2025-02-01,5927.97375,1.5377554787493475,71.24260487500507,5815.672326388889,Critical
Meat (goat),2025-03-01,5504.2425,-7.147994708984662,43.873888486965654,5756.804270833333,Critical
Meat (goat),2025-04-01,6277.806500000001,14.053959286859197,81.37328772763009,5903.340916666667,Critical
Meat (goat),2025-05-01,6052.046666666666,-3.5961578830652763,54.22770156541268,5944.698555555556,Critical
Meat (goat),2025-06-01,5969.541923076923,-1.3632535922791345,47.0203781220073,6099.798363247864,Critical
Meat (goat),2025-07-01,6035.536666666667,1.105524417788617,58.745860525076374,6019.041752136752,Critical
Meat (goat),2025-08-01,6115.356363636363,1.3224954362472507,25.900918634789893,6040.144984459985,High
Meat (goat),2025-09-01,6003.261290322581,-1.8330096669481377,31.201027267656436,6051.38477354187,Critical
Meat (goat),2025-10-01,6119.894,1.9428224766000923,31.157962633298176,6079.5038846529815,Critical
Meat (goat),2025-11-01,6218.560882352941,1.6122318842931138,21.183978038010775,6113.90539089184,High
Meat (goat),2025-12-01,6199.62625,-0.3044857598270667,9.132082130949982,6179.36037745098,Moderate
Meat (goat),2026-01-01,6110.474516129032,-1.438017878432074,4.6637339238958075,6176.220549493991,Low
Meat (goat),2026-02-01,5796.9432,-5.131046947359719,-2.2103766906862665,6035.681322043011,Low
Meat (goat),2026-03-01,5984.607916666667,3.237304734444657,8.72718483363817,5964.008544265232,Moderate
Meat (goat),2026-04-01,7500.0,25.321493144322528,19.468479953945696,6427.183705555556,High
Milk (powder),2016-01-01,4250.0,,,,
Milk (powder),2016-06-01,645.75,-84.80588235294118,,2447.875,
Milk (powder),2016-07-01,543.75,-15.795586527293848,,1813.1666666666667,
Milk (powder),2016-08-01,562.5,3.4482758620689724,,584.0,
Milk (powder),2016-09-01,625.0,11.111111111111116,,577.0833333333334,
Milk (powder),2016-10-01,610.5,-2.32,,599.3333333333334,
Milk (powder),2016-11-01,787.5,28.992628992629,,674.3333333333334,
Milk (powder),2016-12-01,2717.6470588235293,245.09803921568624,,1371.8823529411766,
Milk (powder),2017-01-01,962.5,-64.58333333333333,,1489.2156862745098,
Milk (powder),2017-02-01,968.75,0.6493506493506551,,1549.6323529411766,
Milk (powder),2017-03-01,1000.0,3.2258064516129004,,977.0833333333334,
Milk (powder),2017-04-01,1000.0,0.0,,989.5833333333334,
Milk (powder),2017-05-01,2314.9411764705883,131.49411764705886,-45.53079584775086,1438.313725490196,Low
Milk (powder),2017-06-01,735.2941176470588,-68.23702800223612,13.866684885336245,1350.078431372549,Moderate
Milk (powder),2017-07-01,988.2352941176471,34.400000000000006,81.7444219066937,1346.1568627450981,Critical
Milk (powder),2017-08-01,1000.0,1.1904761904761862,77.77777777777777,907.843137254902,Critical
Milk (powder),2017-09-01,1000.0,0.0,60.00000000000001,996.078431372549,Critical
Milk (powder),2017-10-01,1028.9473684210527,2.894736842105261,68.54174748911592,1009.6491228070175,Critical
Milk (powder),2017-11-01,989.4736842105264,-3.8363171355498715,25.64745196324145,1006.1403508771931,High
Milk (powder),2017-12-01,997.3684210526316,0.7978723404255206,-63.300296195033035,1005.263157894737,Low
Milk (powder),2018-01-01,1000.0,0.26385224274405594,3.8961038961038863,995.6140350877193,Low
Milk (powder),2018-02-01,1000.0,0.0,3.2258064516129004,999.1228070175439,Low
Milk (powder),2018-03-01,1000.0,0.0,0.0,1000.0,Low
Milk (powder),2018-04-01,1000.0,0.0,0.0,1000.0,Low
Milk (powder),2018-05-01,1000.0,0.0,-56.80235808304111,1000.0,Low
Milk (powder),2018-06-01,1001.1578947368421,0.11578947368420245,36.15747368421054,1000.3859649122807,Critical
Milk (powder),2018-07-01,1010.5263157894736,0.9357585953106984,2.2556390977443552,1003.8947368421053,Low
Milk (powder),2018-08-01,1010.5263157894736,0.0,1.0526315789473717,1007.4035087719298,Low
Milk (powder),2018-09-01,1010.5263157894736,0.0,1.0526315789473717,1010.5263157894736,Low
Milk (powder),2018-10-01,1005.2631578947369,-0.5208333333333259,-2.3017902813299296,1008.7719298245614,Low
Milk (powder),2018-11-01,1000.0,-0.5235602094240899,1.0638297872340274,1005.2631578947368,Low
Milk (powder),2018-12-01,1000.0,0.0,0.26385224274405594,1001.7543859649122,Low
Milk (powder),2019-01-01,1000.0,0.0,0.0,1000.0,Low
Milk (powder),2019-02-01,1000.0,0.0,0.0,1000.0,Low
Milk (powder),2019-03-01,1000.0,0.0,0.0,1000.0,Low
Milk (powder),2019-04-01,1000.0,0.0,0.0,1000.0,Low
Milk (powder),2019-05-01,1000.0,0.0,0.0,1000.0,Low
Milk (powder),2019-06-01,1000.0,0.0,-0.11565555672379269,1000.0,Low
Milk (powder),2019-07-01,1000.0,0.0,-1.041666666666663,1000.0,Low
Milk (powder),2019-08-01,1000.0,0.0,-1.041666666666663,1000.0,Low
Milk (powder),2019-09-01,1000.0,0.0,-1.041666666666663,1000.0,Low
Milk (powder),2019-10-01,1004.421052631579,0.4421052631578881,-0.08376963350785749,1001.4736842105264,Low
Milk (powder),2019-11-01,1011.4736842105264,0.7021588765458109,1.1473684210526303,1005.2982456140352,Low
Milk (powder),2019-12-01,1010.1052631578947,-0.13528983244875947,1.0105263157894617,1008.6666666666666,Low
Milk (powder),2020-01-01,1008.9473684210526,-0.1146310962901187,0.8947368421052593,1010.1754385964911,Low
Milk (powder),2020-02-01,1000.0,-0.8868022952529975,0.0,1006.3508771929825,Low
Milk (powder),2020-03-01,1000.0,0.0,0.0,1002.9824561403508,Low
Milk (powder),2020-04-01,1000.0,0.0,0.0,1000.0,Low
Milk (powder),2020-05-01,1000.0,0.0,0.0,1000.0,Low
Milk (powder),2020-06-01,1000.0,0.0,0.0,1000.0,Low
Milk (powder),2020-07-01,1000.0,0.0,0.0,1000.0,Low
Milk (powder),2020-08-01,1000.0,0.0,0.0,1000.0,Low
Milk (powder),2020-09-01,1000.0,0.0,0.0,1000.0,Low
Milk (powder),2020-10-01,1004.2105263157895,0.42105263157894424,-0.020959966464051405,1001.4035087719299,Low
Milk (powder),2020-11-01,1050.5263157894738,4.612159329140475,3.8609636798834446,1018.2456140350878,Low
Milk (powder),2020-12-01,1055.7894736842106,0.5010020040080221,4.522717799082976,1036.8421052631581,Low
Milk (powder),2021-01-01,1061.0526315789473,0.49850448654036317,5.164319248826277,1055.7894736842106,Moderate
Milk (powder),2021-02-01,1103.157894736842,3.9682539682539764,10.315789473684212,1073.3333333333333,Moderate
Milk (powder),2021-03-01,1173.6842105263158,6.3931297709923784,17.36842105263159,1112.6315789473683,High
Milk (powder),2021-04-01,1207.5,2.8811659192825134,20.75,1161.4473684210527,High
Milk (powder),2021-05-01,1192.6315789473683,-1.2313392176092508,19.26315789473683,1191.2719298245613,High
Milk (powder),2021-06-01,1388.235294117647,16.40101760033228,38.8235294117647,1262.7889576883383,Critical
Milk (powder),2021-07-01,1191.764705882353,-14.15254237288136,19.176470588235283,1257.5438596491229,High
Milk (powder),2021-08-01,1688.235294117647,41.65844027640671,68.82352941176471,1422.7450980392157,Critical
Milk (powder),2021-09-01,2707.0588235294117,60.348432055749136,170.70588235294116,1862.3529411764705,Critical
Milk (powder),2021-10-01,1668.235294117647,-38.37461973055193,66.1240596867678,2021.1764705882351,Critical
Milk (powder),2021-11-01,1243.5294117647059,-25.458392101551485,18.372038194035124,1872.9411764705883,High
Milk (powder),2021-12-01,1310.8823529411766,5.416272469252603,24.16133951087913,1407.5490196078433,High
Milk (powder),2022-01-01,1521.1764705882354,16.04218083912945,43.364845938375375,1358.529411764706,Critical
Milk (powder),2022-02-01,1364.7058823529412,-10.2861562258314,23.70902559497081,1398.921568627451,High
Milk (powder),2022-03-01,2450.5882352941176,79.56896551724138,108.79451332102347,1778.8235294117646,Critical
Milk (powder),2022-04-01,6927.058823529412,182.66922707633225,473.66946778711485,3580.78431372549,Critical
Milk (powder),2022-05-01,27329.41176470588,294.53125,2191.5217278438295,12235.686274509804,Critical
Milk (powder),2023-02-01,1667.5,-93.89851485148515,20.116525423728817,11974.656862745098,High
Milk (powder),2023-03-01,1529.3333333333333,-8.285857071464275,28.325106943073376,10175.415032679737,High
Milk (powder),2023-04-01,1574.6666666666667,2.96425457715781,-6.72706155632985,1590.5,Low
Milk (powder),2023-05-01,1975.7142857142858,25.468731099552432,-27.0162041348482,1693.2380952380954,Low
Milk (powder),2023-06-01,2090.8025925925926,5.825149299697374,25.330197722405057,1880.3945149911817,High
Milk (powder),2023-07-01,2165.8904347826087,3.591340591217995,74.17283534202626,2077.4691043631624,Critical
Milk (powder),2023-08-01,2190.3547826086956,1.129528411650349,67.0901113051282,2149.015936661299,Critical
Milk (powder),2023-09-01,2271.7576,3.716421560453975,49.34214694508894,2209.3342724637682,Critical
Milk (powder),2023-10-01,2368.604193548387,4.263068980087792,73.56151418242489,2276.9055253856936,Critical
Milk (powder),2023-11-01,2348.4852380952384,-0.8494013270747613,-4.166468920741584,2329.615677214542,Low
Milk (powder),2023-12-01,2915.4285714285716,24.14080889829897,-57.91246118012422,2544.1726676907324,Low
Milk (powder),2024-01-01,2930.5535999999997,0.5187926303410251,-89.27692397761516,2731.4891365079366,Low
Milk (powder),2024-02-01,2996.2695,2.2424397902157445,79.6863268365817,2947.4172238095234,Critical
Milk (powder),2024-03-01,3232.6105263157892,7.8878427429772024,111.37383563529575,3053.144542105263,Critical
Milk (powder),2024-04-01,3242.6236363636363,0.30975306076415077,105.92444769455773,3157.1678875598086,Critical
Milk (powder),2024-05-01,3348.8284210526313,3.2752732539782503,69.49963085588155,3274.6875279106857,Critical
Milk (powder),2024-06-01,3415.803,1.9999405919493674,63.37281253149818,3335.7516858054223,Critical
Milk (powder),2024-07-01,3876.832,13.496943471271617,78.99483453737672,3547.15447368421,Critical
Milk (powder),2024-08-01,3803.388,-1.8944333930384416,73.64255463081622,3698.674333333333,Critical
Milk (powder),2024-09-01,3700.572,-2.703274028313696,62.89466798746488,3793.597333333333,Critical
Milk (powder),2024-10-01,3549.3084848484846,-4.087571195791229,49.84810440326437,3684.422828282828,Critical
Milk (powder),2024-11-01,3579.6047999999996,0.8535836003223052,52.4218565198763,3609.828428282828,Critical
Milk (powder),2024-12-01,3975.994193548387,11.073551849868668,36.37769186024455,3701.6358261322907,Critical
Milk (powder),2025-01-01,4053.5815151515153,1.9513942381763183,38.3213572736399,3869.7268362333,Critical
Milk (powder),2025-02-01,4151.767199999999,2.4221958897701956,38.56454501172206,4060.4476362333007,Critical
Milk (powder),2025-03-01,4113.662352941176,-0.9177982585059974,27.2551184082644,4106.337022697564,High
Milk (powder),2025-04-01,3912.5180952380956,-4.889663770271935,20.65902596163447,4059.3158827264233,High
Milk (powder),2025-05-01,3889.2258064516127,-0.5953273114527424,16.136908717142305,3971.8020848769615,High
Milk (powder),2025-06-01,3758.878888888889,-3.351487520896801,10.043784401175614,3853.5409301928653,Moderate
Milk (powder),2025-07-01,3836.91,2.075914479228591,-1.0297583181319236,3828.3382317801675,Low
Milk (powder),2025-08-01,3871.785,0.9089345332572218,1.798317710420294,3822.5246296296295,Low
Milk (powder),2025-09-01,3915.385151515152,1.126099499717892,5.804863451248932,3874.6933838383834,Moderate
Milk (powder),2025-10-01,3871.4159459459465,-1.1229854501591086,9.075217397205538,3886.195365820366,Moderate
Milk (powder),2025-11-01,3987.7326315789473,3.0044998330599038,11.401477380378623,3924.844576346682,Moderate
Milk (powder),2025-12-01,1884.4221212121213,-52.74452187969327,-52.60500821983436,3247.856899579005,Low
Milk (powder),2026-01-01,4050.7975,114.9623194507182,-0.06868037909461,3307.650750930357,Low
Milk (powder),2026-02-01,4228.242857142857,4.380504262255935,1.842002536723597,3387.8208261183263,Low
Milk (powder),2026-03-01,4229.941481481482,0.04017329174352824,2.8266570895680854,4169.66061287478,Low
Milk (powder),2026-04-01,4000.0,-5.43604403248027,2.235948885920247,4152.728112874779,Low
Millet,2002-01-01,148.565,,,,
Millet,2002-02-01,148.54,-0.016827651196449356,,148.5525,
Millet,2002-03-01,178.68,20.29083075265923,,158.595,
Millet,2002-04-01,188.63,5.568614282516227,,171.95000000000002,
Millet,2002-05-01,193.43,2.544664157345067,,186.91333333333333,
Millet,2002-06-01,205.04000000000002,6.002171328129036,,195.70000000000002,
Millet,2002-07-01,232.565,13.424209910261409,,210.345,
Millet,2002-08-01,213.65,-8.13321007030292,,217.08500000000004,
Millet,2002-09-01,135.525,-36.56681488415633,,193.91333333333333,
Millet,2002-10-01,110.735,-18.291828076000737,,153.30333333333334,
Millet,2002-11-01,115.79333333333334,4.5679625532427215,,120.68444444444445,
Millet,2002-12-01,117.3,1.3011687489204782,,114.60944444444443,
Millet,2003-01-01,126.12,7.519181585677748,-15.107865244169217,119.73777777777777,Low
Millet,2003-02-01,124.00333333333333,-1.6782958029390005,-16.51855841299762,122.47444444444444,Low
Millet,2003-03-01,120.0,-3.228407838498959,-32.84083277367361,123.37444444444445,Low
Millet,2003-04-01,120.515,0.42916666666665826,-36.11037480782484,121.50611111111111,Low
Millet,2003-05-01,116.38666666666666,-3.4255763459597133,-39.83008495752125,118.96722222222222,Low
Millet,2003-06-01,113.79,-2.2310688509565635,-44.50351150994928,116.89722222222223,Low
Millet,2003-07-01,95.125,-16.40302311275157,-59.097456625029565,108.43388888888889,Low
Millet,2003-08-01,690.03,625.3929040735874,222.9721507137842,299.6483333333333,Critical
Millet,2003-09-01,687.9275,-0.3046968972363451,407.6019184652278,491.0275,Critical
Millet,2003-10-01,884.7466666666666,28.61045192504539,698.9765355729143,754.2347222222221,Critical
Millet,2003-11-01,687.5525,-22.28820679365844,493.7755483908112,753.4088888888888,Critical
Millet,2003-12-01,686.61,-0.13708044112994422,485.34526854219956,752.9697222222221,Critical
Millet,2004-01-01,2500.0,264.10771762718286,1882.2391373295275,1291.3875,Critical
Millet,2004-02-01,2600.0,4.0000000000000036,1996.7178301658557,1928.87,Critical
Millet,2004-03-01,2800.0,7.692307692307687,2233.333333333333,2633.3333333333335,Critical
Millet,2004-04-01,3000.0,7.14285714285714,2389.3166825706344,2800.0,Critical
Millet,2004-05-01,3100.0,3.3333333333333437,2563.53534196357,2966.6666666666665,Critical
Millet,2004-06-01,3200.0,3.2258064516129004,2712.1979084278055,3100.0,Critical
Millet,2004-07-01,4000.0,25.0,4104.993429697766,3433.3333333333335,Critical
Millet,2004-08-01,4500.0,12.5,552.145558888744,3900.0,Critical
Millet,2004-09-01,4800.0,6.666666666666665,597.7479458227792,4433.333333333333,Critical
Millet,2004-10-01,5000.0,4.166666666666674,465.13352221351505,4766.666666666667,Critical
Millet,2004-11-01,5500.0,10.000000000000009,699.9389137556768,5100.0,Critical
Millet,2004-12-01,5500.0,0.0,701.0369787798021,5333.333333333333,Critical
Millet,2005-01-01,1762.3733333333332,-67.95684848484849,-29.505066666666668,4254.124444444445,Low
Millet,2005-02-01,1496.94,-15.061129688753038,-42.42538461538461,2919.771111111111,Low
Millet,2005-03-01,1625.3675,8.579335177094617,-41.951160714285706,1628.2269444444446,Low
Millet,2005-04-01,1959.4366666666667,20.553454321356046,-34.68544444444445,1693.9147222222225,Low
Millet,2005-05-01,1520.3275,-22.409969872293225,-50.957177419354835,1701.7105555555554,Low
Millet,2005-06-01,1673.97,10.105881791916538,-47.688437500000006,1717.911388888889,Low
Millet,2005-07-01,2518.0266666666666,50.422448829230305,-37.04933333333334,1904.1080555555557,Low
Millet,2005-08-01,1965.4325,-21.945524802490844,-56.323722222222216,2052.476388888889,Low
Millet,2005-09-01,1360.0375,-30.80212624956593,-71.66588541666667,1947.832222222222,Low
Millet,2005-10-01,1781.9466666666667,31.021877460486703,-64.36106666666667,1702.472222222222,Low
Millet,2005-11-01,1291.4675,-27.52490721757479,-76.51877272727272,1477.8172222222222,Low
Millet,2005-12-01,1099.225,-14.885585583841642,-80.01409090909091,1390.8797222222222,Low
Millet,2006-01-01,1968.18,79.05160453956199,11.677813251827086,1452.9574999999998,Moderate
Millet,2006-02-01,1823.99,-7.326057576034717,21.847903055566675,1630.4650000000001,High
Millet,2006-03-01,903.1075,-50.487255960833124,-44.43671969569959,1565.0925,Low
Millet,2006-04-01,1161.82,28.646921878070984,-40.706427527639754,1296.3058333333333,Low
Millet,2006-05-01,879.465,-24.302817992460103,-42.152924287694596,981.4641666666666,Low
Millet,2006-06-01,857.3025,-2.5199979533011563,-48.78626857112135,966.1958333333333,Low
Millet,2006-07-01,4000.0,366.5797661852147,58.85455277148244,1912.2558333333334,Critical
Millet,2006-08-01,3000.0,-25.0,52.63815979434552,2619.1008333333334,Critical
Millet,2006-09-01,3000.0,0.0,120.5821530656324,3333.3333333333335,Critical
Millet,2006-10-01,3000.0,0.0,68.35520703949238,3000.0,Critical
Millet,2006-11-01,3100.0,3.3333333333333437,140.037012158649,3033.3333333333335,Critical
Millet,2006-12-01,3350.0,8.064516129032251,204.7601719393209,3150.0,Critical
Millet,2007-01-01,1089.7866666666666,-67.46905472636816,-44.62972560097823,2513.262222222222,Low
Millet,2007-02-01,702.3525,-35.55137702791984,-61.493621127308806,1714.046388888889,Low
Millet,2007-03-01,688.12,-2.0264041204380967,-23.80530556993492,826.7530555555555,Low
Millet,2007-04-01,838.2166666666667,21.812571450715957,-27.85313846665862,742.8963888888889,Low
Millet,2007-05-01,2270.0,170.81303561131767,158.11146549322598,1265.4455555555555,Critical
Millet,2007-06-01,2235.0,-1.541850220264318,160.7014443559887,1781.0722222222223,Critical
Millet,2007-07-01,2270.0,1.5659955257270708,-43.25,2258.3333333333335,Low
Millet,2007-08-01,2450.0,7.929515418502198,-18.333333333333336,2318.3333333333335,Low
Millet,2007-09-01,2450.0,0.0,-18.333333333333336,2390.0,Low
Millet,2007-10-01,3200.0,30.612244897959172,6.666666666666665,2700.0,Moderate
Millet,2007-11-01,4300.0,34.375,38.70967741935485,3316.6666666666665,Critical
Millet,2007-12-01,4310.0,0.23255813953488857,28.656716417910456,3936.6666666666665,High
Millet,2008-01-01,1795.3766666666668,-58.343928847641145,64.74569946411532,3468.458888888889,Critical
Millet,2008-02-01,1184.642,-34.0170771964286,68.66772738760096,2430.0062222222223,Critical
Millet,2008-03-01,1183.4940000000001,-0.09690691364985238,71.98947857931759,1387.8375555555558,Critical
Millet,2008-04-01,1131.058,-4.430609703133282,34.936233670689745,1166.398,Critical
Millet,2008-05-01,1179.356,4.270161211891876,-48.04599118942732,1164.6360000000002,Low
Millet,2008-06-01,1347.8,14.282710224902395,-39.695749440715886,1219.4046666666666,Low
Millet,2008-07-01,1462.31,8.49606766582578,-35.581057268722475,1329.822,Low
Millet,2008-08-01,1358.27,-7.114770465906684,-44.56040816326531,1389.4599999999998,Low
Millet,2008-09-01,1463.092,7.717316881032499,-40.281959183673465,1427.890666666667,Low
Millet,2008-10-01,1158.8899999999999,-20.791720547990156,-63.784687500000004,1326.7506666666666,Low
Millet,2008-11-01,929.8,-19.768053913658758,-78.37674418604651,1183.9273333333333,Low
Millet,2008-12-01,925.6,-0.45171004517099433,-78.52436194895591,1004.7633333333333,Low
Millet,2009-01-01,876.9599999999999,-5.254969749351779,-51.154539530237855,910.7866666666665,Low
Millet,2009-02-01,906.8066666666667,3.4034239494009855,-23.453105101231706,903.1222222222223,Low
Millet,2009-03-01,4500.0,396.24690305173465,280.23006453771626,2094.588888888889,Critical
Millet,2009-04-01,4600.0,2.2222222222222143,306.6988607127132,3335.6022222222223,Critical
Millet,2009-05-01,4600.0,0.0,290.04337960717544,4566.666666666667,Critical
Millet,2009-06-01,4800.0,4.347826086956519,256.13592521145574,4666.666666666667,Critical
Millet,2009-07-01,1216.6666666666667,-74.65277777777777,-16.798307700373606,3538.8888888888887,Low
Millet,2009-08-01,1148.875,-5.571917808219185,-15.416301618971195,2388.513888888889,Low
Millet,2009-09-01,847.255,-26.253508867370257,-42.091474767136994,1070.9322222222222,Low
Millet,2009-10-01,781.23,-7.7928132616508545,-32.588079973077676,925.7866666666667,Low
Millet,2009-11-01,802.2133333333333,2.6859354266135727,-13.721947372194743,810.2327777777778,Low
Millet,2009-12-01,1020.75,27.241714589635357,10.279818496110638,868.0644444444443,Moderate
Millet,2010-01-01,1034.9350000000002,1.3896644624051158,18.013934501003504,952.6327777777778,High
Millet,2010-02-01,930.8483333333334,-10.05731438850428,2.651245028341198,995.5111111111113,Low
Millet,2010-03-01,949.2600000000001,1.9779448495906182,-78.90533333333333,971.6811111111111,Low
Millet,2010-04-01,1063.2733333333333,12.010759258088743,-76.88536231884058,981.1272222222224,Low
Millet,2010-05-01,1339.5620000000001,25.984726410894666,-70.87908695652175,1117.3651111111112,Low
Millet,2010-06-01,1143.66,-14.624332431048359,-76.17375,1182.1651111111112,Low
Millet,2010-07-01,1193.3333333333333,4.343365452436321,-1.9178082191780965,1225.5184444444446,Low
Millet,2010-08-01,818.9666666666667,-31.371508379888258,-28.715772676168715,1051.986666666667,Low
Millet,2010-09-01,782.4016666666666,-4.464772681020801,-7.654523529909341,931.5672222222223,Low
Millet,2010-10-01,815.7916666666666,4.267628945916524,4.424006587901985,805.7200000000001,Low
Millet,2010-11-01,972.8433333333332,19.251442872465386,21.269903267626233,857.0122222222222,High
Millet,2010-12-01,849.5450000000001,-12.674017399170111,-16.772471222140574,879.3933333333334,Low
Millet,2011-01-01,831.88,-2.0793483570617277,-19.620072758192553,884.7561111111112,Low
Millet,2011-02-01,912.5583333333334,9.698313859370744,-1.9648743350599518,864.6611111111112,Low
Millet,2011-03-01,999.1416666666668,9.48797793748346,5.254794963094067,914.5266666666668,Moderate
Millet,2011-04-01,1107.78,10.873166134265233,4.185816127555797,1006.4933333333335,Low
Millet,2011-05-01,1141.115,3.0091714961454574,-14.814319904565831,1082.6788888888889,Low
Millet,2011-06-01,1186.7766666666666,4.001495613208705,3.7700598662772533,1145.223888888889,Low
Millet,2011-07-01,1055.0816666666667,-11.096864616482172,-11.585335195530721,1127.657777777778,Low
Millet,2011-08-01,163.994,-84.45674821380335,-79.975497578249,801.950777777778,Low
Millet,2011-09-01,147.38600000000002,-10.127199775601536,-81.16236119128921,455.48722222222244,Low
Millet,2011-10-01,145.06199999999998,-1.5768119088651833,-82.2182542520047,152.14733333333348,Low
Millet,2011-11-01,173.228,19.416525347782354,-82.19363857832539,155.22533333333348,Low
Millet,2011-12-01,192.906,11.359595446463612,-77.29302155859902,170.3986666666668,Low
Millet,2012-01-01,185.882,-3.64115164898966,-77.65519065249795,184.0053333333335,Low
Millet,2012-02-01,190.808,2.6500683229145228,-79.09087090322993,189.8653333333335,Low
Millet,2012-03-01,190.03199999999998,-0.4066915433315166,-80.98047490762906,188.90733333333347,Low
Millet,2012-04-01,209.82799999999997,10.417192893828409,-81.0586939645056,196.88933333333344,Low
Millet,2012-05-01,223.212,6.378557675810681,-80.43913190169263,207.69066666666677,Low
Millet,2012-07-01,234.03000000000003,4.846513628299576,-80.28019874562189,222.3566666666668,Low
Millet,2012-08-01,242.348,3.554245182241589,-77.03040364963849,233.19666666666683,Low
Millet,2012-09-01,1149.81,374.44583821611894,601.1293096088881,542.0626666666668,Critical
Millet,2012-10-01,1269.4166666666667,10.402298350742022,761.287141700478,887.1915555555557,Critical
Millet,2012-11-01,1336.5733333333335,5.290356462942292,821.3807429466943,1251.9333333333336,Critical
Millet,2012-12-01,1234.0316666666665,-7.671982083537032,612.3742505060767,1280.0072222222225,Critical
Millet,2013-01-01,1236.455,0.19637529560965206,540.9624376639399,1269.0200000000002,Critical
Millet,2013-02-01,1337.2866666666666,8.154899827868123,619.4277373100497,1269.2577777777778,Critical
Millet,2013-03-01,1523.4716666666666,13.9225945072859,698.4317568795159,1365.7377777777776,Critical
Millet,2013-04-01,1447.9683333333332,-4.956005089253379,661.9602663411075,1436.2422222222224,Critical
Millet,2013-05-01,1530.49,5.69913476468753,629.4021770211793,1500.6433333333334,Critical
Millet,2013-06-01,1704.47,11.367601225751223,663.6103793702848,1560.9761111111113,Critical
Millet,2013-07-01,1718.6783333333333,0.8335924559149221,634.3837684627326,1651.212777777778,Critical
Millet,2013-08-01,1458.79,-15.121406274394955,501.9401851882416,1627.312777777778,Critical
Millet,2013-09-01,1268.845,-13.020722653706152,10.352579991476851,1482.1044444444444,Moderate
Millet,2013-10-01,1411.0933333333332,11.210851863965509,11.160769382262181,1379.5761111111112,Moderate
Millet,2013-11-01,1308.5466666666666,-7.267178169173782,-2.0969045220115223,1329.4950000000001,Low
Millet,2013-12-01,1376.0716666666667,5.1603050712750065,11.510239472514904,1365.2372222222223,Moderate
Millet,2014-01-01,1390.485,1.0474260667140634,12.457388259176438,1358.367777777778,Moderate
Millet,2014-02-01,1338.1916666666666,-3.7607980908340055,0.06767434556540497,1368.2494444444446,Low
Millet,2014-03-01,1387.8183333333334,3.708487199765864,-8.904224233466751,1372.1650000000002,Low
Millet,2014-04-01,1336.7466666666667,-3.679996541334063,-7.681222310340575,1354.2522222222226,Low
Millet,2014-05-01,1144.8971428571429,-14.351973234234649,-25.194078833762855,1289.8207142857145,Low
Millet,2014-06-01,1302.71,13.784020523365804,-23.570963407980194,1261.45126984127,Low
Millet,2014-07-01,4607.324705882354,253.6723219966342,168.07370620345017,2351.643949579832,Critical
Millet,2014-08-01,4463.931764705882,-3.1122820797369832,206.0023556993044,3457.9888235294115,Critical
Millet,2014-09-01,4232.437647058824,-5.185879396216775,233.5661682127308,4434.564705882353,Critical
Millet,2014-10-01,4163.982352941176,-1.6173963995717355,195.08908125197314,4286.783921568628,Critical
Millet,2014-11-01,5737.208333333333,37.78176387517418,338.4412477965376,4711.209444444445,Critical
Millet,2014-12-01,5597.25,-2.43948494113716,306.7557043419492,5166.146895424837,Critical
Millet,2015-01-01,4218.13,-24.63924248514896,203.35674243159764,5184.196111111111,Critical
Millet,2015-02-01,4059.6385,-3.757387752392649,203.36749220029517,4625.006166666667,Critical
Millet,2015-03-01,4065.428,0.1426112201862173,192.93661154017516,4114.398833333334,Critical
Millet,2015-04-01,4456.25,9.613305167377217,233.36533474305776,4193.772166666667,Critical
Millet,2015-05-01,4653.0,4.415147265077146,306.41205448274826,4391.559333333334,Critical
Millet,2015-06-01,3930.294117647059,-15.532041314269096,201.70138539253242,4346.514705882352,Critical
Millet,2015-07-01,3965.75,0.9021177879218634,-13.925102892427565,4183.014705882353,Low
Millet,2015-08-01,4420.15,11.458110067452543,-0.9807892910022487,4105.3980392156855,Low
Millet,2015-09-01,4457.4,0.8427315815074055,5.315195915467408,4281.099999999999,Moderate
Millet,2015-10-01,4246.75,-4.725849149728534,1.9877040785334366,4374.766666666666,Low
Millet,2015-11-01,5248.75,23.594513451462884,-8.513867807368559,4650.966666666666,Low
Millet,2015-12-01,4820.555555555556,-8.158027043475958,-13.876357933707528,4772.018518518518,Low
Millet,2016-01-01,4872.605263157895,1.0797450003942721,15.515767962530669,4980.63693957115,High
Millet,2016-02-01,5318.315789473684,9.14727342446222,31.004664318600895,5003.825536062378,Critical
Millet,2016-03-01,6206.277777777777,16.696300548034372,52.65988667805155,5465.732943469786,Critical
Millet,2016-04-01,6442.210526315789,3.801517704908308,44.56573411087326,5988.934697855749,Critical
Millet,2016-05-01,7207.75,11.883180013398476,54.90543735224587,6618.7461013645225,Critical
Millet,2016-06-01,6366.48,-11.671742221913917,61.98482376711814,6672.146842105263,Critical
Millet,2016-07-01,7589.181818181818,19.205303687152366,91.36813511143713,7054.470606060605,Critical
Millet,2016-08-01,9275.869565217392,22.224895745608354,109.8541806322725,7743.843794466403,Critical
Millet,2016-09-01,9725.4,4.8462349715249875,118.1854892986943,8863.483794466403,Critical
Millet,2016-10-01,8786.7,-9.652045160096234,106.90410313769357,9262.65652173913,Critical
Millet,2016-11-01,7114.707142857143,-19.028678083271966,35.55050522233185,8542.269047619047,Critical
Millet,2016-12-01,6132.636363636364,-13.803390069354226,27.218456316070693,7344.681168831169,High
Millet,2017-01-01,7952.892857142857,29.681467896902447,63.216440233220396,7066.745454545454,Critical
Millet,2017-02-01,6193.441176470588,-22.123417381286913,16.454934637935615,6759.65679908327,High
Millet,2017-03-01,7027.228571428572,13.462425349668505,13.227748145439033,7057.854201680672,Moderate
Millet,2017-04-01,7911.0,12.576386545396879,22.79946406104476,7043.889915966388,High
Millet,2017-05-01,8744.878787878788,10.540750700022606,21.32605581323974,7894.36911976912,High
Millet,2017-06-01,8678.424242424242,-0.7599252896067332,36.31432506540888,8444.767676767677,Critical
Millet,2017-07-01,8842.575757575758,1.8914898668938696,16.515534472914005,8755.29292929293,High
Millet,2017-08-01,8794.84375,-0.5397975531605037,-5.185775973188978,8771.947916666666,Low
Millet,2017-09-01,5800.272727272727,-34.049166851057166,-40.359545856492,7812.5640782828295,Low
Millet,2017-10-01,5442.9375,-6.160662508032533,-38.05481580115402,6679.351325757576,Low
Millet,2017-11-01,5502.46875,1.0937338523545392,-22.660643094435162,5581.892992424243,Low
Millet,2017-12-01,5387.5625,-2.088267198246241,-12.149324033857612,5444.322916666667,Low
Millet,2018-01-01,2325.3055555555557,-56.839376702255315,-70.76151285670733,4405.112268518518,Low
Millet,2018-02-01,5632.0,142.20472817192484,-9.06509257896162,4448.289351851851,Low
Millet,2018-03-01,5722.090909090909,1.5996255165289242,-18.572580201021417,4559.798821548821,Low
Millet,2018-04-01,5950.0,3.982968717728741,-24.788269498167104,5768.030303030303,Low
Millet,2018-05-01,6377.823529411765,7.190311418685114,-27.067902436200498,6016.638146167558,Low
Millet,2018-06-01,3816.1268,-40.165688460935414,-56.027422797044565,5381.316776470588,Low
Millet,2018-07-01,5927.9126470588235,55.338461160641295,-32.96169793083013,5373.9543254901955,Low
Millet,2018-08-01,5822.176470588235,-1.7836999761298822,-33.80011474805069,5188.738639215686,Low
Millet,2018-09-01,5190.985294117647,-10.841155015811754,-10.50446180384289,5647.0248039215685,Low
Millet,2018-10-01,4800.764705882353,-7.517274007258045,-11.798276098478933,5271.308823529412,Low
Millet,2018-11-01,4734.764705882353,-1.3747809785205733,-13.951992805368441,4908.838235294118,Low
Millet,2018-12-01,4628.144117647059,-2.251866668323166,-14.095769327092555,4721.224509803921,Low
Millet,2019-01-01,3298.5789473684213,-28.727825592315103,41.855720401456395,4220.495923632611,Critical
Millet,2019-02-01,3074.7034000000003,-6.787030140570893,-45.406544744318175,3667.14215500516,Low
Millet,2019-03-01,3176.71,3.317607805682976,-44.483405620958635,3183.3307824561402,Low
Millet,2019-04-01,3166.925,-0.3080230804826334,-46.77436974789916,3139.4461333333334,Low
Millet,2019-05-01,2228.030303030303,-29.64688765820779,-65.06597755871434,2857.2217676767673,Low
Millet,2019-06-01,2027.9699999999998,-8.979245154709293,-46.85789790842381,2474.3084343434343,Low
Millet,2019-07-01,3662.0535483870967,80.57730382535723,-38.223557491117035,2639.3512838058,Low
Millet,2019-08-01,2886.1008333333334,-21.189005152464834,-50.42917630695347,2858.7081272401433,Low
Millet,2019-09-01,2923.646808510638,1.3009238881629859,-43.67838391251706,3157.267063410356,Low
Millet,2019-10-01,2952.5068749999996,0.9871256133042738,-38.49923801967825,2920.7515056146567,Low
Millet,2019-11-01,4223.014705882353,43.03149441040179,-10.80835124423849,3366.3894631309972,Low
Millet,2019-12-01,4305.779411764706,1.9598488673759018,-6.965312611013552,3827.100330882353,Low
Millet,2020-01-01,3231.965,-24.938909058618208,-2.0194740957031,3920.2530392156864,Low
Millet,2020-02-01,3316.3333333333335,2.6104346220745978,7.858642018392192,3618.02591503268,Moderate
Millet,2020-03-01,4757.006756756757,43.44175565655111,49.74633368348877,3768.4350300300302,Critical
Millet,2020-04-01,5112.501842105264,7.47308346458766,61.43425695604612,4395.280644065118,Critical
Millet,2020-05-01,4396.588913043478,-14.003181830971856,97.33075026240702,4755.3658373018325,Critical
Millet,2020-06-01,4952.595833333334,12.646324941600406,144.21445254778592,4820.562196160692,Critical
Millet,2020-07-01,6266.659772727274,26.532832147328932,71.1241982107919,5205.281506368029,Critical
Millet,2020-08-01,6242.373124999999,-0.38755331561114437,116.29088813887014,5820.542910353535,Critical
Millet,2020-09-01,6191.246041666666,-0.8190327990580171,111.76449985833297,6233.426313131313,Critical
Millet,2020-10-01,5306.443125,-14.291192931309837,79.72669835019437,5913.354097222222,Critical
Millet,2020-11-01,5139.51375,-3.1457865667786633,21.70248289311023,5545.734305555557,High
Millet,2020-12-01,5228.975625,1.740668073900964,21.44086180339009,5224.9775,High
Millet,2021-01-01,5889.760208333333,12.636979605987996,82.23465317023337,5419.416527777778,Critical
Millet,2021-02-01,6375.825625,8.252719966068245,92.2552706302141,5831.5204861111115,Critical
Millet,2021-03-01,7048.944600000001,10.557361737759251,48.18025200380096,6438.176811111111,Critical
Millet,2021-04-01,9045.258749999999,28.320752442855035,76.92431277981262,7490.009658333333,Critical
Millet,2021-05-01,7389.9328000000005,-18.30048200666453,68.08332428069608,7828.045383333333,Critical
Millet,2021-06-01,8269.691458333333,11.904826229723398,66.97690941534866,8234.961002777776,Critical
Millet,2021-07-01,9170.6175,10.894312637974025,46.33980194538172,8276.747252777777,Critical
Millet,2021-08-01,9057.727499999999,-1.230996713143917,45.10070639201018,8832.678819444445,Critical
Millet,2021-09-01,8421.91125,-7.019600114929492,36.02934196640073,8883.418749999999,Critical
Millet,2021-10-01,7675.073541666668,-8.867793617907472,44.63687560331042,8384.904097222223,Critical
Millet,2021-11-01,7870.041666666667,2.5402769620584076,53.12813720299254,7989.008819444444,Critical
Millet,2021-12-01,8060.166666666667,2.415806777812479,54.14427690445902,7868.427291666667,Critical
Millet,2022-01-01,8417.885416666666,4.438106118566609,42.92407702365075,8116.03125,Critical
Millet,2022-02-01,8420.3125,0.028832458666272487,32.06622946185107,8299.454861111111,Critical
Millet,2022-03-01,8562.5825,1.6896047504175282,21.47325572682186,8466.926805555557,High
Millet,2022-04-01,8728.647291666666,1.9394241359620867,-3.500302944162137,8570.514097222222,Low
Millet,2022-05-01,8529.032916666667,-2.2868878570746376,15.41421481757812,8606.754236111112,High
Millet,2022-06-01,12476.215,46.279362758937246,50.86675316559448,9911.298402777778,Critical
Millet,2022-07-01,13000.5728125,4.202859701439898,41.76333068629239,11335.273576388887,Critical
Millet,2022-08-01,12926.009375,-0.5735396322561148,42.706980034451256,12800.932395833333,Critical
Millet,2022-09-01,12478.2140625,-3.4642966712222445,48.1636850839529,12801.59875,Critical
Millet,2022-10-01,12393.594375,-0.6781394122280737,61.47850972003444,12599.272604166666,Critical
Millet,2022-11-01,13149.5015625,6.099176434439335,67.08299802521162,12673.769999999999,Critical
Millet,2022-12-01,12914.7140625,-1.7855239522505673,60.22887114617148,12819.269999999999,Critical
Millet,2023-01-01,12982.1875,0.5224539790309457,54.22148030545082,13015.467708333332,Critical
Millet,2023-02-01,594.0,-95.42449991574995,-92.94562998701058,8830.300520833332,Low
Millet,2023-03-01,607.0625,2.19907407407407,-92.91028728774292,4727.75,Low
Millet,2023-04-01,700.4375,15.381447544527948,-91.97541753498604,633.8333333333334,Low
Millet,2023-05-01,728.875,4.0599625234228665,-91.45418938909594,678.7916666666666,Low
Millet,2023-06-01,812.0803448275863,11.415584953193104,-93.49097186263954,747.1309482758621,Low
Millet,2023-07-01,981.6772,20.88424578339241,-92.44896964035215,840.8775149425287,Low
Millet,2023-08-01,1179.1691666666668,20.117811299545995,-90.87754671641133,990.9755704980844,Low
Millet,2023-09-01,1159.674814814815,-1.6532277473773727,-90.70640390518774,1106.8403938271606,Low
Millet,2023-10-01,1062.8390322580647,-8.350253133005536,-91.4242874173614,1133.8943379131822,Low
Millet,2023-11-01,1195.4519047619049,12.477230180575539,-90.9087663963544,1139.3219172782615,Low
Millet,2023-12-01,1080.66875,-9.60165392724569,-91.63226731331281,1112.9865623399899,Low
Millet,2024-01-01,1399.5241666666668,29.50537957784629,-89.21965834597084,1225.2149404761906,Low
Millet,2024-02-01,1443.5035,3.142449010943582,143.01405723905725,1307.8988055555556,Critical
Millet,2024-03-01,1658.0705263157895,14.864323246586487,173.13011861477023,1500.3660643274854,Critical
Millet,2024-04-01,1520.609090909091,-8.290445624899679,117.0941862634555,1540.7277057416268,Critical
Millet,2024-05-01,1841.183157894737,21.08195123271239,152.6061612614971,1673.2875917065394,Critical
Millet,2024-06-01,2160.816842105263,17.36023289372277,166.08412035437556,1840.8696969696969,Critical
Millet,2024-07-01,2264.06,4.777968955209944,130.6318207247759,2088.6866666666665,Critical
Millet,2024-08-01,2380.846,5.158255523263522,101.90877333828973,2268.5742807017546,Critical
Millet,2024-09-01,2210.266451612903,-7.1646611493182295,90.5936408531778,2285.0574838709676,Critical
Millet,2024-10-01,2011.1124242424244,-9.010408099220324,89.22079103264551,2200.7416252851094,Critical
Millet,2024-11-01,2126.543076923077,5.739641965770992,77.886125610935,2115.973984259468,Critical
Millet,2024-12-01,1889.8093103448277,-11.132328761511967,74.8740592660635,2009.15493717011,Critical
Millet,2025-01-01,1861.9121875,-1.4761871841840635,33.03894508192962,1959.4215249226352,Critical
Millet,2025-02-01,1639.2920833333335,-11.956530799961074,13.563429761918378,1797.004527059387,Moderate
Millet,2025-03-01,1457.0435294117647,-11.117515650474253,-12.124152363452477,1652.749266748366,Low
Millet,2025-04-01,1406.7055,-3.454806146532019,-7.490655658318746,1501.013704248366,Low
Millet,2025-05-01,1448.8223333333333,2.9940050233210336,-21.310254923798055,1437.5237875816993,Low
Millet,2025-06-01,1481.0576923076924,2.224935261744254,-31.458434447192097,1445.5285085470086,Low
Millet,2025-07-01,1364.138888888889,-7.894277449558896,-39.748112289917714,1431.3396381766381,Low
Millet,2025-08-01,1175.9934782608696,-13.792247414137327,-50.606066992116695,1340.3966864858169,Low
Millet,2025-09-01,1112.7303125,-5.379550731388994,-49.65628186194453,1217.6208932165862,Low
Millet,2025-10-01,1022.1077777777778,-8.14415979363574,-49.17699451024969,1103.6105228462159,Low
Millet,2025-11-01,989.8836842105263,-3.152709945844623,-53.45104009636137,1041.5739248294346,Low
Millet,2025-12-01,953.8720588235294,-3.63796534496047,-49.52548632277194,988.6211736039445,Low
Millet,2026-01-01,913.0272727272728,-4.281998378968455,-50.962925166025165,952.2610052537761,Low
Millet,2026-02-01,996.9210714285715,9.188531515679955,-39.185878980063514,954.6068009931246,Low
Millet,2026-03-01,1011.4214814814815,1.4545193665262968,-30.583990041134122,973.7899418791086,Low
Millet,2026-04-01,800.0,-20.90340034817151,-43.12953208756204,936.1141843033511,Low
Oil (palm),2014-05-01,240.0,,,,
Oil (palm),2014-07-01,3292.721666666667,1271.9673611111111,,1766.3608333333334,
Oil (palm),2014-08-01,3663.211818181818,11.251790737909872,,2398.644494949495,
Oil (palm),2014-09-01,3322.771666666667,-9.293488021233888,,3426.235050505051,
Oil (palm),2014-10-01,3286.8608333333336,-1.0807493543291913,,3424.2814393939393,
Oil (palm),2014-11-01,3293.284166666667,0.19542456036445444,,3300.9722222222226,
Oil (palm),2014-12-01,3290.8050000000003,-0.07527946393935947,,3290.316666666667,
Oil (palm),2015-01-01,3445.388,4.697422059344136,,3343.159055555556,
Oil (palm),2015-02-01,3494.8546666666666,1.4357357332952514,,3410.3492222222226,
Oil (palm),2015-03-01,3509.5546666666664,0.4206183490319537,,3483.265777777778,
Oil (palm),2015-04-01,3545.8213333333333,1.0333694759373069,,3516.7435555555553,
Oil (palm),2015-05-01,3274.71,-7.645938919276252,,3443.3619999999996,
Oil (palm),2015-06-01,3336.075833333334,1.8739318392570148,1290.0315972222224,3385.5357222222224,Critical
Oil (palm),2015-07-01,3286.3050000000003,-1.491897541297904,-0.19487425043011042,3299.030277777778,Low
Oil (palm),2015-08-01,3391.921333333333,3.2138323537630464,-7.405809391146157,3338.100722222223,Low
Oil (palm),2015-09-01,3398.9946666666665,0.20853471051411887,2.293958407213248,3359.0736666666667,Low
Oil (palm),2015-10-01,3204.858125,-5.711587122231421,-2.4948640204572103,3331.9247083333335,Low
Oil (palm),2015-11-01,3213.894375,0.28195475891774624,-2.410657193515797,3272.5823888888885,Low
Oil (palm),2015-12-01,3305.37375,2.846371545735704,0.4427108260744772,3241.375416666667,Low
Oil (palm),2016-01-01,3334.1164705882356,0.8695755083138579,-3.229579060813015,3284.4615318627452,Low
Oil (palm),2016-02-01,4803.966,44.085128470405245,37.45824814460575,3814.485406862745,Critical
Oil (palm),2016-03-01,3277.605,-31.77293511236341,-6.609091143947598,3805.2291568627447,Low
Oil (palm),2016-04-01,3322.75125,1.3774158264952652,-6.2910694691892814,3801.44075,Low
Oil (palm),2016-05-01,4109.1957142857145,23.66847245293233,25.482736312092193,3569.850654761905,High
Oil (palm),2016-06-01,2668.7042857142856,-35.05531322257362,-20.00468757187168,3366.8837500000004,Low
Oil (palm),2016-07-01,2812.5276190476193,5.3892570302085385,-14.416719718723037,3196.8092063492063,Low
Oil (palm),2016-08-01,3144.564761904762,11.805649146641173,-7.29252087888157,2875.2655555555557,Low
Oil (palm),2016-09-01,3715.5514285714285,18.15789178788616,9.313246796447716,3224.214603174603,Moderate
Oil (palm),2016-10-01,4202.491904761905,13.105469956519954,31.128796996650344,3687.5360317460313,Critical
Oil (palm),2016-11-01,4303.915,2.413403702769079,33.91588203641571,4073.9861111111113,Critical
Oil (palm),2016-12-01,4333.2122580645155,0.6807118185306882,31.095984472694347,4279.873054275474,Critical
Oil (palm),2017-01-01,1626.8659090909093,-62.455891560281664,-51.205486567663826,3421.3310557184755,Low
Oil (palm),2017-02-01,2454.7125,50.885975683865084,-48.902375662109186,2804.9302223851414,Low
Oil (palm),2017-03-01,1759.1666666666667,-28.335124106523,-46.32767930648548,1946.9150252525253,Low
Oil (palm),2017-04-01,631.3,-64.11369019422075,-81.0006842973876,1615.0597222222223,Low
Oil (palm),2017-05-01,607.625,-3.750198004118477,-85.213043080728,999.3638888888889,Low
Oil (palm),2017-06-01,576.6875,-5.091544949598847,-78.39073054714085,605.2041666666667,Low
Oil (palm),2017-07-01,581.9375,0.9103717351251817,-79.30909207579421,588.75,Low
Oil (palm),2017-08-01,664.9375,14.262700032219966,-78.85438684375428,607.8541666666666,Low
Oil (palm),2017-09-01,647.6451612903226,-2.6005961025927116,-82.56933933654817,631.5067204301075,Low
Oil (palm),2017-10-01,680.0666666666667,5.006060002324397,-83.81753773526432,664.2164426523298,Low
Oil (palm),2017-11-01,596.952,-12.221546907165969,-86.13002347862353,641.5546093189964,Low
Oil (palm),2017-12-01,603.943,1.1711159356196044,-86.06246442518469,626.9872222222223,Low
Oil (palm),2018-01-01,595.8416129032258,-1.3414158450009595,-63.37487868092451,598.9122043010752,Low
Oil (palm),2018-02-01,564.2703225806451,-5.29860446784679,-77.01277348851872,588.018311827957,Low
Oil (palm),2018-03-01,561.4996774193548,-0.4910138014381116,-68.08149630965296,573.8705376344086,Low
Oil (palm),2018-04-01,556.8412903225807,-0.8296330851308875,-11.794504938605943,560.8704301075269,Low
Oil (palm),2018-05-01,547.541875,-1.6700297704564049,-9.888191730096684,555.2942809139785,Low
Oil (palm),2018-06-01,660.7894736842105,20.682910998215533,14.583630421018402,588.3908796689304,Moderate
Oil (palm),2018-07-01,570.3178787878788,-13.691440087855856,-1.996712913692822,592.8830758240298,Low
Oil (palm),2018-08-01,497.1666666666667,-12.82639293663449,-25.231068082839858,576.0913397129187,Low
Oil (palm),2018-09-01,491.80727272727273,-1.0779873830494058,-24.06223312972329,519.7639393939394,Low
Oil (palm),2018-10-01,481.49545454545455,-2.0967193357338765,-29.19878621525519,490.15646464646466,Low
Oil (palm),2018-11-01,480.4563636363636,-0.21580492594096556,-19.515075979917373,484.5863636363636,Low
Oil (palm),2018-12-01,496.429696969697,3.3246168730991954,-17.80189571371852,486.1271717171717,Low
Oil (palm),2019-01-01,488.24518518518516,-1.6486748948484897,-18.057890786408713,488.3770819304153,Low
Oil (palm),2019-02-01,477.6333333333333,-2.1734677932004343,-15.353809296771892,487.43607182940514,Low
Oil (palm),2019-03-01,479.73848484848486,0.44074635672095575,-14.561218084156934,481.8723344556677,Low
Oil (palm),2019-04-01,475.8475757575757,-0.8110479383654168,-14.545206322269122,477.73979797979797,Low
Oil (palm),2019-05-01,457.83518518518514,-3.785327800338978,-16.383530449577922,471.1404152637486,Low
Oil (palm),2019-06-01,441.4085185185185,-3.5878995757004484,-33.19982595100078,458.3637598204264,Low
Oil (palm),2019-07-01,451.07481481481483,2.189875340135905,-20.90817566976796,450.10617283950614,Low
Oil (palm),2019-08-01,441.96727272727276,-2.019075725006081,-11.102794624081913,444.8168686868687,Low
Oil (palm),2019-09-01,448.8784375,1.5637277235665215,-8.72879227450516,447.30684168069587,Low
Oil (palm),2019-10-01,463.12545454545455,3.173914328521188,-3.8151969715564227,451.3237215909091,Low
Oil (palm),2019-11-01,475.52818181818185,2.6780491443512355,-1.0257293255276134,462.51069128787884,Low
Oil (palm),2019-12-01,477.7836363636364,0.47430512673944936,-3.7560324694271396,472.1457575757576,Low
Oil (palm),2020-01-01,476.9503030303031,-0.17441646592916138,-2.313362732004842,476.7540404040404,Low
Oil (palm),2020-02-01,497.98333333333335,4.409899767207803,4.26059041105451,484.2390909090909,Low
Oil (palm),2020-03-01,517.1030434782609,3.8394277207927097,7.788526418008113,497.3455599472991,Moderate
Oil (palm),2020-04-01,525.7286956521739,1.668072211660765,10.482583591013285,513.6050241545894,Moderate
Oil (palm),2020-05-01,521.865625,-0.7348030807756589,13.985478156056509,521.5657880434783,Moderate
Oil (palm),2020-06-01,529.240303030303,1.4131373436031547,19.898071928147367,525.6115412274922,High
Oil (palm),2020-07-01,553.4151724137931,4.567843613774425,22.688111647508702,534.8403668146988,High
Oil (palm),2020-08-01,562.5360606060606,1.6481095291416503,27.280026218861654,548.3971786833855,High
Oil (palm),2020-09-01,560.4906060606061,-0.363613053223788,24.864675875772278,558.8139463601533,High
Oil (palm),2020-10-01,499.4133333333333,-10.897109080302492,7.835431724109054,540.8133333333333,Moderate
Oil (palm),2020-11-01,611.3027272727273,22.404166343054666,28.552365694796798,557.0688888888889,High
Oil (palm),2020-12-01,663.7368421052631,8.577438393979687,38.91996116838534,591.4843009037746,Critical
Oil (palm),2021-01-01,716.689090909091,7.977898083202994,50.264940887050045,663.9095534290271,Critical
Oil (palm),2021-02-01,733.63,2.3637738184936197,47.32019143880317,704.6853110047847,Critical
Oil (palm),2021-03-01,722.765294117647,-1.480951689864507,39.77200545098556,724.3614616755793,Critical
Oil (palm),2021-04-01,710.7312499999999,-1.665000272645667,35.1897387146288,722.3755147058823,Critical
Oil (palm),2021-05-01,725.0038235294118,2.008153367311749,38.92538400654608,719.5001225490196,Critical
Oil (palm),2021-06-01,748.1828125,3.1970850660828054,41.369205673884736,727.9726286764704,Critical
Oil (palm),2021-07-01,803.218125,7.355864312908156,45.13843585036861,758.8015870098039,Critical
Oil (palm),2021-08-01,831.095625,3.4707259625148534,47.74086199995799,794.1655208333333,Critical
Oil (palm),2021-09-01,845.529375,1.736713509952592,50.85522680616925,826.614375,Critical
Oil (palm),2021-10-01,867.980625,2.6552891790424304,73.80005039246052,848.2018750000001,Critical
Oil (palm),2021-11-01,888.4015625,2.352695084639689,45.32923261499657,867.3038541666666,Critical
Oil (palm),2021-12-01,916.0671875,3.1140900880619604,38.01662487114426,890.8164583333333,Critical
Oil (palm),2022-01-01,917.1465625,0.11782705621687928,27.969934820221255,907.2051041666667,High
Oil (palm),2022-02-01,917.7871875,0.06984979568083194,25.102188773632484,917.0003125,High
Oil (palm),2022-03-01,932.7546875,1.630824683963028,29.053607732882124,922.5628125,High
Oil (palm),2022-04-01,1008.9975,8.17394042846875,41.966108849160634,953.1797916666666,Critical
Oil (palm),2022-05-01,1201.3825,19.06694516091467,65.70705712302531,1047.7115625,Critical
Oil (palm),2022-06-01,963.52625,-19.798544593416334,28.782195193771585,1057.96875,High
Oil (palm),2022-07-01,1024.136875,6.290500648010355,27.50420379271197,1063.0152083333332,High
Oil (palm),2022-08-01,1049.674375,2.493563177285285,26.300072269060504,1012.4458333333333,High
Oil (palm),2022-09-01,1068.164375,1.7614986552377365,26.330841551187987,1047.3252083333334,High
Oil (palm),2022-10-01,1117.108125,4.58204290889217,28.701965553666575,1078.315625,High
Oil (palm),2022-11-01,1156.523125,3.5283066265407337,30.180221852097432,1113.931875,Critical
Oil (palm),2022-12-01,1162.54375,0.5205797333278639,26.905948151319414,1145.3916666666667,High
Oil (palm),2023-01-01,1180.80125,1.5704785303778834,28.747279691188954,1166.6227083333333,High
Oil (palm),2023-02-01,1226.6875,3.8860265434170316,33.657073960841274,1190.0108333333335,Critical
Oil (palm),2023-03-01,1217.4375,-0.7540632801752656,30.520652033710615,1208.30875,Critical
Oil (palm),2023-04-01,1216.3125,-0.09240720776220179,20.546631681446193,1220.1458333333333,High
Oil (palm),2023-05-01,1275.8125,4.8918349519551985,6.19536242620482,1236.5208333333333,Moderate
Oil (palm),2023-06-01,1272.7,-0.24396218096310873,32.087735025382024,1254.9416666666666,Critical
Oil (palm),2023-07-01,1330.9273076923077,4.575100785126707,29.955999064315296,1293.1466025641027,High
Oil (palm),2023-08-01,1381.2151999999999,3.7784101368305567,31.585111811460553,1328.280835897436,Critical
Oil (palm),2023-09-01,1345.597142857143,-2.578747840514428,25.972853462477886,1352.5798835164835,High
Oil (palm),2023-10-01,1364.0635483870967,1.3723576649950164,22.106671490469807,1363.625297081413,High
Oil (palm),2023-11-01,1419.2466666666667,4.045494679835104,22.71666999020592,1376.3024526369688,High
Oil (palm),2023-12-01,1392.17625,-1.9073792669350387,19.752589956291967,1391.8288216845879,High
Oil (palm),2024-01-01,1687.0556,21.181179466321165,42.87379861767591,1499.492838888889,Critical
Oil (palm),2024-02-01,1514.016,-10.256899654048146,23.42312121057728,1531.0826166666666,High
Oil (palm),2024-03-01,1638.1894736842105,8.20159586716458,34.56045782097319,1613.0870245614035,Critical
Oil (palm),2024-04-01,1562.0845454545454,-4.645673131967376,28.427895417875384,1571.4300063795854,High
Oil (palm),2024-05-01,1580.8957894736843,1.2042398136437038,23.912862546313374,1593.7232695374798,High
Oil (palm),2024-06-01,1611.7505,1.9517232401882634,26.640253005421542,1584.9102783094097,High
Oil (palm),2024-07-01,1465.942,-9.046592509200401,10.144407701859691,1552.8627631578947,Moderate
Oil (palm),2024-08-01,1628.03,11.056917667956846,17.869395008105915,1568.5741666666665,High
Oil (palm),2024-09-01,1876.195,15.24326947292125,39.43214802137764,1656.7223333333334,Critical
Oil (palm),2024-10-01,1803.3063636363636,-3.884917951686062,32.20105219941098,1769.1771212121212,Critical
Oil (palm),2024-11-01,2058.1936,14.134438911958203,45.0201468384636,1912.564987878788,Critical
Oil (palm),2024-12-01,2400.5067741935486,16.63172862813045,72.42836703998856,2087.3355792766374,Critical
Oil (palm),2025-01-01,2478.7854545454543,3.2609231181279785,46.92968355906317,2312.4952762463345,Critical
Oil (palm),2025-02-01,2622.3196000000003,5.790502973597067,73.20289878046205,2500.5372762463344,Critical
Oil (palm),2025-03-01,2451.2770588235294,-6.522566554300657,49.63330543876121,2517.4607044563277,Critical
Oil (palm),2025-04-01,2252.444285714286,-8.111395339565242,44.19477436535646,2442.013648179272,Critical
Oil (palm),2025-05-01,2443.7522580645164,8.493349805079141,54.580224347241526,2382.4912008674437,Critical
Oil (palm),2025-06-01,2443.571111111111,-0.007412656205540991,51.60976287031465,2379.922551629971,Critical
Oil (palm),2025-07-01,2480.742105263158,1.5211750533073332,69.22511977030183,2456.0218248129286,Critical
Oil (palm),2025-08-01,2544.1216666666664,2.5548629689898794,56.2699499804467,2489.4782943469786,Critical
Oil (palm),2025-09-01,2439.7524242424242,-4.102368365149289,30.03725221751601,2488.2053987240834,Critical
Oil (palm),2025-10-01,2454.252972972973,0.5943450895453672,36.09739434535,2479.375687960688,Critical
Oil (palm),2025-11-01,2478.525263157895,0.9889889286970988,20.422357894704124,2457.5102201244313,High
Oil (palm),2025-12-01,2992.9276470588234,20.754373237476177,24.67899192095797,2641.901961063231,High
Oil (palm),2026-01-01,2497.081212121212,-16.56727102724598,0.7380936313874153,2656.1780407793103,Low
Oil (palm),2026-02-01,2481.14,-0.6383938193051608,-5.383767867196676,2657.0496197266784,Low
Oil (palm),2026-03-01,2400.355185185185,-3.255955521043352,-2.0773610006689314,2459.525465768799,Low
Oil (palm),2026-04-01,2000.0,-16.678997660685702,-11.207570696215097,2293.831728395062,Low
Oil (vegetable),2016-01-01,3125.0,,,,
Oil (vegetable),2016-06-01,411.625,-86.82799999999999,,1768.3125,
Oil (vegetable),2016-07-01,393.125,-4.49438202247191,,1309.9166666666667,
Oil (vegetable),2016-08-01,413.25,5.119236883942757,,406.0,
Oil (vegetable),2016-09-01,513.375,24.228675136116152,,439.9166666666667,
Oil (vegetable),2016-10-01,520.625,1.4122230338446506,,482.4166666666667,
Oil (vegetable),2016-11-01,566.5555555555555,8.822195544884615,,533.5185185185186,
Oil (vegetable),2016-12-01,628.7777777777778,10.98254559717593,,571.9861111111112,
Oil (vegetable),2017-01-01,610.2222222222222,-2.9510514225128293,,601.8518518518518,
Oil (vegetable),2017-02-01,697.875,14.364075018208311,,645.625,
Oil (vegetable),2017-03-01,792.2777777777778,13.527175751786192,,700.125,
Oil (vegetable),2017-04-01,806.6666666666666,1.8161419255311673,,765.6064814814814,
Oil (vegetable),2017-05-01,777.2777777777778,-3.643250688705224,-75.1271111111111,792.074074074074,Low
Oil (vegetable),2017-06-01,508.8888888888889,-34.52934029018655,23.62924722475286,697.611111111111,High
Oil (vegetable),2017-07-01,710.9333333333333,39.703056768558945,80.84154742978271,665.6999999999999,Critical
Oil (vegetable),2017-08-01,790.2222222222222,11.152788197049258,91.2213483901324,670.0148148148147,Critical
Oil (vegetable),2017-09-01,669.4736842105264,-15.280326801255095,30.406366537234252,723.5430799220272,Critical
Oil (vegetable),2017-10-01,801.0526315789474,19.654088050314456,53.86365072344728,753.5828460038987,Critical
Oil (vegetable),2017-11-01,661.4736842105264,-17.42444152431012,16.753543006368645,710.6666666666666,High
Oil (vegetable),2017-12-01,663.3157894736842,0.2784850413749096,5.492880460561178,708.6140350877193,Moderate
Oil (vegetable),2018-01-01,631.4736842105264,-4.800444338649513,3.482577529037467,652.0877192982456,Low
Oil (vegetable),2018-02-01,637.1578947368421,0.900150025004165,-8.700283756139415,643.9824561403508,Low
Oil (vegetable),2018-03-01,658.6111111111111,3.367017273344719,-16.871187153776045,642.4142300194932,Low
Oil (vegetable),2018-04-01,634.0526315789474,-3.7288286088481337,-21.39843410178338,643.2738791423002,Low
Oil (vegetable),2018-05-01,706.3684210526316,11.40532912758363,-9.122781938765156,666.3440545808967,Low
Oil (vegetable),2018-06-01,611.7368421052631,-13.396915282020716,20.21029648356698,650.719298245614,High
Oil (vegetable),2018-07-01,634.578947368421,3.7339757377613303,-10.740020531448646,650.8947368421053,Low
Oil (vegetable),2018-08-01,504.7368421052632,-20.46114290453678,-36.12722751761292,583.6842105263157,Low
Oil (vegetable),2018-09-01,486.2631578947368,-3.660062565172062,-27.36635220125787,541.8596491228069,Low
Oil (vegetable),2018-10-01,487.94736842105266,0.34635783093408534,-39.086727989487514,492.9824561403509,Low
Oil (vegetable),2018-11-01,477.7894736842105,-2.081760327904225,-27.768936982813496,484.0,Low
Oil (vegetable),2018-12-01,479.2105263157895,0.2974223397224085,-27.755296358009996,481.6491228070176,Low
Oil (vegetable),2019-01-01,470.7894736842105,-1.75727622185613,-25.445907651275224,475.92982456140345,Low
Oil (vegetable),2019-02-01,486.7368421052632,3.387367244270556,-23.60812820089211,478.91228070175447,Low
Oil (vegetable),2019-03-01,492.89473684210526,1.2651384083044892,-25.161490821105904,483.4736842105263,Low
Oil (vegetable),2019-04-01,490.27777777777777,-0.5309367028534129,-22.675539322837412,489.9697855750487,Low
Oil (vegetable),2019-05-01,447.2631578947368,-8.773520202773222,-36.68132031890321,476.81189083820664,Low
Oil (vegetable),2019-06-01,446.4736842105263,-0.1765121204989395,-27.01540049901058,461.33820662768034,Low
Oil (vegetable),2019-07-01,442.0,-1.002004008016033,-30.347515965828975,445.2456140350877,Low
Oil (vegetable),2019-08-01,447.10526315789474,1.1550369135508554,-11.418143899895728,445.1929824561403,Low
Oil (vegetable),2019-09-01,462.05555555555554,3.3437970047740517,-4.978292503998749,450.3869395711501,Low
Oil (vegetable),2019-10-01,467.5263157894737,1.1840048600520348,-4.185093301693454,458.89571150097464,Low
Oil (vegetable),2019-11-01,487.36842105263156,4.244061690870193,2.0048468825732524,472.31676413255354,Low
Oil (vegetable),2019-12-01,498.2631578947368,2.235421166306706,3.975837451949471,484.3859649122807,Low
Oil (vegetable),2020-01-01,495.3157894736842,-0.5915284673074783,5.2096143096702185,493.6491228070175,Moderate
Oil (vegetable),2020-02-01,552.5263157894736,11.550313462968864,13.516435986159149,515.3684210526316,Moderate
Oil (vegetable),2020-03-01,662.5,19.903791198323507,34.41003737319808,570.1140350877193,Critical
Oil (vegetable),2020-04-01,648.375,-2.132075471698114,32.24645892351275,621.1337719298245,Critical
Oil (vegetable),2020-05-01,583.3157894736842,-10.034194798737738,30.41892209931749,631.3969298245614,Critical
Oil (vegetable),2020-06-01,594.1578947368421,1.8587025173689486,33.077920546976316,608.6162280701755,Critical
Oil (vegetable),2020-07-01,615.6,3.608822747807605,39.27601809954753,597.6912280701754,Critical
Oil (vegetable),2020-08-01,609.0526315789474,-1.0635751171300556,36.221306650971165,606.2701754385965,Critical
Oil (vegetable),2020-09-01,606.0,-0.5012098167991752,31.1530599975953,610.2175438596491,Critical
Oil (vegetable),2020-10-01,467.5263157894737,-22.850442939030746,0.0,560.859649122807,Low
Oil (vegetable),2020-11-01,645.3684210526316,38.03895080490825,32.41900647948164,572.9649122807018,Critical
Oil (vegetable),2020-12-01,667.6315789473684,3.4496819442179083,33.991760853491094,593.5087719298245,Critical
Oil (vegetable),2021-01-01,686.9473684210526,2.8931809223492255,38.688768462437565,666.6491228070175,Critical
Oil (vegetable),2021-02-01,705.2105263157895,2.658596383695988,27.633835016193565,686.5964912280701,High
Oil (vegetable),2021-03-01,761.6842105263158,8.008060303007692,14.971201588877857,717.9473684210526,Moderate
Oil (vegetable),2021-04-01,853.0,11.988667772249851,31.559668401773667,773.2982456140352,Critical
Oil (vegetable),2021-05-01,785.2105263157895,-7.94718331585117,34.61156726518091,799.9649122807017,Critical
Oil (vegetable),2021-06-01,816.7647058823529,4.01856298521821,37.4659350851688,818.3250773993808,Critical
Oil (vegetable),2021-07-01,863.0588235294117,5.66798703637017,40.19798952719489,821.6780185758513,Critical
Oil (vegetable),2021-08-01,946.0,9.610141766630331,55.32319391634981,875.2745098039217,Critical
Oil (vegetable),2021-09-01,980.6470588235294,3.6624797910707496,61.82294700058242,929.9019607843137,Critical
Oil (vegetable),2021-10-01,972.7647058823529,-0.8037910143362748,108.0662998059744,966.4705882352941,Critical
Oil (vegetable),2021-11-01,962.2352941176471,-1.082421237225617,49.098602089669676,971.8823529411765,Critical
Oil (vegetable),2021-12-01,987.0,2.573664262134745,47.836026803310986,974.0,Critical
Oil (vegetable),2022-01-01,1003.1176470588235,1.6329936229811048,46.02540065980423,984.1176470588234,Critical
Oil (vegetable),2022-02-01,1029.0588235294117,2.5860552395472913,45.92221544188986,1006.3921568627451,Critical
Oil (vegetable),2022-03-01,1056.8235294117646,2.698067908997359,38.74825220303708,1029.6666666666667,Critical
Oil (vegetable),2022-04-01,1194.1764705882354,12.996771679839703,39.99724156954694,1093.3529411764705,Critical
Oil (vegetable),2022-05-01,1514.8823529411766,26.855819910349243,92.92690331712818,1255.2941176470588,Critical
Oil (vegetable),2023-02-01,1320.5,-12.83151477497768,61.67446885127836,1343.186274509804,Critical
Oil (vegetable),2023-03-01,1288.625,-2.413858386974632,49.30905806979282,1374.6691176470588,Critical
Oil (vegetable),2023-04-01,1306.5,1.387137452711218,38.10782241014798,1305.2083333333333,Critical
Oil (vegetable),2023-05-01,1345.6875,2.99942594718714,37.22444664387259,1313.6041666666667,Critical
Oil (vegetable),2023-06-01,1382.1093103448275,2.7065578260054846,42.08053622701862,1344.765603448276,Critical
Oil (vegetable),2023-07-01,1477.4360000000001,6.897188879466354,53.54207115784326,1401.7442701149428,Critical
Oil (vegetable),2023-08-01,1518.8772,2.8049404508892373,53.888267477203634,1459.4741701149426,Critical
Oil (vegetable),2023-09-01,1485.3771428571429,-2.205580355202974,48.076065376012586,1493.896780952381,Critical
Oil (vegetable),2023-10-01,1524.9325806451614,2.6629895295098738,48.187114844905366,1509.7289745007681,Critical
Oil (vegetable),2023-11-01,1582.817142857143,3.795876810992649,49.77118684499293,1531.0422887864825,Critical
Oil (vegetable),2023-12-01,1548.02125,-2.1983520341669283,29.630861780207862,1551.9236578341015,High
Oil (vegetable),2024-01-01,2039.1376,31.725426895787123,34.60699413660544,1723.325330952381,Critical
Oil (vegetable),2024-02-01,1790.6825000000001,-12.184322431208173,35.606399091253316,1792.6137833333335,Critical
Oil (vegetable),2024-03-01,1967.6373684210528,9.88197898963399,52.692782494601055,1932.4858228070177,Critical
Oil (vegetable),2024-04-01,1841.0345454545457,-6.434255874500927,40.91347458511638,1866.4514712918663,Critical
Oil (vegetable),2024-05-01,1959.0794736842106,6.411880131261749,45.58205182735298,1922.5837958532695,Critical
Oil (vegetable),2024-06-01,2054.453,4.8682826601430085,48.64620219419744,1951.5223397129187,Critical
Oil (vegetable),2024-07-01,2024.208,-1.4721680174722862,37.00816820491717,2012.5801578947369,Critical
Oil (vegetable),2024-08-01,2217.094,9.528961450601914,45.96927256528704,2098.585,Critical
Oil (vegetable),2024-09-01,2330.63125,5.12099396777943,56.90501642680454,2190.6444166666665,Critical
Oil (vegetable),2024-10-01,2547.3454545454542,9.298519641211133,67.04643122437159,2365.023568181818,Critical
Oil (vegetable),2024-11-01,2952.275769230769,15.896168066359495,86.5203306998316,2610.084157925408,Critical
Oil (vegetable),2024-12-01,3108.170967741936,5.280509366229902,100.78348199302405,2869.2640638393864,Critical
Oil (vegetable),2025-01-01,3209.582424242424,3.2627373961401807,57.39901143711068,3090.0097204050435,Critical
Oil (vegetable),2025-02-01,3247.0129166666666,1.1662106615965007,81.3282319264675,3188.2554362170085,Critical
Oil (vegetable),2025-03-01,2999.4088235294116,-7.625596186153816,52.43707360245513,3152.0013881461678,Critical
Oil (vegetable),2025-04-01,2802.6271428571426,-6.56068219605741,52.23110015924133,3016.349627684407,Critical
Oil (vegetable),2025-05-01,2846.70064516129,1.5725781581925613,45.308073684618556,2882.912203849282,Critical
Oil (vegetable),2025-06-01,2706.671851851852,-4.91898554726693,31.746593952348977,2785.3332132900955,Critical
Oil (vegetable),2025-07-01,2750.6163157894734,1.6235608283122982,35.88605102783278,2767.9962709342053,Critical
Oil (vegetable),2025-08-01,2801.429583333333,1.8473411668568307,26.35592281307573,2752.9059169915527,High
Oil (vegetable),2025-09-01,2789.4481818181816,-0.4276888338165974,19.686380323707663,2780.4980269803295,High
Oil (vegetable),2025-10-01,2807.858918918919,0.6600135905280302,10.226860432636142,2799.578894690145,Moderate
Oil (vegetable),2025-11-01,2775.6636842105263,-1.1466115512950403,-5.9822353609690015,2790.990261649209,Low
Oil (vegetable),2025-12-01,3092.923823529412,11.430064136503004,-0.4905503709662695,2892.148808886286,Low
Oil (vegetable),2026-01-01,2654.7909090909093,-14.165654876638323,-17.285473367535197,2841.1261389436163,Low
Oil (vegetable),2026-02-01,2715.413214285714,2.2835058304295552,-16.371961431144687,2821.0426489686783,Low
Oil (vegetable),2026-03-01,2749.8718518518517,1.2690016158444006,-8.31953849438668,2706.6919917428254,Low
Oil (vegetable),2026-04-01,2250.0,-18.17800533196563,-19.718182786660876,2571.7616887125223,Low
Onions,2016-01-01,300.0,,,,
Onions,2016-06-01,82.0875,-72.6375,,191.04375,
Onions,2016-07-01,55.0,-32.99832495812396,,145.69583333333333,
Onions,2016-08-01,55.625,1.1363636363636465,,64.2375,
Onions,2016-09-01,70.325,26.426966292134836,,60.31666666666666,
Onions,2016-10-01,69.1125,-1.7241379310344862,,65.02083333333333,
Onions,2016-11-01,61.875,-10.472056429734122,,67.10416666666667,
Onions,2016-12-01,70.88235294117646,14.557338086749837,,67.28995098039216,
Onions,2017-01-01,71.875,1.4004149377593533,,68.21078431372548,
Onions,2017-02-01,117.29375,63.19130434782609,,86.68370098039215,
Onions,2017-03-01,76.58823529411765,-34.70390767272966,,88.58566176470589,
Onions,2017-04-01,99.41176470588235,29.80030721966205,,97.76458333333333,
Onions,2017-05-01,86.42941176470588,-13.059171597633135,-71.19019607843138,87.4764705882353,Low
Onions,2017-06-01,77.3529411764706,-10.501599401075323,-5.7676976683775365,87.73137254901961,Low
Onions,2017-07-01,99.11764705882354,28.136882129277563,80.21390374331551,87.63333333333334,Critical
Onions,2017-08-01,97.89999999999999,-1.2284866468842859,75.99999999999997,91.45686274509804,Critical
Onions,2017-09-01,107.17368421052632,9.472608999516163,52.39770239676689,101.3971104231166,Critical
Onions,2017-10-01,154.31578947368422,43.986642439719105,123.28202492122875,119.79649122807018,Critical
Onions,2017-11-01,164.6315789473684,6.684856753069557,166.07123870281762,142.040350877193,Critical
Onions,2017-12-01,117.10526315789474,-28.86828644501278,65.21074470408388,145.35087719298244,Critical
Onions,2018-01-01,96.47368421052632,-17.617977528089888,34.224256292906176,126.07017543859648,Critical
Onions,2018-02-01,97.21052631578948,0.763775231860353,-17.122160118685372,103.59649122807018,Low
Onions,2018-03-01,90.57894736842105,-6.821873308067139,18.26744280054975,94.75438596491229,High
Onions,2018-04-01,98.21052631578948,8.42533410807671,-1.2083463095608704,95.33333333333333,Low
Onions,2018-05-01,103.47368421052632,5.359056806002127,19.720454065129477,97.42105263157896,High
Onions,2018-06-01,103.32105263157894,-0.14750762970499043,33.5709425655393,101.66842105263157,Critical
Onions,2018-07-01,104.6842105263158,1.3193418572665871,5.616117444947677,103.82631578947367,Moderate
Onions,2018-08-01,124.47368421052632,18.903971845148316,27.143701951507992,110.8263157894737,High
Onions,2018-09-01,124.0,-0.38054968287526414,15.70004419780975,117.71929824561404,High
Onions,2018-10-01,133.0,7.258064516129026,-13.813096862210106,127.15789473684212,Low
Onions,2018-11-01,115.84210526315789,-12.900672734467754,-29.63554987212276,124.28070175438597,Low
Onions,2018-12-01,134.68421052631578,16.265333939118577,15.01123595505618,127.8421052631579,High
Onions,2019-01-01,119.12105263157896,-11.555295037123859,23.475177304964557,123.21578947368421,High
Onions,2019-02-01,115.15789473684211,-3.32700039764946,18.462371413102318,122.98771929824562,High
Onions,2019-03-01,121.52631578947368,5.530164533820847,34.166182452062756,118.60175438596492,Critical
Onions,2019-04-01,116.72222222222223,-3.953130263221205,18.848993688221995,117.8021442495127,High
Onions,2019-05-01,93.63157894736842,-19.7825596833588,-9.511698880976594,110.62670565302146,Low
Onions,2019-06-01,89.55263157894737,-4.35637998875773,-13.325862156792823,99.96881091617935,Low
Onions,2019-07-01,94.2,5.1895386423743695,-10.015082956259425,92.46140350877194,Low
Onions,2019-08-01,84.30526315789473,-10.503966923678632,-32.27061310782242,89.35263157894737,Low
Onions,2019-09-01,84.61111111111111,0.362786309845875,-31.765232974910397,87.70545808966862,Low
Onions,2019-10-01,86.68947368421053,2.4563707364274157,-34.81994459833795,85.2019493177388,Low
Onions,2019-11-01,82.68947368421053,-4.614170360026715,-28.618809631985453,84.66335282651073,Low
Onions,2019-12-01,85.80526315789473,3.768060594487932,-36.29152012504885,85.06140350877193,Low
Onions,2020-01-01,108.11052631578947,25.995215604489985,-9.243140546988926,92.20175438596492,Low
Onions,2020-02-01,102.84210526315789,-4.873180468331628,-10.694698354661803,98.91929824561403,Low
Onions,2020-03-01,80.625,-21.603121801432955,-33.65634473798181,97.19254385964912,Low
Onions,2020-04-01,85.1,5.550387596899209,-27.091861018562604,89.52236842105265,Low
Onions,2020-05-01,97.83157894736841,14.960727317706723,4.485666104553099,87.85219298245613,Low
Onions,2020-06-01,90.21052631578948,-7.789972024962333,0.7346459006758899,91.04736842105262,Low
Onions,2020-07-01,113.06666666666666,25.336444963049388,20.028308563340413,100.36959064327486,High
Onions,2020-08-01,109.63157894736842,-3.038108242303861,30.041203645898374,104.3029239766082,Critical
Onions,2020-09-01,100.84210526315789,-8.01728276524245,19.18305283892594,107.846783625731,High
Onions,2020-10-01,86.6842105263158,-14.03966597077243,-0.006071276789498814,99.05263157894738,Low
Onions,2020-11-01,150.3684210526316,73.46690953248331,81.84711348736555,112.63157894736844,Critical
Onions,2020-12-01,121.47368421052632,-19.21596079803991,41.569036373673576,119.50877192982459,Critical
Onions,2021-01-01,107.6842105263158,-11.351819757365678,-0.3943332846502057,126.50877192982456,Low
Onions,2021-02-01,102.78947368421052,-4.545454545454552,-0.05117707267144889,110.64912280701755,Low
Onions,2021-03-01,112.89473684210526,9.83102918586789,40.02447980416157,107.78947368421053,Critical
Onions,2021-04-01,108.75,-3.6713286713286664,27.790834312573452,108.14473684210527,High
Onions,2021-05-01,110.21052631578948,1.343012704174229,12.653324725629457,110.6184210526316,Moderate
Onions,2021-06-01,114.94117647058823,4.29237597617842,27.41437298373257,111.30056759545926,High
Onions,2021-07-01,118.29411764705883,2.9170931422722646,4.623335183129851,114.48194014447886,Low
Onions,2021-08-01,114.58823529411765,-3.132769766285426,4.521193979271976,115.94117647058825,Low
Onions,2021-09-01,132.64705882352942,15.75975359342916,31.53935895861477,121.84313725490198,Critical
Onions,2021-10-01,115.05882352941177,-13.25942350332594,32.73331190399658,120.76470588235294,Critical
Onions,2021-11-01,119.41176470588235,3.7832310838445737,-20.587205830879785,122.37254901960785,Low
Onions,2021-12-01,120.11764705882354,0.5911330049261254,-1.116321745335913,118.19607843137256,Low
Onions,2022-01-01,128.88235294117646,7.2967678746326925,19.68546949571617,122.80392156862744,High
Onions,2022-02-01,140.2941176470588,8.854404381560933,36.48685280563837,129.76470588235293,Critical
Onions,2022-03-01,136.58823529411765,-2.6415094339622525,20.987248046071592,135.2549019607843,High
Onions,2022-04-01,102.76470588235294,-24.76313522825151,-5.5037187288708544,126.54901960784314,Low
Onions,2022-05-01,125.29411764705883,21.92329708070979,13.686162143940672,121.54901960784314,Moderate
Onions,2023-02-01,129.0625,3.0076291079812245,12.28569600818834,119.0404411764706,Moderate
Onions,2023-03-01,118.1875,-8.42615012106538,-0.09012928891098948,124.18137254901961,Low
Onions,2023-04-01,112.75,-4.600740349021681,-1.6042094455852252,120.0,Low
Onions,2023-05-01,115.375,2.328159645232808,-13.02106430155211,115.4375,Low
Onions,2023-06-01,135.60833333333332,17.537016973636675,17.86000340831628,121.24444444444445,High
Onions,2023-07-01,170.6846153846154,25.865875045497756,42.93785524820009,140.55598290598292,Critical
Onions,2023-08-01,177.1784,3.804551804948386,47.50405484818805,161.15711623931625,Critical
Onions,2023-09-01,185.7825,4.856178857016413,44.148904609767236,177.88183846153848,Critical
Onions,2023-10-01,200.26645161290324,7.796187268931809,42.7475755731386,187.74245053763443,Critical
Onions,2023-11-01,230.4038095238095,15.04863029638086,68.68495959968828,205.48425371223757,Critical
Onions,2023-12-01,225.95375,-1.9314175112845278,119.87485689753865,218.87467037890426,Critical
Onions,2024-01-01,314.8012,39.32107787545016,151.24978403755867,257.05291984126984,Critical
Onions,2024-02-01,209.92249999999999,-33.315851400820584,62.65181598062952,250.22581666666667,Critical
Onions,2024-03-01,217.9621052631579,3.829796836050403,84.42060730885915,247.56193508771926,Critical
Onions,2024-04-01,255.7290909090909,17.32731733359558,126.81072364442652,227.87123205741625,Critical
Onions,2024-05-01,241.81526315789472,-5.44084667948177,109.59069396133887,238.50215311004783,Critical
Onions,2024-06-01,286.9995,18.685436250813492,111.63854237079826,261.51461802232853,Critical
Onions,2024-07-01,343.87,19.815539748327083,101.46514038487537,290.89492105263156,Critical
Onions,2024-08-01,243.916,-29.06738011457819,37.66689393289475,291.59516666666667,Critical
Onions,2024-09-01,373.255625,53.026297987831875,100.9100022876213,320.3472083333333,Critical
Onions,2024-10-01,590.8812121212122,58.304703946849344,195.04752661385925,402.6842790404041,Critical
Onions,2024-11-01,562.2024,-4.853566424672362,144.00742381905062,508.77974570707073,Critical
Onions,2024-12-01,518.113870967742,-7.842109715692791,129.30085071291887,557.065827696318,Critical
Onions,2025-01-01,533.839393939394,3.035148034597035,69.57984719861105,538.0518883023786,Critical
Onions,2025-02-01,422.28479999999996,-20.896658284468728,101.16223844514045,491.4126883023786,Critical
Onions,2025-03-01,308.1841176470588,-27.019841195548867,41.39343959582828,421.43610386215096,Critical
Onions,2025-04-01,275.36095238095237,-10.65050513203165,7.676819794757095,335.27662334267035,Moderate
Onions,2025-05-01,357.64838709677423,29.88347984865336,47.901494068736916,313.7311523749285,Critical
Onions,2025-06-01,406.27555555555557,13.59636173771519,41.55967364248214,346.42829834442745,Critical
Onions,2025-07-01,484.45,19.241729751017367,40.881728560211705,416.1246475507766,Critical
Onions,2025-08-01,448.28208333333333,-7.465768741184153,83.78543569644195,446.3358796296296,Critical
Onions,2025-09-01,365.7578787878788,-18.40899014562919,-2.008742992720136,432.82998737373737,Low
Onions,2025-10-01,349.71675675675675,-4.385721528209396,-40.81437189358179,387.91890629265623,Low
Onions,2025-11-01,340.1684210526316,-2.730305459960114,-39.49360211684767,351.8810188657557,Low
Onions,2025-12-01,350.9973529411765,3.1834030492999377,-32.254785557935826,346.96084358352164,Low
Onions,2026-01-01,282.169696969697,-19.60916667739494,-47.143335584984705,324.445156987835,Low
Onions,2026-02-01,276.12607142857144,-2.1418407454910304,-34.61141120197282,303.0977071131483,Low
Onions,2026-03-01,304.70037037037036,10.348279970075392,-1.1304110358724362,287.66537958954626,Low
Onions,2026-04-01,100.0,-67.18087349928467,-63.684030311729366,226.9421472663139,Low
Oranges,2016-01-01,300.0,,,,
Oranges,2016-08-01,96.66666666666667,-67.77777777777779,,198.33333333333334,
Oranges,2016-09-01,65.425,-32.31896551724138,,154.03055555555557,
Oranges,2016-10-01,63.5375,-2.8849828047382453,,75.20972222222223,
Oranges,2016-11-01,45.0,-29.175683651386976,,57.98749999999999,
Oranges,2016-12-01,61.21764705882353,36.0392156862745,,56.585049019607844,
Oranges,2017-01-01,61.25,0.05284904391273937,,55.82254901960784,
Oranges,2017-02-01,69.5,13.469387755102048,,63.98921568627451,
Oranges,2017-03-01,84.70588235294117,21.87896741430384,,71.81862745098039,
Oranges,2017-04-01,89.16666666666667,5.26620370370372,,81.12418300653594,
Oranges,2017-05-01,87.3529411764706,-2.034084661902147,,87.07516339869282,
Oranges,2017-06-01,67.29411764705883,-22.962962962962962,,81.27124183006536,
Oranges,2017-07-01,97.68823529411765,45.1660839160839,-67.43725490196078,84.11176470588235,Low
Oranges,2017-08-01,74.44444444444444,-23.793848644815107,-22.988505747126442,79.80893246187365,Low
Oranges,2017-09-01,110.0,47.76119402985075,68.13144822315628,94.0442265795207,Critical
Oranges,2017-10-01,113.98333333333332,3.621212121212114,79.39537018820903,99.47592592592592,Critical
Oranges,2017-11-01,96.22631578947369,-15.57860875320336,113.83625730994153,106.73654970760232,Critical
Oranges,2017-12-01,94.47368421052632,-1.8213641087348909,54.32426555000936,101.56111111111109,Critical
Oranges,2018-01-01,88.15789473684211,-6.685236768802227,43.93125671321161,92.95263157894738,Critical
Oranges,2018-02-01,75.52631578947368,-14.328358208955228,8.670957970465732,86.05263157894738,Moderate
Oranges,2018-03-01,71.3157894736842,-5.574912891986072,-15.807748538011701,78.33333333333333,Low
Oranges,2018-04-01,77.36842105263158,8.487084870848705,-13.231677324151514,74.73684210526316,Low
Oranges,2018-05-01,86.84210526315789,12.244897959183664,-0.5847953216374435,78.50877192982455,Low
Oranges,2018-06-01,77.36842105263158,-10.909090909090914,14.970555760029436,80.52631578947368,Moderate
Oranges,2018-07-01,102.63157894736842,32.65306122448981,5.060326495168499,88.94736842105264,Moderate
Oranges,2018-08-01,95.12105263157895,-7.317948717948719,27.774548311076195,91.70701754385965,High
Oranges,2018-09-01,105.27894736842104,10.67891329607702,-4.291866028708147,101.01052631578948,Low
Oranges,2018-10-01,99.03684210526316,-5.929110633404977,-13.112874304492028,99.81228070175439,Low
Oranges,2018-11-01,96.3157894736842,-2.747515544454493,0.09298255209757578,100.21052631578947,Low
Oranges,2018-12-01,99.73684210526316,3.551912568306026,5.571030640668528,98.36315789473684,Moderate
Oranges,2019-01-01,97.63157894736842,-2.110817941952514,10.746268656716417,97.89473684210526,Moderate
Oranges,2019-02-01,93.47368421052632,-4.258760107816717,23.763066202090588,96.94736842105264,High
Oranges,2019-03-01,93.82105263157894,0.3716216216216095,31.55719557195571,94.97543859649123,Critical
Oranges,2019-04-01,70.46111111111111,-24.898400588403945,-8.927815570672715,85.91861598440545,Low
Oranges,2019-05-01,70.26315789473684,-0.28093967474074333,-19.090909090909093,78.18177387914228,Low
Oranges,2019-06-01,62.89473684210526,-10.486891385767782,-18.707482993197278,67.87300194931773,Low
Oranges,2019-07-01,85.65789473684211,36.192468619246874,-16.538461538461537,72.93859649122807,Low
Oranges,2019-08-01,84.55333333333333,-1.2895033282130153,-11.109758571718409,77.70198830409358,Low
Oranges,2019-09-01,66.11111111111111,-21.811348524271324,-37.20386386486471,78.77411306042885,Low
Oranges,2019-10-01,94.13157894736842,42.38390092879256,-4.952968060796092,81.59867446393763,Low
Oranges,2019-11-01,65.0,-30.947721554375175,-32.51366120218579,75.08089668615985,Low
Oranges,2019-12-01,88.74736842105263,36.53441295546558,-11.018469656992092,82.62631578947368,Low
Oranges,2020-01-01,89.73684210526316,1.114932985410988,-8.086253369272233,81.16140350877193,Low
Oranges,2020-02-01,79.47368421052632,-11.436950146627577,-14.977477477477475,85.98596491228069,Low
Oranges,2020-03-01,87.5,10.099337748344372,-6.73734993829237,85.5701754385965,Low
Oranges,2020-04-01,115.625,32.14285714285714,64.09761097532129,94.19956140350877,Critical
Oranges,2020-05-01,93.84210526315789,-18.83926031294453,33.55805243445693,98.9890350877193,Critical
Oranges,2020-06-01,89.21052631578948,-4.935501962983723,41.84100418410044,99.5592105263158,Critical
Oranges,2020-07-01,99.4,11.421828908554566,16.04301075268817,94.15087719298246,High
Oranges,2020-08-01,94.3157894736842,-5.114899925871031,11.545915170327458,94.30877192982456,Moderate
Oranges,2020-09-01,95.25421052631579,0.9949776785714404,44.08199911543564,96.32333333333334,Critical
Oranges,2020-10-01,94.10526315789474,-1.2061906366896302,-0.027956388034666713,94.55842105263157,Low
Oranges,2020-11-01,92.89473684210526,-1.2863534675615296,42.91497975708503,94.08473684210526,Critical
Oranges,2020-12-01,95.15789473684211,2.4362606232294803,7.2233424267583946,94.05263157894736,Moderate
Oranges,2021-01-01,93.89473684210526,-1.3274336283185972,4.633431085043971,93.98245614035086,Low
Oranges,2021-02-01,97.3157894736842,3.643497757847536,22.450331125827816,95.45614035087719,High
Oranges,2021-03-01,108.10526315789474,11.08707409410492,23.54887218045114,99.77192982456141,High
Oranges,2021-04-01,99.5,-7.960077896786755,-13.945945945945947,101.64035087719299,Low
Oranges,2021-05-01,858.3157894736842,762.6289341444062,814.6382501402131,355.3070175438597,Critical
Oranges,2021-06-01,126.0,-85.32008830022076,41.23893805309733,361.27192982456137,Critical
Oranges,2021-07-01,104.15705882352941,-17.335667600373483,4.785773464315302,362.8242827657379,Low
Oranges,2021-08-01,104.82352941176471,0.6398707833757955,11.141018907563026,111.66019607843141,Moderate
Oranges,2021-09-01,105.5,0.6453423120089674,10.756258875142976,104.82686274509808,Moderate
Oranges,2021-10-01,98.94117647058823,-6.216894340674662,5.138834057112773,103.08823529411768,Moderate
Oranges,2021-11-01,102.76470588235294,3.864447086801426,10.624895850691551,102.40196078431377,Moderate
Oranges,2021-12-01,115.29411764705883,12.192329708070982,21.160853722019766,105.6666666666667,High
Oranges,2022-01-01,106.29411764705883,-7.8061224489795915,13.205618570298071,108.11764705882358,Moderate
Oranges,2022-02-01,110.29411764705883,3.763143331488661,13.336302611904705,110.6274509803922,Moderate
Oranges,2022-03-01,111.3529411764706,0.9600000000000053,3.004181224583302,109.31372549019612,Low
Oranges,2022-04-01,99.76470588235294,-10.406761753829908,0.2660360626662639,107.13725490196083,Low
Oranges,2022-05-01,115.23529411764706,15.507075471698117,-86.57425442583214,108.78431372549024,Low
Oranges,2023-02-01,129.5,12.378764675855036,2.777777777777768,114.83333333333337,Low
Oranges,2023-03-01,126.1875,-2.557915057915061,21.1511744142048,123.64093137254906,High
Oranges,2023-04-01,123.8125,-1.8821198613174883,18.115179573512897,126.50000000000004,High
Oranges,2023-05-01,123.3125,-0.4038364462392696,16.883886255924164,124.43750000000004,High
Oranges,2023-06-01,132.97766666666666,7.837945598918727,34.40073325406263,126.70088888888893,Critical
Oranges,2023-07-01,151.2303846153846,13.726152974598183,47.16179384439256,135.8401837606838,Critical
Oranges,2023-08-01,152.4792,0.8257701570960396,32.25236734693877,145.56241709401712,Critical
Oranges,2023-09-01,166.37035714285713,9.110198074791276,56.518875009882194,156.69331391941395,Critical
Oranges,2023-10-01,173.34741935483873,4.193693114447439,57.168326881720446,164.06565883256533,Critical
Oranges,2023-11-01,179.7347619047619,3.6847058777658592,61.40998163660605,173.15084613415263,Critical
Oranges,2023-12-01,197.14,9.683846302620513,97.60495283018867,183.40739375320027,Critical
Oranges,2024-01-01,192.74,-2.2319164045855655,67.25778458397143,189.8715873015873,Critical
Oranges,2024-02-01,202.333,4.977171318875162,56.24169884169885,197.40433333333337,Critical
Oranges,2024-03-01,220.05315789473684,8.757917835813656,74.38586063971219,205.04205263157897,Critical
Oranges,2024-04-01,236.2809090909091,7.374468674489476,90.83768528291496,219.55568899521532,Critical
Oranges,2024-05-01,229.67789473684212,-2.794561092333725,86.2567823512151,228.67065390749607,Critical
Oranges,2024-06-01,244.92649999999998,6.6391261904543475,84.18619166626975,236.9617679425838,Critical
Oranges,2024-07-01,307.096,25.382920998748617,103.06501288151804,260.56679824561405,Critical
Oranges,2024-08-01,333.90299999999996,8.729192174434042,118.98265468339288,295.30850000000004,Critical
Oranges,2024-09-01,349.7214285714286,4.73743229962853,110.20657440263442,330.24014285714287,Critical
Oranges,2024-10-01,371.226,6.149057413043035,114.15144302789288,351.61680952380954,Critical
Oranges,2024-11-01,370.8248,-0.10807432669048822,106.31779632951196,363.92407619047617,Critical
Oranges,2024-12-01,417.44166666666666,12.57112972667056,111.74884177065367,386.49748888888894,Critical
Oranges,2025-01-01,483.58636363636367,15.845255098244548,150.90088390389315,423.9509434343435,Critical
Oranges,2025-02-01,405.904,-16.063803588716887,100.61186262250845,435.6440101010101,Critical
Oranges,2025-03-01,342.50470588235294,-15.619282913606924,55.64634889093081,410.6650231729056,Critical
Oranges,2025-04-01,313.1363157894737,-8.574594622640596,32.52713348457385,353.8483405572756,Critical
Oranges,2025-05-01,355.778,13.617610625269982,54.90302208126714,337.1396738906089,Critical
Oranges,2025-06-01,375.3076923076923,5.4892917234039995,53.23278302171972,348.0740026990554,Critical
Oranges,2025-07-01,415.90722222222223,10.817665277493106,35.43231504878677,382.33097150997156,Critical
Oranges,2025-08-01,377.40478260869565,-9.25745876876224,13.02826947008433,389.5398990462034,Moderate
Oranges,2025-09-01,373.6359375,-0.998621449003545,6.838159453442527,388.98264744363934,Moderate
Oranges,2025-10-01,381.775,2.1783403797981826,2.8416651850893926,377.6052400362319,Low
Oranges,2025-11-01,400.74368421052634,4.96855064122228,8.06819937893215,385.38487390350883,Moderate
Oranges,2025-12-01,361.495,-9.793962015358293,-13.40227177449943,381.33789473684214,Low
Oranges,2026-01-01,334.1634375,-7.560702775972006,-30.898912246566855,365.4673739035088,Low
Oranges,2026-02-01,367.72214285714284,10.042602388881306,-9.406622537067177,354.46019345238096,Low
Oranges,2026-03-01,384.55185185185184,4.576746144234023,12.276370294293626,362.1458107363316,Moderate
Oranges,2026-04-01,400.0,4.017182097487226,27.739894681818388,384.091331569665,High
Rice (imported),2002-01-01,348.145,,,,
Rice (imported),2002-02-01,381.97,9.715779344813246,,365.0575,
Rice (imported),2002-03-01,353.235,-7.522842108018956,,361.1166666666666,
Rice (imported),2002-04-01,344.42999999999995,-2.4926748481889027,,359.87833333333333,
Rice (imported),2002-05-01,351.55999999999995,2.070086810092042,,349.7416666666666,
Rice (imported),2002-06-01,325.40999999999997,-7.43827511662305,,340.46666666666664,
Rice (imported),2002-07-01,319.775,-1.7316615961402548,,332.2483333333333,
Rice (imported),2002-08-01,299.495,-6.341959190055501,,314.8933333333333,
Rice (imported),2002-09-01,277.35,-7.39411342426417,,298.87333333333333,
Rice (imported),2002-10-01,248.925,-10.248783126014061,,275.25666666666666,
Rice (imported),2002-11-01,284.99333333333334,14.48963878008771,,270.4227777777778,
Rice (imported),2002-12-01,267.41,-6.169734964560569,,267.1094444444445,
Rice (imported),2003-01-01,256.88666666666666,-3.9352804058686575,-26.21273703006889,269.7633333333334,Low
Rice (imported),2003-02-01,310.1566666666667,20.736771079334602,-18.800778420643848,278.1511111111111,Low
Rice (imported),2003-03-01,250.75,-19.153761002504123,-29.013263125115007,272.59777777777776,Low
Rice (imported),2003-04-01,293.93,17.220338983050844,-14.661905176668688,284.9455555555556,Low
Rice (imported),2003-05-01,310.65000000000003,5.6884292178409845,-11.636704972124223,285.11000000000007,Low
Rice (imported),2003-06-01,281.27,-9.457588926444572,-13.564426415906084,295.28333333333336,Low
Rice (imported),2003-07-01,284.75,1.2372453514416737,-10.95301383785473,292.22333333333336,Low
Rice (imported),2003-08-01,270.3233333333333,-5.066432543166521,-9.740285035365092,278.7811111111111,Low
Rice (imported),2003-09-01,235.38333333333333,-12.925262340160549,-15.131302205396324,263.48555555555555,Low
Rice (imported),2003-10-01,200.22,-14.938752389718902,-19.56613437782465,235.30888888888887,Low
Rice (imported),2003-11-01,272.75666666666666,36.22848200312989,-4.293667688133063,236.11999999999998,Low
Rice (imported),2003-12-01,330.52666666666664,21.18005059454702,23.602956758036942,267.83444444444444,High
Rice (imported),2005-01-01,325.07,-1.650900582908077,26.54218462097424,309.45111111111106,High
Rice (imported),2005-02-01,336.69,3.574614698372658,8.55481638311819,330.7622222222222,Moderate
Rice (imported),2005-03-01,369.25333333333333,9.671606918332397,47.25955466932537,343.6711111111111,Critical
Rice (imported),2005-04-01,418.11,13.231205315230742,42.24815432245772,374.6844444444444,Critical
Rice (imported),2005-05-01,381.09999999999997,-8.851737581019359,22.678255271205504,389.4877777777777,High
Rice (imported),2005-06-01,424.64333333333326,11.425697542202396,50.97356039866794,407.95111111111106,Critical
Rice (imported),2005-07-01,428.11,0.8163713861829347,50.345917471466194,411.28444444444443,Critical
Rice (imported),2005-08-01,408.12999999999994,-4.6670248300670565,50.97845789609971,420.2944444444444,Critical
Rice (imported),2005-09-01,346.1433333333334,-15.187971152982282,47.05515825249596,394.12777777777774,Critical
Rice (imported),2005-10-01,253.255,-26.835222403050775,26.488362800918996,335.8427777777777,High
Rice (imported),2005-11-01,301.8566666666666,19.19080241916906,10.668850135040998,300.41833333333335,Moderate
Rice (imported),2005-12-01,300.27000000000004,-0.525635787404588,-9.154077331128086,285.1272222222222,Low
Rice (imported),2006-01-01,406.24,35.291570919505766,24.970006460147044,336.1222222222222,High
Rice (imported),2006-02-01,404.18,-0.507089405277672,20.04514538596336,370.23,High
Rice (imported),2006-03-01,376.1166666666666,-6.94327609810812,1.8587058568642956,395.5122222222222,Low
Rice (imported),2006-04-01,368.22,-2.0995258563388797,-11.932266628399224,382.8388888888889,Low
Rice (imported),2006-05-01,378.72,2.851556134919342,-0.6245080031487604,374.3522222222222,Low
Rice (imported),2006-06-01,372.77,-1.5710815378115917,-12.215741838248562,373.2366666666667,Low
Rice (imported),2007-01-01,321.41999999999996,-13.775250154250617,-24.92116512111374,357.6366666666666,Low
Rice (imported),2007-02-01,325.84666666666664,1.3772219111028106,-20.161059793039794,340.0122222222222,Low
Rice (imported),2007-03-01,334.38000000000005,2.618818667266831,-3.39839950694798,327.2155555555555,Low
Rice (imported),2007-04-01,328.945,-1.625396255756939,29.886872914651242,329.7238888888889,High
Rice (imported),2008-01-01,336.605,2.3286567663287183,11.511534171847583,333.31,Moderate
Rice (imported),2008-02-01,394.035,17.061540975327173,31.22689579378559,353.195,Critical
Rice (imported),2008-03-01,394.4425,0.10341720913116248,-2.9040714848365567,375.0275,Low
Rice (imported),2008-04-01,375.03,-4.921503134170391,-7.212133207976656,387.8358333333333,Low
Rice (imported),2008-05-01,412.38,9.959203263738914,9.641511942216518,393.9508333333333,Moderate
Rice (imported),2008-06-01,466.65250000000003,13.160798292836716,26.731980880995067,418.0208333333333,High
Rice (imported),2008-07-01,497.125,6.530019661311148,31.26452260245034,458.7191666666667,Critical
Rice (imported),2008-08-01,483.0525,-2.8307769675634864,29.5845963999249,482.27666666666664,High
Rice (imported),2008-09-01,493.86,2.237334451224249,53.64943065148407,491.3458333333333,Critical
Rice (imported),2008-10-01,462.58500000000004,-6.332766371036325,41.96401170284594,479.8325,Critical
Rice (imported),2008-11-01,483.5,4.521331214803759,44.59596865841255,479.9816666666666,Critical
Rice (imported),2008-12-01,419.5,-13.23681489141675,27.528918208211106,455.195,High
Rice (imported),2009-01-01,546.73,30.3289630512515,62.42480058228488,483.24333333333334,Critical
Rice (imported),2009-02-01,470.496,-13.943628482066106,19.4046214168792,478.9086666666667,High
Rice (imported),2009-07-01,437.8,-6.949262055362848,10.992096439912036,485.00866666666667,Moderate
Rice (imported),2009-08-01,443.788,1.367747830059396,18.333999946670954,450.6946666666667,High
Rice (imported),2009-09-01,428.884,-3.358360298160379,4.002133954119991,436.824,Low
Rice (imported),2009-10-01,420.326,-1.9954113466578383,-9.927408510615498,430.99933333333337,Low
Rice (imported),2009-11-01,414.77200000000005,-1.3213553289589397,-16.56585365853658,421.3273333333334,Low
Rice (imported),2009-12-01,415.58600000000007,0.19625239890832535,-13.96670134198662,416.89466666666675,Low
Rice (imported),2010-01-01,425.92600000000004,2.4880530142978863,-13.755720244603731,418.76133333333337,Low
Rice (imported),2010-02-01,443.808,4.198381878542268,-4.059145886701909,428.44000000000005,Low
Rice (imported),2010-03-01,437.02,-1.5294902300093782,-9.613236814891424,435.58466666666664,Low
Rice (imported),2010-04-01,452.83000000000004,3.617683401217353,7.9451728247914355,444.55266666666665,Moderate
Rice (imported),2010-05-01,513.305,13.354901397875562,-6.11362098293492,467.7183333333333,Low
Rice (imported),2010-06-01,502.858,-2.0352422049268903,6.878273141535751,489.66433333333333,Moderate
Rice (imported),2010-07-01,466.63199999999995,-7.2040218113264665,6.585655550479652,494.26499999999993,Moderate
Rice (imported),2010-08-01,461.50600000000003,-1.098510175041556,3.992446843988584,476.9986666666667,Low
Rice (imported),2010-09-01,412.2,-10.683718088172212,-3.8900961565365044,446.77933333333334,Low
Rice (imported),2010-10-01,409.046,-0.7651625424551223,-2.6836312766757353,427.584,Low
Rice (imported),2010-11-01,397.21999999999997,-2.8911173804413215,-4.231722488499723,406.1553333333333,Low
Rice (imported),2010-12-01,433.99399999999997,9.257842001913307,4.42940811288155,413.4199999999999,Low
Rice (imported),2011-01-01,413.83599999999996,-4.644764674166002,-2.83852124547459,415.01666666666665,Low
Rice (imported),2011-02-01,415.282,0.34941377743840096,-6.427554257697022,421.03733333333327,Low
Rice (imported),2011-03-01,408.604,-1.6080639180123368,-6.502219578051349,412.574,Low
Rice (imported),2011-04-01,400.92199999999997,-1.8800599113077743,-11.463021442925614,408.26933333333335,Low
Rice (imported),2011-05-01,398.95799999999997,-0.48987084769606115,-22.276619164044764,402.828,Low
Rice (imported),2011-06-01,394.15,-1.2051393881060135,-21.618031332901143,398.00999999999993,Low
Rice (imported),2011-07-01,401.464,1.8556387162247834,-13.965608873802049,398.19066666666663,Low
Rice (imported),2011-08-01,408.12,1.6579319689934868,-11.567780267212136,401.24466666666666,Low
Rice (imported),2011-09-01,412.342,1.0344996569636278,0.03444929645803896,407.3086666666666,Low
Rice (imported),2011-10-01,414.10200000000003,0.42683015555049497,1.2360468015822246,411.52133333333336,Low
Rice (imported),2011-11-01,422.84,2.1101081376085906,6.449826292734517,416.42799999999994,Moderate
Rice (imported),2011-12-01,436.032,3.1198562103869065,0.4695917455080023,424.3246666666667,Low
Rice (imported),2012-01-01,428.946,-1.6251100836635723,3.6512048250998186,429.2726666666667,Low
Rice (imported),2012-02-01,445.43199999999996,3.843374224261309,7.260126853559745,436.80333333333334,Moderate
Rice (imported),2012-03-01,435.314,-2.2715027209540217,6.536891464596528,436.564,Moderate
Rice (imported),2012-04-01,438.322,0.690995465342259,9.328497812542103,439.6893333333333,Moderate
Rice (imported),2012-05-01,3339.65625,661.918464051542,737.0946941783346,1404.4307500000002,Critical
Rice (imported),2012-06-01,8133.333333333333,143.53803878268408,1963.5121992473255,3970.4371944444442,Critical
Rice (imported),2012-07-01,3319.73875,-59.18353995901639,726.9082034752804,4930.9094444444445,Critical
Rice (imported),2012-08-01,3418.105,2.963072018844848,737.5245025972753,4957.059027777777,Critical
Rice (imported),2012-09-01,3459.765,1.2188039864193811,739.0522915443976,3399.2029166666666,Critical
Rice (imported),2012-10-01,3484.8275,0.7243989114867677,741.5384373898216,3454.2324999999996,Critical
Rice (imported),2012-11-01,3360.77125,-3.5598964367676733,694.8092067921673,3435.1212499999997,Critical
Rice (imported),2012-12-01,3487.685,3.7763281270631,699.8690463085278,3444.427916666666,Critical
Rice (imported),2013-01-01,3409.735,-2.235006888523472,694.9100819217338,3419.3970833333333,Critical
Rice (imported),2013-02-01,3556.59625,4.307116242171305,698.4599781784875,3484.672083333333,Critical
Rice (imported),2013-03-01,3768.53875,5.959138600565073,765.7058468140239,3578.2899999999995,Critical
Rice (imported),2013-04-01,3886.91125,3.1410715890874075,786.7707416009235,3737.3487499999997,Critical
Rice (imported),2013-05-01,3776.1875,-2.848630773342209,13.071143175289368,3810.545833333333,Moderate
Rice (imported),2013-06-01,3801.185,0.6619771926049678,-53.264118852459006,3821.427916666666,Low
Rice (imported),2013-07-01,3932.855,3.463919803955884,18.468810233937827,3836.7425,High
Rice (imported),2013-08-01,3950.225,0.4416638803108608,15.567690284529,3894.7549999999997,High
Rice (imported),2013-09-01,3913.02125,-0.9418134410065226,13.100781411454253,3932.03375,Moderate
Rice (imported),2013-10-01,4082.46875,4.330349598791483,17.14980870645677,3981.9049999999993,High
Rice (imported),2013-11-01,4901.636,20.06548733532867,45.84854592528429,4299.0419999999995,Critical
Rice (imported),2013-12-01,4657.209,-4.986641194899022,33.53295954193109,4547.104583333333,Critical
Rice (imported),2014-01-01,4416.412,-5.1704142974901774,29.523614005193966,4658.418999999999,High
Rice (imported),2014-02-01,4341.056,-1.7062719691912975,22.05647464201199,4471.558999999999,High
Rice (imported),2014-03-01,4490.054999999999,3.4323215365109183,19.14578296428553,4415.840999999999,High
Rice (imported),2014-04-01,4545.058,1.2249961303369528,16.932384293569868,4458.722999999999,High
Rice (imported),2014-05-01,413.41833333333335,-90.90400313189988,-89.05196488963185,3149.5104444444437,Low
Rice (imported),2014-06-01,414.054,0.15375870284739523,-89.10723892680835,1790.8434444444438,Low
Rice (imported),2014-07-01,5437.669375,1213.27541214431,38.262645711575956,2088.380569444444,Critical
Rice (imported),2014-08-01,5319.308125,-2.176690818021665,34.65835806821129,3723.677166666666,Critical
Rice (imported),2014-09-01,5349.3931250000005,0.5655810735724298,36.70748976893496,5368.790208333333,Critical
Rice (imported),2014-10-01,5387.83875,0.7186913375337278,31.975015117996918,5352.179999999999,Critical
Rice (imported),2014-11-01,7386.681818181818,37.09916277991463,50.698293757060256,6041.304564393938,Critical
Rice (imported),2014-12-01,7292.018181818182,-1.28154479499345,56.574853776546895,6688.84625,Critical
Rice (imported),2015-01-01,5586.988421052632,-23.3821380892446,26.50514537712132,6755.22947368421,High
Rice (imported),2015-02-01,5511.451052631579,-1.3520229993034594,26.961067828463392,6130.15255183413,High
Rice (imported),2015-03-01,5443.701052631579,-1.2292588531227389,21.239072853931184,5514.046842105262,High
Rice (imported),2015-04-01,5508.078947368421,1.1826126033449347,21.188309310209476,5487.743684210526,High
Rice (imported),2015-05-01,5572.815789473684,1.1753070848084413,1247.9846780235557,5508.198596491227,Critical
Rice (imported),2015-06-01,5082.9375,-8.790498519599366,1127.602559086496,5387.944078947367,Critical
Rice (imported),2015-07-01,5579.0,9.759366508047762,2.5991029474828897,5411.584429824561,Low
Rice (imported),2015-08-01,5886.640526315789,5.51425929944056,10.665529952089203,5516.192675438596,Moderate
Rice (imported),2015-09-01,5964.9473684210525,1.3302467129630013,11.506992083724477,5810.19596491228,Moderate
Rice (imported),2015-10-01,6778.8421052631575,13.644625619849293,25.817464475215736,6210.1433333333325,High
Rice (imported),2015-11-01,8444.733333333334,24.57486399892339,14.323772719534134,7062.840935672513,Moderate
Rice (imported),2015-12-01,6688.8421052631575,-20.79273742297183,-8.271730288042555,7304.139181286549,Low
Rice (imported),2016-01-01,6967.341428571429,4.163640267261393,24.70656646284455,7366.972289055972,High
Rice (imported),2016-02-01,7535.45,8.15387873915423,36.72352213673407,7063.877844611528,Critical
Rice (imported),2016-03-01,9871.0125,30.994333450557043,81.32907014113464,8124.6013095238095,Critical
Rice (imported),2016-04-01,9860.588235294117,-0.10560481719462667,79.02045939274676,9089.016911764707,Critical
Rice (imported),2016-05-01,9548.305555555555,-3.1669781993411417,71.33718242743727,9759.968763616556,Critical
Rice (imported),2016-06-01,7543.884615384615,-20.992425603773157,48.41584448725988,8984.259468744762,Critical
Rice (imported),2016-07-01,7631.692307692308,1.1639585808168595,36.79319425868988,8241.29415954416,Critical
Rice (imported),2016-08-01,8416.176923076924,10.27930089102127,42.97079778275963,7863.91794871795,Critical
Rice (imported),2016-09-01,8868.692307692309,5.3767332691711855,48.680143510468056,8305.520512820514,Critical
Rice (imported),2016-10-01,9006.73076923077,1.556469169854191,32.86532757914302,8763.866666666667,Critical
Rice (imported),2016-11-01,8992.357142857143,-0.15958760999862376,6.484796948675808,8955.926739926741,Moderate
Rice (imported),2016-12-01,7828.363636363636,-12.944253525540816,17.03615533402767,8609.150516150517,High
Rice (imported),2017-01-01,9186.785714285714,17.352567420502197,31.8549666105477,8669.168831168832,Critical
Rice (imported),2017-02-01,7290.939393939394,-20.63666639571471,-3.244804305789384,8102.02958152958,Low
Rice (imported),2017-03-01,7472.911764705882,2.4958700235219844,-24.294374414925713,7983.54562431033,Low
Rice (imported),2017-04-01,7713.9375,3.2253255877109144,-21.77000686034719,7492.596219548425,Low
Rice (imported),2017-05-01,8090.666666666667,4.883746681466716,-15.265943055632313,7759.171977124183,Low
Rice (imported),2017-06-01,8291.53125,2.482670360909678,9.910631892363142,8032.04513888889,Moderate
Rice (imported),2017-07-01,8876.71875,7.057652951618554,16.31389726041206,8419.638888888889,High
Rice (imported),2017-08-01,8732.727272727272,-1.622125036604638,3.7612131083220923,8633.65909090909,Low
Rice (imported),2017-09-01,7610.5,-12.850822402664996,-14.186897730131065,8406.648674242424,Low
Rice (imported),2017-10-01,6991.129032258064,-8.138374190157482,-22.37883854437508,7778.118768328445,Low
Rice (imported),2017-11-01,6714.5161290322585,-3.9566270619448507,-25.33085572156385,7105.381720430108,Low
Rice (imported),2017-12-01,6764.032258064516,0.7374489550804553,-13.59583468191462,6823.225806451614,Low
Rice (imported),2018-01-01,2915.0588235294117,-56.90353457356904,-68.26900164878764,5464.535736875395,Low
Rice (imported),2018-02-01,7090.4375,143.23480002421505,-2.750014546905455,5589.842860531309,Low
Rice (imported),2018-03-01,7168.125,1.095665817518321,-4.078554307912096,5724.540441176471,Low
Rice (imported),2018-04-01,7109.78125,-0.8139332112651498,-7.832008620759501,7122.78125,Low
Rice (imported),2018-05-01,7374.787878787879,3.7273527759785763,-8.848205189668601,7217.56470959596,Low
Rice (imported),2018-06-01,3935.2083333333335,-46.63970817856086,-52.53942589514653,6139.925820707071,Low
Rice (imported),2018-07-01,7036.409090909091,78.80652038945225,-20.73186850817943,6115.468434343435,Low
Rice (imported),2018-08-01,7022.375757575757,-0.19943884944757517,-19.58553681726698,5997.9977272727265,Low
Rice (imported),2018-09-01,7067.272727272727,0.6393416024275567,-7.137865747681138,7042.019191919192,Low
Rice (imported),2018-10-01,7064.118787878788,-0.0446273904467831,1.0440338789906134,7051.255757575757,Low
Rice (imported),2018-11-01,7069.030303030303,0.06952764101224584,5.279817148181309,7066.807272727273,Moderate
Rice (imported),2018-12-01,7150.136363636364,1.1473435128902087,5.708194326121219,7094.428484848485,Moderate
Rice (imported),2019-01-01,5300.336842105263,-25.870828575223758,81.82606811645303,6506.501169590643,Critical
Rice (imported),2019-02-01,5211.04347826087,-1.6846733802851288,-26.506037486955215,5887.172228000833,Low
Rice (imported),2019-03-01,5200.41847826087,-0.20389390425017417,-27.4507841553981,5237.266266209001,Low
Rice (imported),2019-04-01,5200.79347826087,0.0072109581482182605,-26.85016183499499,5204.085144927537,Low
Rice (imported),2019-05-01,3978.090909090909,-23.509923519955443,-46.05823279971073,4793.100955204216,Low
Rice (imported),2019-06-01,3963.71696969697,-0.361327574518,0.7244504978847655,4380.86711901625,Low
Rice (imported),2019-07-01,5890.850344827586,48.61934870384923,-16.28044548406865,4610.886074538488,Low
Rice (imported),2019-08-01,5031.892444444445,-14.581220878193623,-28.34487048039225,4962.153252989668,Low
Rice (imported),2019-09-01,5622.477272727273,11.736833304830952,-20.443465397478768,5515.073353999768,Low
Rice (imported),2019-10-01,6045.229555555556,7.518968282520411,-14.423444210359659,5566.533090909092,Low
Rice (imported),2019-11-01,8057.181818181818,33.281651989166924,13.978600639580252,6574.962882154882,Moderate
Rice (imported),2019-12-01,9402.0,16.69092509223844,31.49399566441835,7834.803791245791,Critical
Rice (imported),2020-01-01,7098.5641025641025,-24.49942456324077,33.92666002232028,8185.915306915306,Critical
Rice (imported),2020-02-01,6944.897435897436,-2.164757047290178,33.272682618553404,7815.153846153847,Critical
Rice (imported),2020-03-01,8316.441176470587,19.74894162559966,59.91869137523296,7453.3009049773755,Critical
Rice (imported),2020-04-01,8663.967714285714,4.178789105108716,66.58934353961156,7975.10210888458,Critical
Rice (imported),2020-05-01,8326.39947368421,-3.896231515785764,109.30641516151263,8435.602788146838,Critical
Rice (imported),2020-06-01,8506.111315789472,2.158337978777558,114.5993616804525,8498.826167919799,Critical
Rice (imported),2020-07-01,9032.107027027028,6.183738863858701,53.32433347178134,8621.539272166903,Critical
Rice (imported),2020-08-01,9049.957179487179,0.19762999272192605,79.85195986211818,8862.725174101228,Critical
Rice (imported),2020-09-01,9522.125641025641,5.217355752894481,69.35818819960798,9201.396615846616,Critical
Rice (imported),2020-10-01,8556.488888888889,-10.140978900513032,41.541174082057644,9042.857236467236,Critical
Rice (imported),2020-11-01,9970.171842105265,16.521764611324706,23.74266917505321,9349.59545733993,High
Rice (imported),2020-12-01,9883.787894736843,-0.8664238564435989,5.124312856167235,9470.149541910332,Moderate
Rice (imported),2021-01-01,9860.437105263158,-0.2362534457676868,38.90748837080202,9904.798947368421,Critical
Rice (imported),2021-02-01,10056.986842105263,1.9933166729210638,44.81116438266992,9933.737280701755,Critical
Rice (imported),2021-03-01,9863.53659090909,-1.923540860034345,18.602854052712424,9926.986846092504,High
Rice (imported),2021-04-01,11607.996842105264,17.68595102900501,33.98014887526926,10509.506758373207,Critical
Rice (imported),2021-05-01,10280.395227272727,-11.436957064090292,23.467475464805275,10583.976220095692,High
Rice (imported),2021-06-01,10335.765365853658,0.5385993179915838,21.509876630322132,10741.385811743881,High
Rice (imported),2021-07-01,10488.01325,1.4730199337663397,16.11923130025388,10368.057947708796,High
Rice (imported),2021-08-01,10286.063658536585,-1.9255276156655787,13.658699754416403,10369.947424796748,Moderate
Rice (imported),2021-09-01,10534.144,2.4118102871891978,10.628071894096047,10436.07363617886,Moderate
Rice (imported),2021-10-01,10522.233,-0.11307041179615673,22.973723645732157,10447.480219512196,High
Rice (imported),2021-11-01,10690.3475,1.59770744479808,7.223302359276751,10582.2415,Moderate
Rice (imported),2021-12-01,11127.053333333333,4.085048061658747,12.578835683620193,10779.877944444444,Moderate
Rice (imported),2022-01-01,11412.333333333334,2.5638414003587684,15.738614946814366,11076.578055555556,High
Rice (imported),2022-02-01,11164.475,-2.171846248211007,11.012126945001576,11234.620555555555,Moderate
Rice (imported),2022-03-01,10710.884523809524,-4.0628016650176235,8.590711101344795,11095.897619047619,Moderate
Rice (imported),2022-04-01,11427.54275,6.6909341109727904,-1.5545670330535333,11100.967424603174,Low
Rice (imported),2022-05-01,10989.23238095238,-3.8355609656119616,6.8950379631240954,11042.553218253968,Moderate
Rice (imported),2022-06-01,15327.060344827587,39.47343921304236,48.29148884768326,12581.278491926656,Critical
Rice (imported),2022-07-01,16349.154,6.668556345296439,55.88418521496435,14221.81557525999,Critical
Rice (imported),2022-08-01,16135.835172413792,-1.304769822256302,56.87084688633421,15937.34983908046,Critical
Rice (imported),2022-09-01,16521.243103448276,2.388521740067029,56.835174300334955,16335.41075862069,Critical
Rice (imported),2022-10-01,17006.46172413793,2.936937721038557,61.62407470104427,16554.513333333332,Critical
Rice (imported),2022-11-01,18155.595172413792,6.7570401587112805,69.83166517658843,17227.766666666666,Critical
Rice (imported),2022-12-01,18473.487931034484,1.7509354862885962,66.0231813187542,17878.514942528738,Critical
Rice (imported),2023-01-01,18698.862068965518,1.2199869281448228,63.847843581203236,18442.6483908046,Critical
Rice (imported),2023-02-01,2470.7272727272725,-86.78675063961279,-77.8697406485547,13214.359090909093,Low
Rice (imported),2023-03-01,2751.1428571428573,11.349515889953032,-74.31451295150026,7973.577399611883,Low
Rice (imported),2023-04-01,2817.4285714285716,2.4093883061584664,-75.34528084413799,2679.7662337662337,Low
Rice (imported),2023-05-01,2817.25,-0.006338099584224377,-74.36354148918414,2795.2738095238096,Low
Rice (imported),2023-06-01,2573.7247826086955,-8.644075513046568,-83.20796862082396,2736.1344513457557,Low
Rice (imported),2023-07-01,2542.9752380952377,-1.1947487439698312,-84.4458298081036,2644.650006901311,Low
Rice (imported),2023-08-01,2698.8363157894737,6.129083577352512,-83.2742694322791,2605.178778831136,Low
Rice (imported),2023-09-01,2807.063181818182,4.010130788426469,-83.00937063729606,2682.958245234298,Low
Rice (imported),2023-10-01,3016.880769230769,7.47463002513129,-82.26038538663929,2840.9267556128084,Low
Rice (imported),2023-11-01,3138.724,4.038715484281408,-82.7120842352275,2987.5559836829834,Low
Rice (imported),2023-12-01,3205.87,2.1392769800721467,-82.64610336733267,3120.49158974359,Low
Rice (imported),2024-01-01,4432.8844,38.273991147488815,-76.29329323008777,3592.4928,Low
Rice (imported),2024-02-01,4129.611666666667,-6.84143113078548,67.14154217872299,3922.7886888888884,Critical
Rice (imported),2024-03-01,4613.073888888889,11.70720787440196,67.67845686064089,4391.856651851852,Critical
Rice (imported),2024-04-01,4614.8589999999995,0.038696781237557154,63.79684109116719,4452.514851851852,Critical
Rice (imported),2024-05-01,4432.785,-3.945385980373395,57.344396130978794,4553.57262962963,Critical
Rice (imported),2024-06-01,4630.411052631579,4.45828192956752,79.91088572952434,4559.351684210526,Critical
Rice (imported),2024-07-01,5207.626,12.465738803909755,104.78477029531214,4756.940684210526,Critical
Rice (imported),2024-08-01,5513.9349999999995,5.881931613368541,104.30787031213646,5117.32401754386,Critical
Rice (imported),2024-09-01,5925.753103448275,7.468678964265552,111.1015221114498,5549.104701149426,Critical
Rice (imported),2024-10-01,6005.211612903226,1.3409014528248164,99.05366079264736,5814.966572117167,Critical
Rice (imported),2024-11-01,6074.740833333333,1.15781466019802,93.5417333073355,6001.9018498949445,Critical
Rice (imported),2024-12-01,6062.518461538462,-0.20119988868997352,89.10680912009727,6047.490302591675,Critical
Rice (imported),2025-01-01,6438.714000000001,6.205268336058367,45.24885873405589,6191.991098290599,Critical
Rice (imported),2025-02-01,6273.020476190476,-2.573394684241681,51.90339873419436,6258.084312576313,Critical
Rice (imported),2025-03-01,5792.118125,-7.666200883860686,25.558754628903134,6167.950867063492,High
Rice (imported),2025-04-01,5999.464,3.5797936182456525,30.003191863500067,6021.534200396825,Critical
Rice (imported),2025-05-01,5673.296666666667,-5.436607892527279,27.98492745907295,5821.62626388889,High
Rice (imported),2025-06-01,5175.420434782609,-8.775783484218602,11.770215990679421,5616.060367149759,Moderate
Rice (imported),2025-07-01,4925.940625,-4.820474257625951,-5.409093798210551,5258.219242149759,Low
Rice (imported),2025-08-01,4997.132380952381,1.445241860835078,-9.372664332234937,5032.831146911663,Low
Rice (imported),2025-09-01,4763.765925925925,-4.670007460998649,-19.6091054965853,4895.612977292769,Low
Rice (imported),2025-10-01,4089.1893333333337,-14.160573862820003,-31.90599104705969,4616.695880070546,Low
Rice (imported),2025-11-01,4331.021612903226,5.913941856362048,-28.70442160860537,4394.658957387495,Low
Rice (imported),2025-12-01,4303.589259259259,-0.6333922131036895,-29.013176841243737,4241.2667351652735,Low
Rice (imported),2026-01-01,3999.9630769230766,-7.055184964106987,-37.87636666385437,4211.524649695187,Low
Rice (imported),2026-02-01,4298.0725,7.452804372040367,-31.48320627497515,4200.541612060779,Low
Rice (imported),2026-03-01,4564.898095238095,6.208029186061781,-21.187759007623907,4287.644557387058,Low
Rice (imported),2026-04-01,3500.0,-23.327970811636543,-41.66145508998804,4120.990198412698,Low
Rice (local),2014-05-01,304.0,,,,
Rice (local),2014-07-01,15006.666666666666,4836.403508771929,,7655.333333333333,
Rice (local),2014-08-01,15056.666666666666,0.3331852509995459,,10122.444444444443,
Rice (local),2014-09-01,14812.516666666668,-1.621540845694025,,14958.616666666667,
Rice (local),2014-10-01,14546.666666666666,-1.7947659130622795,,14805.283333333335,
Rice (local),2014-11-01,14361.666666666666,-1.2717690192483921,,14573.616666666667,
Rice (local),2014-12-01,14457.433333333334,0.6668213995590255,,14455.255555555554,
Rice (local),2015-01-01,12360.666666666666,-14.50303534744527,,13726.588888888888,
Rice (local),2015-02-01,13520.75,9.385281268539991,,13446.283333333335,
Rice (local),2015-03-01,13381.875,-1.0271249745761102,,13087.76388888889,
Rice (local),2015-04-01,13780.703125,2.9803605623277774,,13561.109375,
Rice (local),2015-05-01,13950.75,1.2339491929951762,,13704.442708333334,
Rice (local),2015-06-01,14956.0,7.205705786427252,4819.736842105263,14229.151041666666,Critical
Rice (local),2015-07-01,14826.0,-0.8692163680128373,-1.2039093736117223,14577.583333333334,Low
Rice (local),2015-08-01,13728.3125,-7.403800755429646,-8.822365508080576,14503.4375,Low
Rice (local),2015-09-01,14296.6875,4.140166535399015,-3.4823870802958456,14283.666666666666,Low
Rice (local),2015-10-01,13544.6875,-5.259959693460459,-6.888032768102659,13856.5625,Low
Rice (local),2015-11-01,13161.5625,-2.8285997738965896,-8.35630149704073,13667.645833333334,Low
Rice (local),2015-12-01,13375.6875,1.626896502599906,-7.482281317799611,13360.645833333334,Low
Rice (local),2016-01-01,13956.70588235294,4.3438393903336925,12.912242185046185,13497.985294117645,Moderate
Rice (local),2016-02-01,15406.6,10.388512374401525,13.947820941885624,14246.331127450982,Moderate
Rice (local),2016-03-01,14770.2,-4.130697233653102,10.374667227126256,14711.16862745098,Moderate
Rice (local),2016-04-01,18156.466666666667,22.92634268098377,31.752832217453843,16111.088888888888,Critical
Rice (local),2016-05-01,21501.733333333334,18.424656779769922,54.12600278360185,18142.8,Critical
Rice (local),2016-06-01,15897.652173913044,-26.06339252999893,6.2961498656930015,18518.617391304346,Moderate
Rice (local),2016-07-01,16455.456521739132,3.5087215503519786,10.990533668819191,17951.614009661836,Moderate
Rice (local),2016-08-01,17762.652173913044,7.943843128551253,29.387003493058916,16705.253623188404,High
Rice (local),2016-09-01,17043.869565217392,-4.0465950785845255,19.215514539416144,17087.326086956524,High
Rice (local),2016-10-01,15916.217391304348,-6.6161746286437335,17.50893028210765,16907.579710144928,High
Rice (local),2016-11-01,15848.125,-0.42781767570948537,20.412185103402436,16269.403985507248,High
Rice (local),2016-12-01,12261.181818181818,-22.633233785183936,-8.33232446420553,14675.174736495386,Low
Rice (local),2017-01-01,18046.375,47.18299807967497,29.30253852248972,15385.22727272727,High
Rice (local),2017-02-01,12939.166666666666,-28.300466621874666,-16.01543061631596,14415.574494949493,Low
Rice (local),2017-03-01,12895.1,-0.34056804276421104,-12.695156463690404,14626.880555555554,Low
Rice (local),2017-04-01,13232.78125,2.6186788004745942,-27.1180814365497,13022.349305555554,Low
Rice (local),2017-05-01,14876.84375,12.424164421217188,-30.810955938435967,13668.241666666667,Low
Rice (local),2017-06-01,13994.454545454546,-5.931293084566103,-11.971564150721036,14034.693181818182,Low
Rice (local),2017-07-01,13709.3125,-2.0375359720408714,-16.688349047692665,14193.536931818182,Low
Rice (local),2017-08-01,13603.939393939394,-0.7686242914121788,-23.412679251138545,13769.235479797979,Low
Rice (local),2017-09-01,11807.8125,-13.202991000824182,-30.72105806244244,13040.354797979797,Low
Rice (local),2017-10-01,10736.258064516129,-9.074961475581278,-32.54516572271897,12049.336652818507,Low
Rice (local),2017-11-01,10234.290322580646,-4.675444078552015,-35.42270569811479,10926.120295698924,Low
Rice (local),2017-12-01,10256.15625,0.21365357763116766,-16.35262895464622,10408.901545698924,Low
Rice (local),2018-01-01,890.2666666666667,-91.31968502657448,-95.06678395707355,7126.904413082437,Low
Rice (local),2018-02-01,10424.0625,1070.892148419949,-19.43791460037354,7190.161805555555,Low
Rice (local),2018-03-01,10571.09375,1.4104985460323238,-18.022398042667376,7295.140972222221,Low
Rice (local),2018-04-01,10851.390625,2.65154090606754,-17.996145934929586,10615.515624999998,Low
Rice (local),2018-05-01,11697.575757575758,7.797941865868063,-21.370581326595183,11040.020044191917,Low
Rice (local),2018-06-01,753.5263157894736,-93.55826941063866,-94.61553636590844,7767.497566121743,Low
Rice (local),2018-07-01,11170.681818181818,1382.4541073231442,-18.517563749591247,7873.927963849015,Low
Rice (local),2018-08-01,11586.093333333334,3.718765979668115,-14.832806896398099,7836.767155768207,Low
Rice (local),2018-09-01,11208.712121212122,-3.257191196928144,-5.073762636287437,11321.829090909092,Low
Rice (local),2018-10-01,9863.454545454546,-12.001892467304254,-8.129494595013897,10886.086666666668,Low
Rice (local),2018-11-01,9621.939393939394,-2.4485858418281214,-5.983325754304413,10231.368686868685,Low
Rice (local),2018-12-01,9811.212121212122,1.967095400662644,-4.338312696707192,9765.535353535352,Low
Rice (local),2019-01-01,5757.181818181818,-41.32038175247862,546.6805996160497,8396.777777777777,Critical
Rice (local),2019-02-01,7776.177777777778,35.06917139944663,-25.40165815604254,7781.523905723905,Low
Rice (local),2019-03-01,8198.177777777777,5.426830662307669,-22.447213394756083,7243.845791245789,Low
Rice (local),2019-04-01,8167.3,-0.3766419637968199,-24.734992202900262,8047.218518518516,Low
Rice (local),2019-05-01,6414.342857142857,-21.463116854494668,-45.165194993597666,7593.273544973544,Low
Rice (local),2019-06-01,6214.628571428571,-3.1135580083919034,724.7394206687355,6932.090476190475,Critical
Rice (local),2019-07-01,7823.148148148148,25.88279505736932,-29.967138304710282,6817.373192239858,Low
Rice (local),2019-08-01,7732.0,-1.1651082968398563,-33.26482207980372,7256.5922398589055,Low
Rice (local),2019-09-01,8227.420454545454,6.407403705968107,-26.597985874083342,7927.522867564533,Low
Rice (local),2019-10-01,8553.652,3.9651741059898216,-13.27934892809084,8171.02415151515,Low
Rice (local),2019-11-01,11235.924242424242,31.358211000684165,16.7740076340686,9338.998898989897,High
Rice (local),2019-12-01,11479.166666666666,2.1648635127317517,17.00049417796583,10422.9143030303,High
Rice (local),2020-01-01,8517.891304347826,-25.796954154501694,47.95244571653758,10410.994071146242,Critical
Rice (local),2020-02-01,8433.847826086956,-0.986670001505785,8.457497592051233,9476.968599033817,Moderate
Rice (local),2020-03-01,11694.569444444445,38.662324547422664,42.64840018649132,9548.76952495974,Critical
Rice (local),2020-04-01,12367.901578947369,5.757647921127984,51.431949101261964,10832.10628315959,Critical
Rice (local),2020-05-01,10347.701956521738,-16.334214899190435,61.321310490891335,11470.057659971184,Critical
Rice (local),2020-06-01,10820.305208333333,4.567229069771694,74.11024784456337,11178.636247934146,Critical
Rice (local),2020-07-01,12819.269545454545,18.47419549294871,63.8633105585384,11329.092236769871,Critical
Rice (local),2020-08-01,12716.004374999999,-0.8055464477783936,64.45944613295393,12118.526376262625,Critical
Rice (local),2020-09-01,13113.788541666667,3.128216654664917,59.3912528734521,12883.020820707068,Critical
Rice (local),2020-10-01,11582.961041666667,-11.673419127783513,35.41538797307475,12470.91798611111,Critical
Rice (local),2020-11-01,11097.40625,-4.191974659329434,-1.2328135134734186,11931.385277777777,Low
Rice (local),2020-12-01,11078.293124999998,-0.17223056063214726,-3.4921833030853056,11252.886805555556,Low
Rice (local),2021-01-01,11598.632083333332,4.696923546454124,36.16788086287259,11258.110486111109,Critical
Rice (local),2021-02-01,12044.703125,3.8458935369426017,42.81385404825792,11573.876111111109,Critical
Rice (local),2021-03-01,13180.4626,9.429534818858398,12.70583891621111,12274.599269444443,Moderate
Rice (local),2021-04-01,16400.31375,24.428969207803064,32.603850744710016,13875.159825,Critical
Rice (local),2021-05-01,13580.676599999999,-17.19258053828392,31.243407058517448,14387.150983333333,Critical
Rice (local),2021-06-01,14352.576041666667,5.683806958974835,32.6448354766641,14777.855463888889,Critical
Rice (local),2021-07-01,14518.130416666667,1.153481956962854,13.252399952963811,14150.461019444445,Moderate
Rice (local),2021-08-01,14302.721041666666,-1.483726683931097,12.478107272329941,14391.1425,Moderate
Rice (local),2021-09-01,13778.596666666666,-3.6645081273215196,5.069535191052488,14199.816041666665,Moderate
Rice (local),2021-10-01,13147.349791666667,-4.581358249110512,13.505948473559748,13742.889166666666,Moderate
Rice (local),2021-11-01,13251.947916666666,0.7955833430878689,19.414821969472975,13392.631458333331,High
Rice (local),2021-12-01,13642.145833333334,2.9444570648812007,23.143030062524517,13347.147847222222,High
Rice (local),2022-01-01,14482.645833333334,6.16105420854185,24.865119690658943,13792.246527777776,High
Rice (local),2022-02-01,14484.135416666666,0.010285298352763483,20.253154157061594,14202.975694444443,High
Rice (local),2022-03-01,14645.794166666667,1.11610907623787,11.117451724848149,14537.525138888886,Moderate
Rice (local),2022-04-01,15422.576041666667,5.303788010130095,-5.961701240827388,14850.83520833333,Low
Rice (local),2022-05-01,15294.858124999999,-0.8281231119990351,12.62221003775319,15121.076111111111,Moderate
Rice (local),2022-06-01,22718.4659375,48.53662421598961,58.288420639935936,17811.966701388887,Critical
Rice (local),2022-07-01,22973.6953125,1.1234445833717466,58.241417132652494,20329.006458333333,Critical
Rice (local),2022-08-01,23039.9359375,0.2883324780752927,61.08778092210629,22910.6990625,Critical
Rice (local),2022-09-01,24162.3928125,4.8717881770369065,75.36178318474136,23392.008020833327,Critical
Rice (local),2022-10-01,23373.009354838712,-3.2669920722955603,77.77734467560519,23525.112701612903,Critical
Rice (local),2022-11-01,24323.81870967742,4.067980038017094,83.54900624900526,23953.073625672045,Critical
Rice (local),2022-12-01,24512.955161290323,0.7775771307555912,79.68547954820393,24069.927741935488,Critical
Rice (local),2023-01-01,25427.7,3.7316791577793884,75.57358159981702,24754.824623655917,Critical
Rice (local),2023-02-01,1677.6875,-93.40212642118635,-88.4170683873232,17206.11422043011,Low
Rice (local),2023-03-01,1708.1875,1.817978616399052,-88.33666866705134,9604.525,Low
Rice (local),2023-04-01,1783.8125,4.427207200614691,-88.43375779000388,1723.2291666666654,Low
Rice (local),2023-05-01,1867.9375,4.716022564030697,-87.78715379551781,1786.6458333333321,Low
Rice (local),2023-06-01,1881.0723333333333,0.7031730629816657,-91.72007327207618,1844.27411111111,Low
Rice (local),2023-07-01,1942.9950000000001,3.2918812088920335,-91.54252298739762,1897.3349444444432,Low
Rice (local),2023-08-01,2192.2384,12.827794204308308,-90.48504993266107,2005.4352444444432,Low
Rice (local),2023-09-01,2287.87,4.362281036587978,-90.53127718867144,2141.0344666666656,Low
Rice (local),2023-10-01,2167.4625806451613,-5.262861060936097,-90.72664307903317,2215.856993548386,Low
Rice (local),2023-11-01,2236.6657142857143,3.1928179179893545,-90.80462759165427,2230.6660983102906,Low
Rice (local),2023-12-01,2221.2512500000003,-0.6891715729919312,-90.93845994746609,2208.459848310291,Low
Rice (local),2024-01-01,2944.3728,32.554694116660585,-88.42060902087094,2467.4299214285707,Low
Rice (local),2024-02-01,2980.5634999999997,1.2291480209299488,77.65903960064075,2715.3958499999985,Critical
Rice (local),2024-03-01,3308.4778947368422,11.001758383501725,93.68353267640947,3077.804731578946,Critical
Rice (local),2024-04-01,3358.676363636364,1.517267773781339,88.28640138110725,3215.9059194577344,Critical
Rice (local),2024-05-01,3442.1752631578947,2.4860656544808846,84.27678994387632,3369.7765071770323,Critical
Rice (local),2024-06-01,3617.0175000000004,5.0794112290988735,92.28487049142362,3472.623042264752,Critical
Rice (local),2024-07-01,3883.1519999999996,7.357843858925173,99.85393683462898,3647.4482543859635,Critical
Rice (local),2024-08-01,4428.755,14.050518753837093,102.01977120736503,3976.308166666666,Critical
Rice (local),2024-09-01,4579.0421875,3.3934409896234863,100.14433457757654,4296.983062499999,Critical
Rice (local),2024-10-01,4370.4724242424245,-4.554877520607592,101.6400404449668,4459.42320391414,Critical
Rice (local),2024-11-01,4118.475,-5.765908116583196,84.13457915034242,4355.9965372474735,Critical
Rice (local),2024-12-01,4095.493,-0.5580220834168093,84.37774655163388,4194.813474747473,Critical
Rice (local),2025-01-01,4097.301515151516,0.04415866787015332,39.15702234280643,4103.7565050505045,Critical
Rice (local),2025-02-01,4012.7508000000003,-2.063570738908349,34.630609279084325,4068.515105050504,Critical
Rice (local),2025-03-01,3926.0576470588235,-2.1604419826214194,18.66658239743517,4012.036654070112,High
Rice (local),2025-04-01,3928.482857142857,0.06177214656668539,16.965209856944252,3955.7637680672256,High
Rice (local),2025-05-01,3694.543548387097,-5.954953025451193,7.3316512360755315,3849.694684196258,Moderate
Rice (local),2025-06-01,3500.649259259259,-5.248125690993277,-3.217242956130051,3707.8918882630696,Low
Rice (local),2025-07-01,3202.3857894736843,-8.520232896702352,-17.531278984863718,3465.8595323733457,Low
Rice (local),2025-08-01,3073.7370833333334,-4.0172769490553595,-30.595910513601833,3258.924044022091,Low
Rice (local),2025-09-01,3021.9845454545457,-1.6837008656141905,-34.00400298333033,3099.36913942052,Low
Rice (local),2025-10-01,2764.9516216216216,-8.505434755433638,-36.73563511613056,2953.557750136499,Low
Rice (local),2025-11-01,2566.063157894737,-7.193198686429037,-37.693851294599654,2784.3331083236335,Low
Rice (local),2025-12-01,2329.860588235294,-9.204861888638371,-43.11159637593583,2553.625122583883,Low
Rice (local),2026-01-01,2231.802424242424,-4.208756716518492,-45.5299441354417,2375.9087234574836,Low
Rice (local),2026-02-01,2359.4814285714283,5.720891909701398,-41.20039977136313,2307.048147016381,Low
Rice (local),2026-03-01,2456.412962962963,4.108171109879111,-37.433089786565766,2349.232271925604,Low
Rice (local),2026-04-01,2000.0,-18.580465493571996,-49.08976129643649,2271.964797178129,Low
"Rice (milled, local)",2012-05-01,14974.95,,,,
"Rice (milled, local)",2012-06-01,14700.0,-1.8360662306051156,,14837.475,
"Rice (milled, local)",2012-07-01,16075.0,9.353741496598644,,15249.983333333332,
"Rice (milled, local)",2012-08-01,16960.0,5.505443234836704,,15911.666666666666,
"Rice (milled, local)",2012-09-01,15600.0,-8.018867924528305,,16211.666666666666,
"Rice (milled, local)",2012-10-01,14360.0,-7.948717948717954,,15640.0,
"Rice (milled, local)",2012-11-01,14000.0,-2.506963788300831,,14653.333333333334,
"Rice (milled, local)",2012-12-01,14375.0,2.678571428571419,,14245.0,
"Rice (milled, local)",2013-01-01,15060.0,4.765217391304355,,14478.333333333334,
"Rice (milled, local)",2013-02-01,14525.0,-3.552456839309426,,14653.333333333334,
"Rice (milled, local)",2013-03-01,14000.0,-3.6144578313253017,,14528.333333333334,
"Rice (milled, local)",2013-04-01,14912.5,6.517857142857153,,14479.166666666666,
"Rice (milled, local)",2013-05-01,15850.0,6.286672254819781,5.84342518672849,14920.833333333334,Moderate
"Rice (milled, local)",2013-06-01,17350.0,9.46372239747635,18.02721088435375,16037.5,High
"Rice (milled, local)",2013-07-01,18490.0,6.570605187319889,15.023328149300163,17230.0,High
"Rice (milled, local)",2013-08-01,18900.0,2.217414818820984,11.438679245283012,18246.666666666668,Moderate
"Rice (milled, local)",2013-09-01,19275.0,1.984126984126977,23.557692307692314,18888.333333333332,High
"Rice (milled, local)",2013-10-01,19420.0,0.7522697795071309,35.23676880222841,19198.333333333332,Critical
"Rice (milled, local)",2013-11-01,15575.0,-19.799176107106074,11.250000000000004,18090.0,Moderate
"Rice (milled, local)",2013-12-01,14900.0,-4.3338683788122,3.6521739130434883,16631.666666666668,Low
"Rice (milled, local)",2014-01-01,14675.0,-1.5100671140939603,-2.5564409030544466,15050.0,Low
"Rice (milled, local)",2014-02-01,14693.75,0.12776831345826523,1.1617900172117057,14756.25,Low
"Rice (milled, local)",2014-03-01,15337.5,4.381114419395993,9.553571428571427,14902.083333333334,Moderate
"Rice (milled, local)",2014-04-01,16281.25,6.153219233903839,9.178541492036874,15437.5,Moderate
"Rice (milled, local)",2014-07-01,14740.0,-9.466410748560461,-7.003154574132497,15452.916666666666,Low
"Rice (milled, local)",2014-08-01,14745.0,0.03392130257802162,-15.014409221902014,15255.416666666666,Low
"Rice (milled, local)",2014-09-01,14724.0,-0.1424211597151559,-20.367766360194693,14736.333333333334,Low
"Rice (milled, local)",2014-10-01,15013.0,1.9627818527574004,-20.566137566137566,14827.333333333334,Low
"Rice (milled, local)",2014-11-01,14485.0,-3.5169519749550404,-24.850843060959793,14740.666666666666,Low
"Rice (milled, local)",2014-12-01,14656.039999999999,1.1808077321366905,-24.531204943357366,14718.013333333334,Low
"Rice (milled, local)",2015-01-01,14569.0,-0.5938848420173448,-6.45906902086677,14570.013333333334,Low
"Rice (milled, local)",2015-02-01,14635.0,0.45301667925046196,-1.7785234899328817,14620.013333333334,Low
"Rice (milled, local)",2015-03-01,14441.6,-1.3214895797745152,-1.590459965928448,14548.533333333333,Low
"Rice (milled, local)",2015-04-01,14763.05,2.225861400398843,0.4716290940025569,14613.216666666665,Low
"Rice (milled, local)",2015-05-01,15136.0,2.5262394965809953,-1.3137734311328475,14780.216666666665,Low
"Rice (milled, local)",2015-06-01,14848.0,-1.9027484143763207,-8.803071017274478,14915.683333333334,Low
"Rice (milled, local)",2015-07-01,14634.0,-1.4412715517241326,-0.7191316146540006,14872.666666666666,Low
"Rice (milled, local)",2015-08-01,14689.0,0.3758370917042564,-0.37978975924042313,14723.666666666666,Low
"Rice (milled, local)",2015-09-01,15434.4,5.074545578323919,4.824775876120624,14919.133333333333,Low
"Rice (milled, local)",2015-10-01,14629.0,-5.218213859949206,-2.5577832545127577,14917.466666666667,Low
"Rice (milled, local)",2015-11-01,14656.0,0.18456490532503533,1.1805315843976594,14906.466666666667,Low
"Rice (milled, local)",2015-12-01,14432.0,-1.5283842794759805,-1.5286530331521941,14572.333333333334,Low
"Rice (milled, local)",2016-01-01,14788.0,2.466740576496673,1.5031917084219915,14625.333333333334,Low
"Rice (milled, local)",2016-02-01,16196.0,9.521233432512854,10.666211137683646,15138.666666666666,Moderate
"Rice (milled, local)",2016-03-01,17978.4,11.005186465794026,24.490361178816755,16320.800000000001,High
"Rice (milled, local)",2016-04-01,20073.0,11.650647443598983,35.967838624132554,18082.466666666667,Critical
"Rice (milled, local)",2016-05-01,24843.0,23.763264086085776,64.1318710359408,20964.8,Critical
"Rice (milled, local)",2016-06-01,26432.8,6.399388157629904,78.02262931034483,23782.933333333334,Critical
"Rice (milled, local)",2016-07-01,27378.3,3.576995248327841,87.08692086920868,26218.033333333336,Critical
"Rice (milled, local)",2016-08-01,30522.4,11.483912441605227,107.79086391177071,28111.166666666668,Critical
"Rice (milled, local)",2016-09-01,28799.0,-5.646344979424955,86.58969574457058,28899.899999999998,Critical
"Rice (milled, local)",2016-10-01,27950.0,-2.9480190284384866,91.05885569758698,29090.466666666664,Critical
"Rice (milled, local)",2016-11-01,27942.4,-0.02719141323791474,90.65502183406116,28230.466666666664,Critical
"Rice (milled, local)",2016-12-01,29345.0,5.019611772789734,103.33287139689577,28412.466666666664,Critical
"Rice (milled, local)",2017-01-01,31705.0,8.042255920940544,114.39680822288341,29664.13333333333,Critical
"Rice (milled, local)",2017-02-01,31990.0,0.8989118435577925,97.51790565571746,31013.333333333332,Critical
"Rice (milled, local)",2017-03-01,29860.0,-6.658330728352613,66.08819472255594,31185.0,Critical
"Rice (milled, local)",2017-04-01,30880.0,3.415941058271943,53.83848951327654,30910.0,Critical
"Rice (milled, local)",2017-05-01,30750.0,-0.4209844559585507,23.777321579519374,30496.666666666668,High
"Rice (milled, local)",2017-06-01,30260.0,-1.5934959349593547,14.478980660391638,30630.0,Moderate
"Rice (milled, local)",2017-07-01,29610.0,-2.148050231328491,8.151346139095562,30206.666666666668,Moderate
"Rice (milled, local)",2017-08-01,28934.4,-2.281661600810536,-5.202736351007786,29601.466666666664,Low
"Rice (milled, local)",2017-09-01,27095.0,-6.357138907321391,-5.916872113615057,28546.466666666664,Low
"Rice (milled, local)",2017-10-01,25500.0,-5.8866949621701465,-8.765652951699465,27176.466666666664,Low
"Rice (milled, local)",2017-11-01,24626.0,-3.427450980392155,-11.868701328447095,25740.333333333332,Low
"Rice (milled, local)",2017-12-01,24743.75,0.4781531714448173,-15.67984324416425,24956.583333333332,Low
"Rice (milled, local)",2018-01-01,25443.0,2.8259661530689595,-19.750827945119063,24937.583333333332,Low
"Rice (milled, local)",2018-02-01,26968.75,5.996737806076324,-15.696311347296032,25718.5,Low
"Rice (milled, local)",2018-03-01,27268.75,1.1123986095017413,-8.677997320830544,26560.166666666668,Low
"Rice (milled, local)",2018-04-01,28241.75,3.568187027274816,-8.543555699481864,27493.083333333332,Low
"Rice (milled, local)",2018-05-01,28669.6,1.5149556950259768,-6.765528455284553,28060.033333333336,Low
"Rice (milled, local)",2018-06-01,28293.0,-1.3135865167285155,-6.500330469266357,28401.45,Low
"Rice (milled, local)",2018-07-01,27564.5,-2.574841833669106,-6.908139142181691,28175.7,Low
"Rice (milled, local)",2018-08-01,26524.0,-3.7747827822017466,-8.330568458305688,27460.5,Low
"Rice (milled, local)",2018-09-01,27338.5,3.0708038003317784,0.898689795165164,27142.333333333332,Low
"Rice (milled, local)",2018-10-01,25716.4,-5.93339063957422,0.8486274509803993,26526.3,Low
"Rice (milled, local)",2018-11-01,25148.0,-2.2102627117325913,2.119710874685299,26067.63333333333,Low
"Rice (milled, local)",2018-12-01,25955.0,3.2090027039923585,4.895175549381148,25606.466666666664,Low
"Rice (milled, local)",2019-01-01,25552.36,-1.5513003274898796,0.429823527099793,25551.786666666667,Low
"Rice (milled, local)",2019-02-01,25948.0,1.5483501328253046,-3.784936268829664,25818.453333333335,Low
"Rice (milled, local)",2019-03-01,27228.0,4.932942808694318,-0.14943845977538617,26242.786666666667,Low
"Rice (milled, local)",2019-04-01,26541.5,-2.5213016012927914,-6.020342223835284,26572.5,Low
"Rice (milled, local)",2019-07-01,26260.0,-1.0606032062995707,-8.404721377347435,26676.5,Low
"Rice (milled, local)",2019-08-01,26007.666,-0.9609063214013669,-8.077383098292856,26269.721999999998,Low
"Rice (milled, local)",2019-09-01,27045.5,3.9904926493596005,-1.8828565727656899,26437.721999999998,Low
"Rice (milled, local)",2019-10-01,29299.333999999995,8.333489859680899,10.463482129392233,27450.833333333332,Moderate
"Rice (milled, local)",2019-11-01,29442.5,0.4886322672044585,7.696106223823551,28595.778000000002,Moderate
"Rice (milled, local)",2019-12-01,28520.5,-3.1315275537063814,10.903936787419699,29087.444666666666,Moderate
"Rice (milled, local)",2020-01-01,29365.4,2.962430532424043,16.770319707332604,29109.466666666664,High
"Rice (milled, local)",2020-02-01,28825.0,-1.8402609874205722,11.057599691774222,28903.63333333333,Moderate
Salt,2016-01-01,200.0,,,,
Salt,2017-07-01,160.0,-19.999999999999996,,180.0,
Salt,2017-08-01,409.44444444444446,155.90277777777777,,256.48148148148147,
Salt,2017-09-01,390.90909090909093,-4.5269520167756205,,320.1178451178451,
Salt,2017-10-01,266.05263157894734,-31.940024479804173,,355.4687223108276,
Salt,2017-11-01,695.7894736842105,161.52324431256187,,450.91706539074966,
Salt,2017-12-01,342.63157894736844,-50.75642965204236,,434.82456140350877,
Salt,2018-01-01,352.36842105263156,2.841781874039917,,463.59649122807014,
Salt,2018-02-01,282.63157894736844,-19.790888722927548,,325.87719298245617,
Salt,2018-03-01,296.05263157894734,4.748603351955283,,310.3508771929824,
Salt,2018-04-01,245.6578947368421,-17.022222222222215,,274.780701754386,
Salt,2018-05-01,282.10526315789474,14.836636314943764,,274.60526315789474,
Salt,2018-06-01,178.57368421052632,-36.69962686567164,-10.713157894736835,235.44561403508774,Low
Salt,2018-07-01,170.52631578947367,-4.5064693919655845,6.57894736842104,210.4017543859649,Moderate
Salt,2018-08-01,173.1578947368421,1.5432098765432167,-57.70906234378348,174.0859649122807,Low
Salt,2018-09-01,170.0,-1.823708206686936,-56.51162790697675,171.2280701754386,Low
Salt,2018-10-01,166.31578947368422,-2.1671826625386914,-37.48763600395647,169.8245614035088,Low
Salt,2018-11-01,174.07894736842104,4.667721518987333,-74.98108925869894,170.1315789473684,Low
Salt,2018-12-01,179.7157894736842,3.23809523809524,-47.548387096774206,173.37017543859648,Low
Salt,2019-01-01,188.85789473684213,5.086979441223005,-46.40328603435398,180.8842105263158,Low
Salt,2019-02-01,167.76315789473685,-11.169634645932625,-40.64245810055866,178.77894736842106,Low
Salt,2019-03-01,170.0,1.3333333333333197,-42.57777777777777,175.540350877193,Low
Salt,2019-04-01,167.91666666666666,-1.2254901960784381,-31.646134618818078,168.55994152046785,Low
Salt,2019-05-01,165.52631578947367,-1.4235340211571135,-41.32462686567165,167.8143274853801,Low
Salt,2019-06-01,162.89473684210526,-1.5898251192368762,-8.78009961979428,165.44590643274853,Low
Salt,2019-07-01,161.12105263157895,-1.0888529886914355,-5.515432098765427,163.18070175438595,Low
Salt,2019-08-01,162.9842105263158,1.1563714761702482,-5.875379939209724,162.33333333333334,Low
Salt,2019-09-01,165.11111111111111,1.3049733946172148,-2.875816993464053,163.07212475633528,Low
Salt,2019-10-01,170.2736842105263,3.1267266416377337,2.3797468354430196,166.12300194931774,Low
Salt,2019-11-01,174.29473684210527,2.361523244312558,0.12396069538926913,169.89317738791422,Low
Salt,2019-12-01,166.70000000000002,-4.357410315255461,-7.242429567152797,170.42280701754387,Low
Salt,2020-01-01,169.48947368421054,1.6733495406181964,-10.255552768720566,170.16140350877194,Low
Salt,2020-02-01,150.39473684210526,-11.266031115113506,-10.352941176470598,162.19473684210527,Low
Salt,2020-03-01,103.125,-31.430446194225723,-39.33823529411765,141.00307017543858,Low
Salt,2020-04-01,97.6875,-5.272727272727273,-41.82382133995037,117.06907894736842,Low
Salt,2020-05-01,157.5,61.22840690978886,-4.84896661367249,119.4375,Low
Salt,2020-06-01,157.89473684210526,0.25062656641603454,-3.0694668820678506,137.6940789473684,Low
Salt,2020-07-01,140.8,-10.826666666666663,-12.612288896873869,152.06491228070175,Low
Salt,2020-08-01,153.47368421052633,9.001196172248815,-5.835243969386761,150.7228070175439,Low
Salt,2020-09-01,152.21052631578948,-0.8230452674897193,-7.813274775093859,148.8280701754386,Low
Salt,2020-10-01,170.21052631578948,11.82572614107884,-0.037091988130555364,158.63157894736844,Low
Salt,2020-11-01,156.73684210526315,-7.915893630179349,-10.073680396183116,159.71929824561403,Low
Salt,2020-12-01,154.71052631578948,-1.2928139691067764,-7.19224576137405,160.55263157894737,Low
Salt,2021-01-01,154.68421052631578,-0.01700969552645981,-8.73521100518586,155.37719298245614,Low
Salt,2021-02-01,154.89473684210526,0.13610071452876404,2.9921259842519587,154.76315789473685,Low
Salt,2021-03-01,158.89473684210526,2.582398912674133,54.079744816586924,156.1578947368421,Critical
Salt,2021-04-01,120.75,-24.006293474660477,23.608445297504787,144.84649122807016,High
Salt,2021-05-01,182.78947368421052,51.37844611528821,16.056808688387637,154.14473684210526,High
Salt,2021-06-01,190.58823529411765,4.266526650971358,20.705882352941174,164.7092363261094,High
Salt,2021-07-01,185.2941176470588,-2.77777777777779,31.600935828877,186.22394220846232,Critical
Salt,2021-08-01,215.7058823529412,16.412698412698433,40.54910029855563,197.19607843137257,Critical
Salt,2021-09-01,244.7941176470588,13.485137714753193,60.82601090228621,215.26470588235293,Critical
Salt,2021-10-01,220.58823529411765,-9.888261444190793,29.59729346283968,227.02941176470588,High
Salt,2021-11-01,184.7058823529412,-16.266666666666662,17.8445857859598,216.6960784313725,High
Salt,2021-12-01,189.7058823529412,2.7070063694267565,22.619893339203358,198.33333333333334,High
Salt,2022-01-01,198.88235294117646,4.8372093023255625,28.573144126653727,191.09803921568627,High
Salt,2022-02-01,200.76470588235293,0.946465542738828,29.61363954348304,196.45098039215688,High
Salt,2022-03-01,196.41176470588235,-2.168180486375615,23.611246419733845,198.6862745098039,High
Salt,2022-04-01,194.47058823529412,-0.9883198562443796,61.05224698575083,197.2156862745098,Critical
Salt,2022-05-01,246.05882352941177,26.52752571082879,34.61323487068309,212.31372549019605,Critical
Salt,2023-02-01,77.5,-68.50346641166627,-59.336419753086425,172.67647058823528,Low
Salt,2023-03-01,77.8125,0.40322580645162365,-58.00595238095239,133.79044117647058,Low
Salt,2023-04-01,80.25,3.1325301204819356,-62.796563948731944,78.52083333333333,Low
Salt,2023-05-01,85.625,6.697819314641751,-65.02162681725339,81.22916666666667,Low
Salt,2023-06-01,80.05266666666667,-6.5078345498783445,-63.70945777777778,81.97588888888889,Low
Salt,2023-07-01,72.40115384615385,-9.558098610722299,-60.80192307692308,79.35960683760685,Low
Salt,2023-08-01,72.5024,0.13984052527848956,-61.78168062015504,74.98540683760683,Low
Salt,2023-09-01,78.29321428571428,7.987065649846481,-60.63340305066125,74.39892271062271,Low
Salt,2023-10-01,88.40870967741935,12.920015462375488,-55.96401803351512,79.73477465437789,Low
Salt,2023-11-01,75.07666666666667,-15.08001084892866,-61.775881002296096,80.59286354326677,Low
Salt,2023-12-01,86.125,14.716068019357987,-55.713097398669085,83.20345878136202,Low
Salt,2024-01-01,109.34559999999999,26.96150943396225,-55.56119531436769,90.18242222222221,Low
Salt,2024-02-01,103.52950000000001,-5.319006891909672,33.58645161290323,99.6667,Critical
Salt,2024-03-01,111.51578947368422,7.714023030811701,43.31346438385122,108.13029649122808,Critical
Salt,2024-04-01,97.43454545454546,-12.627130279575072,21.413763806287168,104.15994497607657,High
Salt,2024-05-01,102.97631578947369,5.687685316409197,20.26431041106416,103.97555023923445,High
Salt,2024-06-01,101.0215,-1.8983159132145877,26.19379741670067,100.47745374800638,High
Salt,2024-07-01,108.53,7.432576233772026,49.9009259308447,104.17593859649124,Critical
Salt,2024-08-01,114.048,5.08430848613286,57.302378955731136,107.86650000000002,Critical
Salt,2024-09-01,123.7,8.463103254769933,57.99581244497563,115.426,Critical
Salt,2024-10-01,127.84333333333333,3.349501482080308,44.60490804559956,121.86377777777778,Critical
Salt,2024-11-01,140.44692307692307,9.858621028542537,87.07133562614626,130.6634188034188,Critical
Salt,2024-12-01,148.377,5.646315881718267,72.28098693759073,138.88908547008546,Critical
Salt,2025-01-01,143.77272727272728,-3.103090591717539,31.484693735026646,144.19888344988343,Critical
Salt,2025-02-01,143.59879999999998,-0.12097375908949326,38.70326815062371,145.2495090909091,Critical
Salt,2025-03-01,132.38533333333334,-7.808886053829589,18.714429551318347,139.91895353535355,High
Salt,2025-04-01,135.06047619047618,2.0207244940095404,38.616622636664054,137.01486984126984,Critical
Salt,2025-05-01,283.1487096774194,109.64586951262775,174.9648863494911,183.53150640040963,Critical
Salt,2025-06-01,256.66703703703706,-9.35256694990837,154.0716946759225,224.95874096831085,Critical
Salt,2025-07-01,261.9705263157895,2.0662915425275985,141.38074847119645,267.262091010082,Critical
Salt,2025-08-01,264.2725,0.8787147610016088,131.72041596520762,260.9700211176089,Critical
Salt,2025-09-01,285.01969696969695,7.850683279454729,130.41204282109695,270.42090776182886,Critical
Salt,2025-10-01,256.91972972972974,-9.858956254154872,100.96451103934223,268.73730889980885,Critical
Salt,2025-11-01,253.5894736842105,-1.2962243300748244,80.55893865707475,265.1763001278791,Critical
Salt,2025-12-01,247.64878787878789,-2.3426389585951113,66.90510515699056,252.7193304309094,Critical
Salt,2026-01-01,258.7371875,4.477469773298215,79.9626343661081,253.32514968766614,Critical
Salt,2026-02-01,260.5657142857143,0.7067120128274151,81.45396360256099,255.65056322150076,Critical
Salt,2026-03-01,264.6711111111111,1.575570614365307,99.92479865174724,261.32467096560845,Critical
Salt,2026-04-01,500.0,88.91370421991236,270.2045291879828,341.7456084656085,Critical
Seasoning (maggi cube),2025-12-01,1500.0,,,,
Seasoning (maggi cube),2026-01-01,1545.01625,3.001083333333332,,1522.5081249999998,
Seasoning (maggi cube),2026-02-01,1577.7478571428571,2.118528341877135,,1540.921369047619,
Seasoning (maggi cube),2026-03-01,1571.071851851852,-0.4231351201512412,,1564.6119863315696,
Seasoning (maggi cube),2026-04-01,1600.0,1.8413001362127313,,1582.9399029982367,
Sorghum,2002-01-01,148.555,,,,
Sorghum,2002-02-01,159.15,7.132038638887961,,153.85250000000002,
Sorghum,2002-03-01,173.12,8.777882500785417,,160.275,
Sorghum,2002-04-01,185.185,6.96915434380776,,172.485,
Sorghum,2002-05-01,190.69,2.9727029727029786,,182.99833333333333,
Sorghum,2002-06-01,202.395,6.138234831401768,,192.75666666666666,
Sorghum,2002-07-01,230.0,13.63917092813558,,207.69500000000002,
Sorghum,2002-08-01,211.96,-7.8434782608695635,,214.785,
Sorghum,2002-09-01,146.99,-30.6520098131723,,196.3166666666667,
Sorghum,2002-10-01,116.555,-20.705490169399276,,158.50166666666667,
Sorghum,2002-11-01,95.25333333333333,-18.276064232908652,,119.59944444444443,
Sorghum,2002-12-01,97.46666666666665,2.3236282194848634,,103.09166666666665,
Sorghum,2003-01-01,112.46666666666665,15.389876880984964,-24.29291059428047,101.72888888888887,Low
Sorghum,2003-02-01,111.19666666666667,-1.1292234736217988,-30.13090375955597,107.04333333333334,Low
Sorghum,2003-03-01,103.39999999999999,-7.011601067178286,-40.272643253234754,109.02111111111111,Low
Sorghum,2003-04-01,105.025,1.5715667311412052,-43.28644328644329,106.54055555555556,Low
Sorghum,2003-05-01,104.59666666666668,-0.4078394033166677,-45.148321009666645,104.34055555555557,Low
Sorghum,2003-06-01,89.74000000000001,-14.20376685044138,-55.66096000395267,99.78722222222223,Low
Sorghum,2003-07-01,80.75,-10.017829284599966,-64.89130434782608,91.69555555555557,Low
Sorghum,2003-08-01,76.57666666666667,-5.168214654282766,-63.87211423539032,82.35555555555555,Low
Sorghum,2003-09-01,74.67,-2.4898794236712707,-49.20062589291789,77.33222222222223,Low
Sorghum,2003-10-01,70.67,-5.356903709655814,-39.3676804941873,73.97222222222221,Low
Sorghum,2003-11-01,72.56333333333333,2.6791189094854007,-23.820688689809632,72.63444444444444,Low
Sorghum,2003-12-01,75.08,3.468234645596957,-22.96853625170998,72.77111111111111,Low
Sorghum,2005-01-01,139.905,86.34123601491743,24.396858328393623,95.84944444444444,High
Sorghum,2005-02-01,154.04666666666665,10.108049509786387,38.53532779759583,123.01055555555554,Critical
Sorghum,2005-03-01,158.05666666666664,2.6031072835071667,52.85944551901998,150.66944444444445,Critical
Sorghum,2005-04-01,175.76999999999998,11.206951093489682,67.3601523446798,162.62444444444444,Critical
Sorghum,2005-05-01,177.65,1.069579564203238,69.84288855604066,170.49222222222218,Critical
Sorghum,2005-06-01,220.89666666666668,24.34374706820528,146.15184607384296,191.43888888888887,Critical
Sorghum,2005-07-01,256.26,16.008993647104973,217.3498452012384,218.26888888888888,Critical
Sorghum,2005-08-01,238.03333333333333,-7.112567964827388,210.843163713925,238.39666666666668,Critical
Sorghum,2005-09-01,145.50333333333333,-38.872706903794985,94.86183652515511,213.26555555555555,Critical
Sorghum,2005-10-01,119.985,-17.53797163867953,69.78208575067212,167.84055555555554,Critical
Sorghum,2005-11-01,117.16333333333334,-2.3516828492450403,61.4635490835592,127.55055555555556,Critical
Sorghum,2005-12-01,119.07666666666667,1.6330478818743055,58.59971585863968,118.74166666666667,Critical
Sorghum,2006-01-01,136.36,14.51445847213282,-2.533862263678921,124.2,Low
Sorghum,2006-02-01,147.61,8.250220005866815,-4.178387501622871,134.34888888888892,Low
Sorghum,2006-03-01,125.28333333333335,-15.125443172323461,-20.735179366050126,136.4177777777778,Low
Sorghum,2006-04-01,132.565,5.812159106026327,-24.580417591170278,135.1527777777778,Low
Sorghum,2006-05-01,129.71333333333334,-2.1511459787022624,-26.983769584388785,129.18722222222223,Low
Sorghum,2006-06-01,127.06,-2.045536310839291,-42.479892559115115,129.77944444444447,Low
Sorghum,2007-01-01,93.03,-26.782622383126085,-63.6970264575041,116.60111111111111,Low
Sorghum,2007-02-01,104.59666666666668,12.433265254935687,-56.0579750735191,108.22888888888889,Low
Sorghum,2007-03-01,101.40333333333332,-3.052997227445131,-30.308583995784755,99.67666666666666,Low
Sorghum,2007-04-01,109.805,8.285394957430746,-8.484393882568654,105.26833333333333,Low
Sorghum,2008-01-01,140.29,27.762852329128897,19.738826140146216,117.1661111111111,High
Sorghum,2008-02-01,150.1575,7.03364459334237,26.10153122638077,133.4175,High
Sorghum,2008-03-01,163.23499999999999,8.709188685213842,19.70885890290406,151.2275,High
Sorghum,2008-04-01,157.59,-3.4582044291971537,6.761059548811055,156.99416666666667,Moderate
Sorghum,2008-05-01,174.695,10.8541151088267,39.439936144738574,165.17333333333332,Critical
Sorghum,2008-06-01,185.9875,6.464123186124393,40.29909855542566,172.75750000000002,Critical
Sorghum,2008-07-01,205.67000000000002,10.582700450299075,58.55733155162668,188.78416666666666,Critical
Sorghum,2008-08-01,186.875,-9.138425633296066,47.07618447977333,192.84416666666667,Critical
Sorghum,2008-09-01,158.385,-15.245484949832777,70.2515317639471,183.64333333333335,Critical
Sorghum,2008-10-01,145.02,-8.438299081352385,38.64686573823257,163.42666666666665,Critical
Sorghum,2008-11-01,155.5,7.226589435939856,53.348016173038374,152.96833333333333,Critical
Sorghum,2008-12-01,148.5,-4.5016077170418,35.23974318109375,149.67333333333332,Critical
Sorghum,2009-01-01,142.81199999999998,-3.8303030303030394,1.7977047544372349,148.93733333333333,Low
Sorghum,2009-02-01,138.606,-2.945130661288964,-7.692922431446981,143.306,Low
Sorghum,2009-07-01,177.4,27.988687358411624,8.677673293105048,152.93933333333334,Moderate
Sorghum,2009-08-01,164.56199999999998,-7.236753100338234,4.424138587473814,160.18933333333334,Low
Sorghum,2009-09-01,147.804,-10.183395923724792,-15.393113712470296,163.2553333333333,Low
Sorghum,2009-10-01,134.124,-9.255500527725912,-27.8854761744741,148.83,Low
Sorghum,2009-11-01,138.376,3.170200709790949,-32.71940487188214,140.10133333333332,Low
Sorghum,2009-12-01,149.88,8.313580389662945,-19.796655518394644,140.79333333333332,Low
Sorghum,2010-01-01,149.01,-0.5804643714972024,-5.919121128894778,145.7553333333333,Low
Sorghum,2010-02-01,142.548,-4.336621703241383,-1.7045924700041404,147.146,Low
Sorghum,2010-03-01,144.562,1.4128574234643754,-7.034083601286167,145.37333333333333,Low
Sorghum,2010-04-01,160.262,10.860392080906456,7.920538720538728,149.12400000000002,Moderate
Sorghum,2010-05-01,160.375,0.07050954062721715,12.297986163627716,155.06633333333335,Moderate
Sorghum,2010-06-01,180.908,12.80311769290725,30.519602326017626,167.18166666666667,Critical
Sorghum,2010-07-01,178.476,-1.3443297145510402,0.6065388951521866,173.25300000000001,Low
Sorghum,2010-08-01,173.14600000000002,-2.986395929984975,5.216271071085687,177.51,Moderate
Sorghum,2010-09-01,136.26399999999998,-21.30109849491183,-7.807637141078738,162.62866666666665,Low
Sorghum,2010-10-01,135.374,-0.6531438971408399,0.9319733977513289,148.26133333333334,Low
Sorghum,2010-11-01,137.044,1.2336194542526657,-0.9625946695958842,136.22733333333335,Low
Sorghum,2010-12-01,143.108,4.424856250547271,-4.5182812917000215,138.50866666666664,Low
Sorghum,2011-01-01,146.06199999999998,2.0641753081588554,-1.9783907120327515,142.07133333333334,Low
Sorghum,2011-02-01,141.12800000000001,-3.3780175541892943,-0.9961556808934402,143.43266666666668,Low
Sorghum,2011-03-01,140.58200000000002,-0.386882829771551,-2.753143979745709,142.5906666666667,Low
Sorghum,2011-04-01,144.878,3.0558677497830145,-9.59928117707255,142.196,Low
Sorghum,2011-05-01,152.49,5.254075843123207,-4.916601714731095,145.98333333333335,Low
Sorghum,2011-06-01,152.74200000000002,0.16525673814677955,-15.569239613505193,150.03666666666666,Low
Sorghum,2011-07-01,152.228,-0.336515169370577,-14.706739281472014,152.48666666666668,Low
Sorghum,2011-08-01,151.86599999999999,-0.23780119294743995,-12.290205953357303,152.27866666666668,Low
Sorghum,2011-09-01,141.232,-7.002225646293436,3.645863911231162,148.442,Low
Sorghum,2011-10-01,140.352,-0.6230882519542291,3.6772201456705123,144.48333333333332,Low
Sorghum,2011-11-01,153.904,9.655722754217955,12.302618137240584,145.16266666666667,Moderate
Sorghum,2011-12-01,163.51,6.24155317600581,14.256365821617223,152.58866666666665,Moderate
Sorghum,2012-01-01,164.572,0.6495015595376463,12.672700633977364,160.662,Moderate
Sorghum,2012-02-01,166.794,1.350168923024575,18.186327305708282,164.95866666666666,High
Sorghum,2012-03-01,162.11999999999998,-2.802259074067437,15.320595808851746,164.49533333333332,High
Sorghum,2012-04-01,173.178,6.8208734270910565,19.53367661066554,167.364,High
Sorghum,2012-05-01,190.626,10.075182759934865,25.008853039543567,175.308,High
Sorghum,2012-07-01,201.804,5.863838091341167,32.120831205562304,188.53599999999997,Critical
Sorghum,2012-08-01,209.38600000000002,3.757110860042423,37.54762592952676,200.60533333333333,Critical
Sorghum,2012-09-01,218.94400000000002,4.564775104352714,44.169201796320465,210.04466666666667,Critical
Sorghum,2012-10-01,179.01,-18.23936714410992,26.74889543446244,202.4466666666667,High
Sorghum,2012-11-01,179.006,-0.0022345120384237305,27.540754673962596,192.32000000000002,High
Sorghum,2012-12-01,170.246,-4.8936907142777315,10.618307516373848,176.0873333333333,Moderate
Sorghum,2013-01-01,177.6,4.319631591931672,8.617209956577575,175.61733333333333,Moderate
Sorghum,2013-02-01,182.75,2.899774774774788,11.04562136937024,176.86533333333333,Moderate
Sorghum,2013-03-01,194.788,6.587140902872779,16.783577346906963,185.04600000000002,High
Sorghum,2013-04-01,199.362,2.348193933917897,22.9718726868986,192.29999999999998,High
Sorghum,2013-05-01,199.308,-0.027086405633969246,15.088521636697493,197.81933333333333,High
Sorghum,2013-06-01,213.714,7.228008910831485,12.111674168266662,204.12800000000001,Moderate
Sorghum,2013-07-01,227.294,6.354286569901846,12.63106776872609,213.43866666666668,Moderate
Sorghum,2013-08-01,222.31799999999998,-2.189235087595809,6.176153133447304,221.10866666666666,Moderate
Sorghum,2013-09-01,206.544,-7.095241950719233,-5.663548669979546,218.71866666666665,Low
Sorghum,2013-10-01,177.35399999999998,-14.132581919590992,-0.9250879839115211,202.072,Low
Sorghum,2013-11-01,176.678,-0.3811585867812384,-1.3005150665340803,186.85866666666666,Low
Sorghum,2013-12-01,172.608,-2.3036258051370218,1.3874041093476563,175.54666666666665,Low
Sorghum,2014-01-01,176.35399999999998,2.170235446792712,-0.7015765765765791,175.21333333333334,Low
Sorghum,2014-02-01,173.376,-1.688648967417794,-5.129411764705882,174.11266666666666,Low
Sorghum,2014-03-01,173.382,0.003460686600220697,-10.989383329568557,174.37066666666666,Low
Sorghum,2014-04-01,168.996,-2.5296743606602723,-15.231588768170457,171.918,Low
Sorghum,2014-05-01,170.124,0.6674714194418785,-14.64266361611175,170.83400000000003,Low
Sorghum,2014-06-01,170.398,0.1610589922644623,-20.2682089147178,169.83933333333331,Low
Sorghum,2014-07-01,166.106,-2.5188089062078256,-26.920200269254803,168.876,Low
Sorghum,2014-08-01,161.068,-3.0330030221665583,-27.550625680331763,165.85733333333334,Low
Sorghum,2014-09-01,156.932,-2.5678595375866253,-24.02006352157411,161.36866666666666,Low
Sorghum,2014-10-01,150.32999999999998,-4.206917645859354,-15.237321966237015,156.10999999999999,Low
Sorghum,2015-01-01,115.74000000000001,-23.00937936539611,-34.490994917307184,141.00066666666666,Low
Sorghum,2015-02-01,114.2225,-1.3111283912217164,-33.82548896922507,126.76416666666667,Low
Sorghum,2015-03-01,118.41499999999999,3.670467727461757,-32.85380541411026,116.12583333333333,Low
Sorghum,2015-04-01,124.75,5.349828991259553,-28.046557770394987,119.12916666666666,Low
Sorghum,2015-05-01,130.0,4.208416833667328,-25.021051781615167,124.38833333333332,Low
Sorghum,2015-06-01,144.6,11.230769230769223,-14.435844635375993,133.11666666666667,Low
Sorghum,2015-07-01,127.5,-11.82572614107883,-25.054666008323334,134.03333333333333,Low
Sorghum,2015-08-01,130.75,2.549019607843128,-23.267878730971013,134.28333333333333,Low
Sorghum,2015-09-01,131.5,0.5736137667303964,-20.833684514707475,129.91666666666666,Low
Sorghum,2015-10-01,115.33333333333333,-12.29404309252219,-28.394632494764128,125.8611111111111,Low
Sorghum,2015-12-01,117.25,1.6618497109826658,-25.286111181913185,121.3611111111111,Low
Sorghum,2016-01-01,521.5,344.77611940298505,246.90347901283846,251.3611111111111,Critical
Sorghum,2016-02-01,127.66666666666667,-75.51933525087887,10.304705950118077,255.47222222222217,Moderate
Sorghum,2016-03-01,128.33333333333334,0.5221932114882533,12.353812369133355,259.16666666666663,Moderate
Sorghum,2016-04-01,136.0,5.974025974025965,14.85031457163366,130.66666666666663,Moderate
Sorghum,2016-05-01,125.5,-7.720588235294112,0.6012024048096087,129.9444444444444,Low
Sorghum,2016-06-01,134.5,7.17131474103585,3.4615384615384714,131.99999999999997,Low
Sorghum,2016-07-01,143.0,6.3197026022304925,-1.1065006915629283,134.3333333333333,Low
Sorghum,2016-08-01,191.0,33.56643356643356,49.80392156862745,156.16666666666663,Critical
Sorghum,2016-09-01,194.75,1.963350785340312,48.94837476099427,176.24999999999997,Critical
Sorghum,2016-10-01,194.75,0.0,48.09885931558935,193.49999999999997,Critical
Sorghum,2016-11-01,320.9166666666667,64.78391099700471,178.25144508670525,236.80555555555551,Critical
Sorghum,2016-12-01,423.375,31.926772266943647,261.08742004264394,313.01388888888886,Critical
Sorghum,2017-01-01,357.1666666666667,-15.638224584194461,-31.51166506871205,367.15277777777777,Low
Sorghum,2017-02-01,395.2631578947368,10.66630645676252,209.60560670606014,391.9349415204678,Critical
Sorghum,2017-03-01,366.25,-7.340213049267641,185.38961038961034,372.89327485380113,Critical
Sorghum,2017-04-01,488.5882352941176,33.40293113832562,259.25605536332176,416.70046439628476,Critical
Sorghum,2017-05-01,440.29411764705884,-9.884420900553813,250.8319662526365,431.71078431372547,Critical
Sorghum,2017-06-01,435.1764705882353,-1.1623246492985961,223.55127924775857,454.6862745098039,Critical
Sorghum,2017-07-01,634.8823529411765,45.89078129224114,343.9736733854381,503.45098039215685,Critical
Sorghum,2017-08-01,783.7647058823529,23.45038450847772,310.34801355097017,617.9411764705882,Critical
Sorghum,2017-09-01,592.6315789473684,-24.386544265196164,204.30376325923928,670.4262125902992,Critical
Sorghum,2017-10-01,522.3684210526316,-11.856127886323275,168.22511992432942,632.9215686274509,Critical
Sorghum,2017-11-01,437.05263157894734,-16.33249370277078,36.18882313548086,517.3508771929825,Critical
Sorghum,2017-12-01,442.1578947368421,1.1681117533718588,4.436467608347705,467.19298245614027,Low
Sorghum,2018-01-01,517.2631578947369,16.986073086537324,44.824029275241294,465.4912280701754,Critical
Sorghum,2018-02-01,467.89473684210526,-9.544159544159548,18.375499334221047,475.77192982456137,High
Sorghum,2018-03-01,514.2631578947369,9.910011248593943,40.41314891323873,499.8070175438597,Critical
Sorghum,2018-04-01,466.36842105263156,-9.313273974004721,-4.547758753976194,482.8421052631579,Low
Sorghum,2018-05-01,451.6842105263158,-3.1486288229319426,2.5869282424498152,477.43859649122805,Low
Sorghum,2018-06-01,332.42105263157896,-26.404101608016774,-23.612356113316547,416.82456140350877,Low
Sorghum,2018-07-01,291.57894736842104,-12.286257124762512,-54.07354669449498,358.56140350877195,Low
Sorghum,2018-08-01,308.0,5.6317689530686055,-60.70249174422096,310.6666666666667,Low
Sorghum,2018-09-01,299.42105263157896,-2.785372522214624,-49.47602131438721,299.6666666666667,Low
Sorghum,2018-10-01,274.2631578947368,-8.40217964492882,-47.49622166246852,293.89473684210526,Low
Sorghum,2018-11-01,275.57894736842104,0.4797543657647285,-36.946050096339114,283.08771929824564,Low
Sorghum,2018-12-01,313.7368421052632,13.846447669977092,-29.04416140935602,287.859649122807,Low
Sorghum,2019-01-01,237.1578947368421,-24.408656265727235,-54.15140415140416,275.49122807017545,Low
Sorghum,2019-02-01,245.26315789473685,3.417665335108744,-47.58155230596175,265.3859649122807,Low
Sorghum,2019-03-01,238.47368421052633,-2.768240343347639,-53.62808310306008,240.2982456140351,Low
Sorghum,2019-04-01,237.83333333333334,-0.26852056205399766,-49.00312229620434,240.52339181286553,Low
Sorghum,2019-05-01,244.94736842105263,2.9911850403865348,-45.77021673269635,240.4181286549708,Low
Sorghum,2019-06-01,227.0,-7.327030511388055,-31.713109563014562,236.593567251462,Low
Sorghum,2019-07-01,238.73684210526315,5.17041502434501,-18.12274368231047,236.8947368421053,Low
Sorghum,2019-08-01,231.78947368421052,-2.910052910052907,-24.743677375256322,232.50877192982458,Low
Sorghum,2019-09-01,235.11111111111111,1.4330406700978848,-21.478096130934944,235.21247563352827,Low
Sorghum,2019-10-01,231.73684210526315,-1.4351805790468686,-15.505661101516022,232.87914230019496,Low
Sorghum,2019-11-01,234.1578947368421,1.0447422212128243,-15.030557677616496,233.66861598440548,Low
Sorghum,2019-12-01,235.52631578947367,0.5844009889862889,-24.9287032377118,233.80701754385964,Low
Sorghum,2020-01-01,233.26315789473685,-0.9608938547485901,-1.6422547714158853,234.3157894736842,Low
Sorghum,2020-02-01,225.78947368421052,-3.203971119133575,-7.939914163090133,231.52631578947367,Low
Sorghum,2020-03-01,264.25,17.03379953379953,10.808872213639376,241.10087719298244,Moderate
Sorghum,2020-04-01,280.0,5.96026490066226,17.729502452697954,256.67982456140345,High
Sorghum,2020-05-01,269.6842105263158,-3.68421052631579,10.09883970777825,271.3114035087719,Moderate
Sorghum,2020-06-01,303.7894736842105,12.646370023419195,33.82796197542313,284.4912280701754,Critical
Sorghum,2020-07-01,345.6666666666667,13.784938784938783,44.789829512051746,306.3801169590643,Critical
Sorghum,2020-08-01,407.4736842105263,17.880525808252546,75.79473206176203,352.3099415204678,Critical
Sorghum,2020-09-01,424.7368421052632,4.23663136140533,80.65366630186053,392.62573099415204,Critical
Sorghum,2020-10-01,231.73684210526315,-45.43990086741017,0.0,354.6491228070175,Low
Sorghum,2020-11-01,365.7368421052632,57.82421076538724,56.192402787143195,340.7368421052632,Critical
Sorghum,2020-12-01,368.89473684210526,0.8634335875665533,56.62569832402235,322.12280701754383,Critical
Sorghum,2021-01-01,396.7368421052632,7.547439006991019,70.0812274368231,377.1228070175439,Critical
Sorghum,2021-02-01,396.2631578947368,-0.119395065003991,75.5011655011655,387.29824561403507,Critical
Sorghum,2021-03-01,477.05263157894734,20.387833709656,80.53079719165461,423.3508771929824,Critical
Sorghum,2021-04-01,501.875,5.203276699029136,79.24107142857142,458.39692982456137,Critical
Sorghum,2021-05-01,497.7368421052632,-0.8245395556138124,84.56284153005467,492.22149122807014,Critical
Sorghum,2021-06-01,559.1176470588235,12.331979423893902,84.04773551832376,519.5764963880289,Critical
Sorghum,2021-07-01,567.8235294117648,1.557075223566562,64.26910204776222,541.5593395252837,Critical
Sorghum,2021-08-01,593.1764705882352,4.464933181394359,45.57417903870409,573.3725490196078,Critical
Sorghum,2021-09-01,602.3529411764706,1.5470051566838672,41.81791675778117,587.78431372549,Critical
Sorghum,2021-10-01,560.1176470588235,-7.011718750000007,141.70418564882232,585.2156862745097,Critical
Sorghum,2021-11-01,525.2352941176471,-6.227683259819361,43.61016820024888,562.5686274509803,Critical
Sorghum,2021-12-01,552.0,5.095755403740609,49.63618205164788,545.78431372549,Critical
Sorghum,2022-01-01,619.7647058823529,12.27621483375958,56.21556661932483,565.6666666666666,Critical
Sorghum,2022-02-01,642.6470588235294,3.692103264996205,62.17683779581695,604.8039215686273,Critical
Sorghum,2022-03-01,639.8823529411765,-0.43020594965674785,34.13244379834901,634.0980392156862,Critical
Sorghum,2022-04-01,634.2352941176471,-0.8825151682294474,26.3731594754963,638.9215686274509,High
Sorghum,2022-05-01,652.2352941176471,2.8380634390651194,31.04018809596376,642.1176470588235,Critical
Sorghum,2023-02-01,578.25,-11.343344155844159,3.421883219358235,621.5735294117646,Low
Sorghum,2023-03-01,581.875,0.6268914829226091,2.4746192893400965,604.1200980392156,Low
Sorghum,2023-04-01,668.0,14.801288936627287,12.614042046806828,609.3749999999999,Moderate
Sorghum,2023-05-01,725.3125,8.579715568862278,20.4132080078125,658.3958333333333,High
Sorghum,2023-06-01,791.3103448275862,9.099228929266513,41.27573894212313,728.2076149425287,Critical
Sorghum,2023-07-01,973.5092,23.02495555168207,85.34725501175942,830.0440149425286,Critical
Sorghum,2023-08-01,1241.6454166666667,27.543264785444933,124.93576388888891,1002.1549871647509,Critical
Sorghum,2023-09-01,1215.4911111111112,-2.1064230741309142,96.12138277229396,1143.5485759259261,Critical
Sorghum,2023-10-01,1151.0543333333333,-5.301295681123874,79.11142944317315,1202.730287037037,Critical
Sorghum,2023-11-01,1226.3505,6.541495434765188,91.65249586321016,1197.6319814814815,Critical
Sorghum,2023-12-01,1071.84875,-12.598498553227632,68.99859719903544,1149.7511944444443,Critical
Sorghum,2024-01-01,1393.4912,30.008193786669967,113.64854256854255,1230.5634833333334,Critical
Sorghum,2024-02-01,1371.1545,-1.6029308258279529,137.12140077821013,1278.8314833333334,Critical
Sorghum,2024-03-01,1646.2547368421053,20.063401815193348,182.92240375374527,1470.3001456140353,Critical
Sorghum,2024-04-01,1424.0872727272726,-13.495327250568822,113.1867174741426,1480.4988365231259,Critical
Sorghum,2024-05-01,1714.8926315789474,20.420473128360506,136.4350030612939,1595.0782137161084,Critical
Sorghum,2024-06-01,2007.9544999999998,17.089225472455528,153.75056867700886,1715.6448014354064,Critical
Sorghum,2024-07-01,2205.484,9.837349402090535,126.54988776685418,1976.1103771929822,Critical
Sorghum,2024-08-01,2447.458,10.971469301069515,97.11408483836468,2220.2988333333337,Critical
Sorghum,2024-09-01,2339.6159375,-4.406288585953256,92.48317952414295,2330.8526458333336,Critical
Sorghum,2024-10-01,2027.759090909091,-13.329403411576358,76.16536701937537,2271.6110094696974,Critical
Sorghum,2024-11-01,1995.6212500000001,-1.584894431156647,62.72845732113292,2120.9987594696972,Critical
Sorghum,2024-12-01,1771.6503333333335,-11.223117446091868,65.28921019251395,1931.6768914141414,Critical
Sorghum,2025-01-01,1635.04,-7.7109083413939405,17.334074302012105,1800.770527777778,High
Sorghum,2025-02-01,1530.6416,-6.385067031999214,11.631592209338915,1645.777311111111,Moderate
Sorghum,2025-03-01,1379.1100000000001,-9.899874666937036,-16.227424034906658,1514.9305333333334,Low
Sorghum,2025-04-01,1313.2642857142857,-4.774507782969772,-7.782036195067565,1407.671961904762,Low
Sorghum,2025-05-01,1327.9506451612904,1.1183095136876098,-22.563627558501388,1340.1083102918587,Low
Sorghum,2025-06-01,1312.0144444444445,-1.2000597141854086,-34.65915465492646,1317.7431251066735,Low
Sorghum,2025-07-01,1246.246842105263,-5.012719381075859,-43.49327212959771,1295.4039772369993,Low
Sorghum,2025-08-01,1061.96,-14.78734676622735,-56.60967420074216,1206.7404288499026,Low
Sorghum,2025-09-01,1023.9927272727273,-3.5752074209266627,-56.23244350237603,1110.7331897926636,Low
Sorghum,2025-10-01,939.4235135135135,-8.25877093721681,-53.671838152512066,1008.458746928747,Low
Sorghum,2025-11-01,903.6676315789474,-3.8061514769666016,-54.717477999447674,955.6946241217294,Low
Sorghum,2025-12-01,863.1967647058823,-4.478512393140798,-51.27724989152964,902.095969932781,Low
Sorghum,2026-01-01,756.298787878788,-12.383964027427485,-53.7443250392169,841.0543947212059,Low
Sorghum,2026-02-01,879.655,16.310513000714,-42.5303088587165,833.05018419489,Low
Sorghum,2026-03-01,904.6496296296297,2.8414127845154846,-34.40337394191692,846.8678058361393,Low
Sorghum,2026-04-01,800.0,-11.567973522796226,-39.08309175065404,861.43487654321,Low
Sorghum (brown),2014-05-01,60.51,,,,
Sorghum (brown),2014-07-01,5986.363636363636,9793.180691395863,,3023.436818181818,
Sorghum (brown),2014-08-01,5780.909090909091,-3.4320425208807848,,3942.594242424242,
Sorghum (brown),2014-09-01,5708.363636363636,-1.2549142947004266,,5825.212121212121,
Sorghum (brown),2014-10-01,5693.947272727272,-0.25254809529876576,,5727.740000000001,
Sorghum (brown),2014-11-01,5571.931818181818,-2.1428975138192974,,5658.080909090909,
Sorghum (brown),2014-12-01,5111.872727272727,-8.256725062712867,,5459.250606060606,
Sorghum (brown),2015-01-01,4363.553571428572,-14.638845600590633,,5015.786038961039,
Sorghum (brown),2015-02-01,4276.964285714285,-1.9843754475996511,,4584.130194805195,
Sorghum (brown),2015-03-01,4628.095,8.20981169888524,,4422.870952380953,
Sorghum (brown),2015-04-01,4906.071428571428,6.006281819440362,,4603.710238095238,
Sorghum (brown),2015-05-01,5036.428571428572,2.6570575817136177,,4856.865,
Sorghum (brown),2015-06-01,5294.545454545455,5.124998388365287,8649.868541638498,5079.015151515152,Critical
Sorghum (brown),2015-07-01,5060.727272727273,-4.416208791208797,-15.46241457858769,5130.5670995671,Low
Sorghum (brown),2015-08-01,4949.285714285715,-2.202085835411982,-14.385685080762922,5101.519480519481,Low
Sorghum (brown),2015-09-01,5394.857142857143,9.002742098426907,-5.492055402872054,5134.95670995671,Low
Sorghum (brown),2015-10-01,5631.785714285715,4.3917487554284484,-1.0917129271515669,5325.309523809524,Low
Sorghum (brown),2015-11-01,5867.5,4.185427103811268,5.304590785797325,5631.380952380953,Moderate
Sorghum (brown),2015-12-01,5433.2307692307695,-7.4012651174986015,6.286503187834502,5644.172161172161,Moderate
Sorghum (brown),2016-01-01,6053.333571428571,11.413150453861466,38.724859735061926,5784.688113553114,Critical
Sorghum (brown),2016-02-01,6786.428571428572,12.110599743919149,58.67395933363952,6090.997637362638,Critical
Sorghum (brown),2016-03-01,7330.571428571428,8.018103357541317,58.39284691803923,6723.444523809524,Critical
Sorghum (brown),2016-04-01,7915.178571428572,7.974919125384883,61.33435247870715,7344.059523809524,Critical
Sorghum (brown),2016-05-01,9075.714285714286,14.662154540327133,80.20138987377679,8107.154761904762,Critical
Sorghum (brown),2016-06-01,10179.714285714286,12.164331811742478,92.26795525902669,9056.869047619048,Critical
Sorghum (brown),2016-07-01,10772.5,5.823205815487387,112.86466192426529,10009.309523809525,Critical
Sorghum (brown),2016-08-01,14321.57142857143,32.9456619036568,189.36643094241595,11757.928571428572,Critical
Sorghum (brown),2016-09-01,15833.92857142857,10.559994414020801,193.50042368393176,13642.666666666666,Critical
Sorghum (brown),2016-10-01,16457.14285714286,3.9359422578098657,192.21891052064177,15537.547619047618,Critical
Sorghum (brown),2016-11-01,15939.42857142857,-3.1458333333333477,171.65621766388705,16076.833333333334,Critical
Sorghum (brown),2016-12-01,13138.214285714286,-17.574119882411978,141.81218953772472,15178.261904761906,Critical
Sorghum (brown),2017-01-01,14182.5,7.948460053823347,134.29239166565483,14420.047619047618,Critical
Sorghum (brown),2017-02-01,14098.653846153846,-0.5911944568739891,107.74776744148386,13806.456043956045,Critical
Sorghum (brown),2017-03-01,15914.923076923076,12.882571985868818,117.10344455404282,14732.02564102564,Critical
Sorghum (brown),2017-04-01,16247.57142857143,2.0901662549076327,105.2710659898477,15420.382783882786,Critical
Sorghum (brown),2017-05-01,16662.133333333335,2.5515315109364334,83.59032478094339,16274.875946275948,Critical
Sorghum (brown),2017-06-01,16631.466666666667,-0.1840500616167695,63.378521242059364,16513.72380952381,Critical
Sorghum (brown),2017-07-01,16896.333333333332,1.5925634940995304,56.846909569118885,16729.977777777778,Critical
Sorghum (brown),2017-08-01,17363.2,2.7631241492237057,21.238092388105855,16963.666666666668,High
Sorghum (brown),2017-09-01,15609.076923076924,-10.102533386259893,-1.4200622879995795,16622.870085470084,Low
Sorghum (brown),2017-10-01,14156.916666666666,-9.303306425912606,-13.97706886574075,15709.731196581197,Low
Sorghum (brown),2017-11-01,12429.666666666666,-12.200749927891552,-22.019370951937102,14065.220085470086,Low
Sorghum (brown),2017-12-01,11192.083333333334,-9.956689640376503,-14.812750881198976,12592.88888888889,Low
Sorghum (brown),2018-01-01,120.84333333333332,-98.92027847064517,-99.14794053704684,7914.197777777778,Low
Sorghum (brown),2018-02-01,11312.563846153846,9261.34707154209,-19.761390203647377,7541.830170940171,Low
Sorghum (brown),2018-03-01,11361.538461538461,0.43292233352800746,-28.61078619969646,7598.315213675213,Low
Sorghum (brown),2018-04-01,11793.076923076924,3.7982396750169345,-27.416371271716688,11489.059743589743,Low
Sorghum (brown),2018-05-01,11829.214285714286,0.30642861801950527,-29.005403755535795,11661.276556776555,Low
Sorghum (brown),2018-07-01,11673.1,-1.3197350385546702,-29.813165405336072,11765.130402930403,Low
Sorghum (brown),2018-08-01,11176.28,-4.256110202088559,-33.85381443705734,11559.531428571428,Low
Sorghum (brown),2018-09-01,11279.5,0.9235631176026216,-35.037896240324365,11376.293333333335,Low
Sorghum (brown),2018-10-01,10404.088666666667,-7.761082790312813,-33.34590688521144,10953.289555555557,Low
Sorghum (brown),2018-11-01,9515.690666666665,-8.538931457267484,-32.784158509091554,10399.759777777777,Low
Sorghum (brown),2018-12-01,8353.816666666668,-12.210085853988783,-32.79130574700313,9424.532,Low
Sorghum (brown),2019-01-01,3705.6457142857143,-55.641285149673536,-66.89047424040164,7191.717682539682,Low
Sorghum (brown),2019-02-01,4201.996,13.394434438262536,3377.2261605936064,5420.486126984128,Critical
Sorghum (brown),2019-03-01,4256.506,1.2972406446841056,-62.37363998217638,4054.7159047619048,Low
Sorghum (brown),2019-04-01,4158.744333333333,-2.296758577731761,-63.39629225908373,4205.748777777778,Low
Sorghum (brown),2019-05-01,3531.8185714285714,-15.074881061569512,-70.05176346711146,3982.356301587302,Low
Sorghum (brown),2019-06-01,3156.3414285714284,-10.631269281345556,-73.3174042473537,3615.6347777777773,Low
Sorghum (brown),2019-07-01,6505.714285714285,106.11567008638842,-44.2674672048189,4397.958095238096,Low
Sorghum (brown),2019-08-01,3537.2196666666664,-45.62903454838237,-68.35065275148202,4399.75846031746,Low
Sorghum (brown),2019-09-01,3712.3929999999996,4.952288798575233,-67.08725564076423,4585.108984126983,Low
Sorghum (brown),2019-10-01,4034.972666666667,8.689265028424176,-61.21743291563644,3761.528444444444,Low
Sorghum (brown),2019-11-01,8191.833333333333,103.02078874057634,-13.912362010366586,5313.066333333333,Low
Sorghum (brown),2019-12-01,7879.886666666667,-3.8080201827022764,-5.673215236947582,6702.23088888889,Low
Sorghum (brown),2020-01-01,4029.009,-48.869708785997766,8.726233176249988,6700.2429999999995,Moderate
Sorghum (brown),2020-02-01,4189.977,3.995225624961374,-0.28603073396548107,5366.290888888889,Low
Sorghum (brown),2020-03-01,4826.92275862069,15.201652863982073,13.401056139018475,4348.6362528735635,Moderate
Sorghum (brown),2020-04-01,5202.352666666667,7.777831277193625,25.09431332358094,4739.7508084291185,High
Sorghum (brown),2020-05-01,5486.391071428572,5.459806802061706,55.341815001822226,5171.888832238644,Critical
Sorghum (brown),2020-06-01,6737.927333333334,22.811648779876002,113.47270204487808,5808.890357142857,Critical
Sorghum (brown),2020-07-01,8101.521333333334,20.237588393898776,24.529313424096056,6775.279912698414,High
Sorghum (brown),2020-08-01,9193.437,13.47790892278502,159.9057414114042,8010.96188888889,Critical
Sorghum (brown),2020-09-01,10272.078,11.73272846705753,176.6969445314653,9189.012111111111,Critical
Sorghum (brown),2020-10-01,9796.728666666666,-4.62758687515159,142.7954158797275,9754.081222222221,Critical
Sorghum (brown),2020-11-01,9377.269333333334,-4.281626526623539,14.47094870908019,9815.358666666665,Moderate
Sorghum (brown),2020-12-01,8370.899,-10.732019072503274,6.2312106011676915,9181.632333333333,Moderate
Sorghum (brown),2021-01-01,8925.671333333334,6.627392509852692,121.53515500544509,8891.279888888888,Critical
Sorghum (brown),2021-02-01,9348.298999999999,4.73496783472569,123.11098605075874,8881.62311111111,Critical
Sorghum (brown),2021-03-01,10139.8346875,8.467162715912302,110.06830219917364,9471.268340277777,Critical
Sorghum (brown),2021-04-01,10184.55875,0.4410728959431065,95.7683264200082,9890.897479166668,Critical
Sorghum (brown),2021-05-01,10204.165625,0.1925157042272474,85.99048978006942,10176.186354166666,Critical
Sorghum (brown),2021-06-01,11610.971562499999,13.78658470667462,72.32259993453968,10666.565312499999,Critical
Sorghum (brown),2021-07-01,12708.32625,9.451015202243118,56.86345474043475,11507.821145833332,Critical
Sorghum (brown),2021-08-01,12532.1721875,-1.3861311004665144,36.31650695490707,12283.823333333334,Critical
Sorghum (brown),2021-09-01,12307.3034375,-1.794331793687698,19.813181300804004,12515.933958333335,High
Sorghum (brown),2021-10-01,11724.3721875,-4.736466058225453,19.676400014957384,12187.949270833335,High
Sorghum (brown),2021-11-01,11073.6853125,-5.549865396577336,18.090724696756055,11701.786979166667,High
Sorghum (brown),2021-12-01,10882.18625,-1.7293164569507358,30.00020965490089,11226.747916666667,Critical
Sorghum (brown),2022-01-01,11528.4703125,5.938917490040185,29.16082031215279,11161.447291666665,High
Sorghum (brown),2022-02-01,11528.4703125,0.0,23.321583022751003,11313.042291666667,High
Sorghum (brown),2022-03-01,11544.879687499999,0.14233783455388505,13.856685471727491,11533.940104166666,Moderate
Sorghum (brown),2022-04-01,11515.1853125,-0.25720818062876516,13.065137088045176,11529.511770833333,Moderate
Sorghum (brown),2022-05-01,11187.0384375,-2.849688182124077,9.6320742784886,11415.70114583333,Moderate
Sorghum (brown),2022-06-01,11411.811562500001,2.009228146088615,-1.715274203609507,11371.345104166665,Low
Sorghum (brown),2022-07-01,11515.18125,0.905813129965094,-9.388687200251889,11371.34375,Low
Sorghum (brown),2022-08-01,11332.7709375,-1.5840854654372016,-9.570577486928588,11419.92125,Low
Sorghum (brown),2022-09-01,11456.9425,1.0956858052174834,-6.909400924567899,11434.964895833333,Low
Sorghum (brown),2022-10-01,11496.4,0.3443981673120877,-1.9444298070224408,11428.704479166665,Low
Sorghum (brown),2022-11-01,11937.785625,3.83933774920846,7.803186456134914,11630.376041666668,Moderate
Sorghum (brown),2022-12-01,11597.159062499999,-2.853347959161412,6.5701210774627095,11677.114895833334,Moderate
Sorghum (brown),2023-01-01,11542.2065625,-0.47384449677586593,0.11915067331271789,11692.383749999999,Low
Sorghum (white),2003-08-01,1800.0,,,,
Sorghum (white),2003-09-01,1800.0,0.0,,1800.0,
Sorghum (white),2003-10-01,1800.0,0.0,,1800.0,
Sorghum (white),2003-11-01,1800.0,0.0,,1800.0,
Sorghum (white),2003-12-01,1800.0,0.0,,1800.0,
Sorghum (white),2004-01-01,2000.0,11.111111111111116,,1866.6666666666667,
Sorghum (white),2004-02-01,2800.0,39.99999999999999,,2200.0,
Sorghum (white),2004-03-01,2800.0,0.0,,2533.3333333333335,
Sorghum (white),2004-04-01,2900.0,3.571428571428581,,2833.3333333333335,
Sorghum (white),2004-05-01,2800.0,-3.4482758620689613,,2833.3333333333335,
Sorghum (white),2004-06-01,3100.0,10.71428571428572,,2933.3333333333335,
Sorghum (white),2004-07-01,3000.0,-3.2258064516129004,,2966.6666666666665,
Sorghum (white),2004-08-01,4500.0,50.0,150.0,3533.3333333333335,Critical
Sorghum (white),2004-09-01,5300.0,17.777777777777782,194.44444444444446,4266.666666666667,Critical
Sorghum (white),2004-10-01,6000.0,13.207547169811317,233.33333333333334,5266.666666666667,Critical
Sorghum (white),2004-11-01,6100.0,1.6666666666666607,238.88888888888889,5800.0,Critical
Sorghum (white),2004-12-01,6500.0,6.557377049180335,261.11111111111114,6200.0,Critical
Sorghum (white),2005-01-01,6500.0,0.0,225.0,6366.666666666667,Critical
Sorghum (white),2005-02-01,5600.0,-13.846153846153841,100.0,6200.0,Critical
Sorghum (white),2005-03-01,4500.0,-19.64285714285714,60.71428571428572,5533.333333333333,Critical
Sorghum (white),2005-04-01,4000.0,-11.111111111111116,37.93103448275863,4700.0,Critical
Sorghum (white),2005-05-01,4300.0,7.499999999999996,53.571428571428584,4266.666666666667,Critical
Sorghum (white),2005-06-01,4300.0,0.0,38.70967741935485,4200.0,Critical
Sorghum (white),2005-07-01,6500.0,51.162790697674424,116.66666666666666,5033.333333333333,Critical
Sorghum (white),2005-08-01,6500.0,0.0,44.44444444444444,5766.666666666667,Critical
Sorghum (white),2005-09-01,7000.0,7.692307692307687,32.0754716981132,6666.666666666667,Critical
Sorghum (white),2005-10-01,6000.0,-14.28571428571429,0.0,6500.0,Low
Sorghum (white),2005-11-01,7000.0,16.666666666666675,14.754098360655732,6666.666666666667,Moderate
Sorghum (white),2005-12-01,6500.0,-7.14285714285714,0.0,6500.0,Low
Sorghum (white),2006-01-01,5000.0,-23.076923076923073,-23.076923076923073,6166.666666666667,Low
Sorghum (white),2006-02-01,4000.0,-19.999999999999996,-28.57142857142857,5166.666666666667,Low
Sorghum (white),2006-03-01,4000.0,0.0,-11.111111111111116,4333.333333333333,Low
Sorghum (white),2006-04-01,3000.0,-25.0,-25.0,3666.6666666666665,Low
Sorghum (white),2006-05-01,3000.0,0.0,-30.23255813953488,3333.3333333333335,Low
Sorghum (white),2006-06-01,3000.0,0.0,-30.23255813953488,3000.0,Low
Sorghum (white),2006-07-01,3000.0,0.0,-53.84615384615385,3000.0,Low
Sorghum (white),2006-08-01,3000.0,0.0,-53.84615384615385,3000.0,Low
Sorghum (white),2006-09-01,3000.0,0.0,-57.14285714285714,3000.0,Low
Sorghum (white),2006-10-01,3000.0,0.0,-50.0,3000.0,Low
Sorghum (white),2006-11-01,3000.0,0.0,-57.14285714285714,3000.0,Low
Sorghum (white),2006-12-01,3000.0,0.0,-53.84615384615385,3000.0,Low
Sorghum (white),2007-01-01,3100.0,3.3333333333333437,-38.0,3033.3333333333335,Low
Sorghum (white),2007-02-01,2370.0,-23.548387096774192,-40.75,2823.3333333333335,Low
Sorghum (white),2007-03-01,2370.0,0.0,-40.75,2613.3333333333335,Low
Sorghum (white),2007-04-01,2295.0,-3.164556962025311,-23.5,2345.0,Low
Sorghum (white),2007-05-01,2295.0,0.0,-23.5,2320.0,Low
Sorghum (white),2007-06-01,2400.0,4.575163398692816,-19.999999999999996,2330.0,Low
Sorghum (white),2007-07-01,2375.0,-1.041666666666663,-20.833333333333336,2356.6666666666665,Low
Sorghum (white),2007-08-01,2800.0,17.894736842105253,-6.666666666666665,2525.0,Low
Sorghum (white),2007-09-01,2750.0,-1.7857142857142905,-8.333333333333337,2641.6666666666665,Low
Sorghum (white),2007-10-01,4000.0,45.45454545454546,33.33333333333333,3183.3333333333335,Critical
Sorghum (white),2007-11-01,4300.0,7.499999999999996,43.333333333333336,3683.3333333333335,Critical
Sorghum (white),2007-12-01,4400.0,2.3255813953488413,46.66666666666666,4233.333333333333,Critical
Sorghum (white),2008-01-01,4820.0,9.545454545454547,55.48387096774194,4506.666666666667,Critical
Sorghum (white),2008-02-01,5320.0,10.373443983402497,124.47257383966246,4846.666666666667,Critical
Sorghum (white),2008-03-01,5230.0,-1.6917293233082664,120.67510548523205,5123.333333333333,Critical
Sorghum (white),2008-04-01,4900.0,-6.309751434034416,113.50762527233114,5150.0,Critical
Sorghum (white),2008-05-01,5200.0,6.1224489795918435,126.57952069716774,5110.0,Critical
Sorghum (white),2008-06-01,6200.0,19.23076923076923,158.33333333333334,5433.333333333333,Critical
Sorghum (white),2008-07-01,6500.0,4.8387096774193505,173.6842105263158,5966.666666666667,Critical
Sorghum (white),2008-08-01,6400.0,-1.538461538461533,128.57142857142856,6366.666666666667,Critical
Sorghum (white),2008-09-01,6800.0,6.25,147.27272727272725,6566.666666666667,Critical
Sorghum (white),2008-10-01,6600.0,-2.941176470588236,64.99999999999999,6600.0,Critical
Sorghum (white),2008-11-01,4400.0,-33.333333333333336,2.3255813953488413,5933.333333333333,Low
Sorghum (white),2008-12-01,3600.0,-18.181818181818176,-18.181818181818176,4866.666666666667,Low
Sorghum (white),2009-01-01,4400.0,22.222222222222232,-8.713692946058094,4133.333333333333,Low
Sorghum (white),2009-02-01,4600.0,4.545454545454541,-13.533834586466165,4200.0,Low
Sorghum (white),2009-03-01,4400.0,-4.347826086956519,-15.869980879541112,4466.666666666667,Low
Sorghum (white),2009-04-01,4800.0,9.090909090909083,-2.0408163265306145,4600.0,Low
Sorghum (white),2009-05-01,5000.0,4.166666666666674,-3.8461538461538436,4733.333333333333,Low
Sorghum (white),2009-06-01,5000.0,0.0,-19.354838709677423,4933.333333333333,Low
Sorghum (white),2009-07-01,5100.0,2.0000000000000018,-21.53846153846154,5033.333333333333,Low
Sorghum (white),2009-08-01,6400.0,25.49019607843137,0.0,5500.0,Low
Sorghum (white),2009-09-01,6800.0,6.25,0.0,6100.0,Low
Sorghum (white),2009-10-01,6600.0,-2.941176470588236,0.0,6600.0,Low
Sorghum (white),2009-11-01,4100.0,-37.878787878787875,-6.818181818181824,5833.333333333333,Low
Sorghum (white),2009-12-01,4900.0,19.512195121951216,36.111111111111114,5200.0,Critical
Sorghum (white),2010-01-01,5000.0,2.0408163265306145,13.636363636363647,4666.666666666667,Moderate
Sorghum (white),2010-02-01,4500.0,-9.999999999999998,-2.1739130434782594,4800.0,Low
Sorghum (white),2010-03-01,4500.0,0.0,2.2727272727272707,4666.666666666667,Low
Sorghum (white),2010-04-01,4400.0,-2.2222222222222254,-8.333333333333337,4466.666666666667,Low
Sorghum (white),2010-05-01,5500.0,25.0,10.000000000000009,4800.0,Moderate
Sorghum (white),2010-06-01,4700.0,-14.54545454545455,-6.000000000000005,4866.666666666667,Low
Sorghum (white),2010-07-01,5300.0,12.765957446808507,3.9215686274509887,5166.666666666667,Low
Sorghum (white),2010-08-01,4400.0,-16.981132075471695,-31.25,4800.0,Low
Sorghum (white),2010-09-01,4300.0,-2.2727272727272707,-36.76470588235294,4666.666666666667,Low
Sorghum (white),2010-10-01,4200.0,-2.3255813953488413,-36.36363636363637,4300.0,Low
Sorghum (white),2010-11-01,4800.0,14.28571428571428,17.07317073170731,4433.333333333333,High
Sorghum (white),2010-12-01,3700.0,-22.916666666666664,-24.489795918367353,4233.333333333333,Low
Sorghum (white),2011-01-01,4100.0,10.81081081081081,-18.000000000000004,4200.0,Low
Sorghum (white),2011-02-01,3700.0,-9.756097560975608,-17.777777777777782,3833.3333333333335,Low
Sorghum (white),2011-03-01,4100.0,10.81081081081081,-8.888888888888891,3966.6666666666665,Low
Sorghum (white),2011-04-01,4700.0,14.634146341463406,6.818181818181812,4166.666666666667,Moderate
Sorghum (white),2011-05-01,4800.0,2.127659574468077,-12.727272727272732,4533.333333333333,Low
Sorghum (white),2011-06-01,5600.0,16.666666666666675,19.14893617021276,5033.333333333333,High
Sorghum (white),2011-07-01,5000.0,-10.71428571428571,-5.660377358490565,5133.333333333333,Low
Sorghum (white),2011-08-01,5400.0,8.000000000000007,22.72727272727273,5333.333333333333,High
Sorghum (white),2011-09-01,5700.0,5.555555555555558,32.558139534883715,5366.666666666667,Critical
Sorghum (white),2011-10-01,6000.0,5.263157894736836,42.85714285714286,5700.0,Critical
Sorghum (white),2011-11-01,4800.0,-19.999999999999996,0.0,5500.0,Low
Sorghum (white),2011-12-01,5500.0,14.583333333333325,48.64864864864864,5433.333333333333,Critical
Sorghum (white),2012-01-01,5000.0,-9.090909090909093,21.95121951219512,5100.0,High
Sorghum (white),2012-02-01,6000.0,19.999999999999996,62.16216216216217,5500.0,Critical
Sorghum (white),2012-03-01,6200.0,3.3333333333333437,51.21951219512195,5733.333333333333,Critical
Sorghum (white),2012-04-01,6500.0,4.8387096774193505,38.29787234042554,6233.333333333333,Critical
Sorghum (white),2012-05-01,7137.5,9.807692307692317,48.69791666666667,6612.5,Critical
Sorghum (white),2012-06-01,6581.25,-7.793345008756569,17.52232142857142,6739.583333333333,High
Sorghum (white),2012-07-01,7118.75,8.16714150047484,42.37500000000001,6945.833333333333,Critical
Sorghum (white),2012-08-01,7180.0,0.860403863037762,32.96296296296297,6960.0,Critical
Sorghum (white),2012-09-01,7250.0,0.9749303621169991,27.192982456140346,7182.916666666667,High
Sorghum (white),2012-10-01,6980.0,-3.724137931034488,16.333333333333332,7136.666666666667,High
Sorghum (white),2012-11-01,6987.5,0.10744985673352137,45.57291666666667,7072.5,Critical
Sorghum (white),2012-12-01,6687.5,-4.2933810375670785,21.590909090909083,6885.0,High
Sorghum (white),2013-01-01,6387.5,-4.485981308411214,27.750000000000007,6687.5,High
Sorghum (white),2013-02-01,6650.0,4.109589041095885,10.83333333333334,6575.0,Moderate
Sorghum (white),2013-03-01,6943.75,4.417293233082709,11.995967741935477,6660.416666666667,Moderate
Sorghum (white),2013-04-01,7281.25,4.860486048604851,12.01923076923077,6958.333333333333,Moderate
Sorghum (white),2013-05-01,7565.0,3.896995708154516,5.9894921190893236,7263.333333333333,Moderate
Sorghum (white),2013-06-01,7893.75,4.345670852610706,19.943019943019948,7580.0,High
Sorghum (white),2013-07-01,8405.0,6.476642913697539,18.0684811237928,7954.583333333333,High
Sorghum (white),2013-08-01,8375.0,-0.35693039857227493,16.643454038997206,8224.583333333334,High
Sorghum (white),2013-09-01,8159.375,-2.5746268656716365,12.543103448275872,8313.125,Moderate
Sorghum (white),2013-10-01,7545.0,-7.529682114132519,8.09455587392549,8026.458333333333,Moderate
Sorghum (white),2013-11-01,7087.5,-6.063618290258455,1.4311270125223707,7597.291666666667,Low
Sorghum (white),2013-12-01,7020.833333333333,-0.9406231628453887,4.984423676012462,7217.777777777777,Low
Sorghum (white),2014-01-01,6366.666666666667,-9.31750741839762,-0.3261578604044302,6825.0,Low
Sorghum (white),2014-02-01,6316.666666666667,-0.7853403141361293,-5.012531328320802,6568.055555555556,Low
Sorghum (white),2014-03-01,6533.333333333333,3.430079155672816,-5.9105910591059185,6405.555555555556,Low
Sorghum (white),2014-04-01,6538.916666666667,0.08545918367348637,-10.195135908440623,6462.972222222223,Low
Sorghum (white),2014-05-01,3031.845,-53.6338333312093,-59.922736285525446,5368.031666666667,Low
Sorghum (white),2014-06-01,6000.0,97.8992989417335,-23.990498812351547,5190.253888888889,Low
Sorghum (white),2014-07-01,5937.272727272727,-1.0454545454545494,-29.360229300740905,4989.70590909091,Low
Sorghum (white),2014-08-01,5748.181818181818,-3.184810901852697,-31.36499321573949,5895.151515151515,Low
Sorghum (white),2014-09-01,5688.545454545455,-1.0374822078127344,-30.282093241878762,5791.333333333333,Low
Sorghum (white),2014-10-01,5648.258181818182,-0.7082174705149269,-25.13905656967288,5694.9951515151515,Low
Sorghum (white),2014-11-01,5493.068181818182,-2.74757270302477,-22.49639249639249,5609.9572727272725,Low
Sorghum (white),2014-12-01,5159.545454545455,-6.071701938393426,-26.510925276503905,5433.6239393939395,Low
Sorghum (white),2015-01-01,4605.035714285715,-10.747259524019281,-27.669596110695583,5085.883116883117,Low
Sorghum (white),2015-02-01,4598.571428571428,-0.14037427970933214,-27.199396909159447,4787.717532467533,Low
Sorghum (white),2015-03-01,4579.714285714285,-0.41006523765144687,-29.902332361516038,4594.440476190476,Low
Sorghum (white),2015-04-01,4767.262142857143,4.095186848836496,-27.094006761714205,4648.5159523809525,Low
Sorghum (white),2015-05-01,4772.142857142857,0.10237981758622894,57.40062097972876,4706.373095238095,Critical
Sorghum (white),2015-06-01,5026.818181818182,5.336707896204995,-16.21969696969696,4855.407727272727,Low
Sorghum (white),2015-07-01,5031.272727272727,0.08861560719775063,-15.259531465319242,4943.411255411255,Low
Sorghum (white),2015-08-01,4944.285714285715,-1.7289266096724765,-13.985224012109976,5000.792207792208,Low
Sorghum (white),2015-09-01,5177.914285714286,4.7252239237214555,-8.976480418612931,5051.1575757575765,Low
Sorghum (white),2015-10-01,5277.5,1.9232785401733565,-6.5641153411091775,5133.233333333334,Low
Sorghum (white),2015-11-01,5449.666666666667,3.262276961945365,-0.7901142624657798,5301.693650793651,Low
Sorghum (white),2015-12-01,5147.714285714285,-5.540749543440848,-0.22930641730749546,5291.626984126985,Low
Sorghum (white),2016-01-01,5595.888666666667,8.706279254777893,21.51672677167593,5397.75653968254,High
Sorghum (white),2016-02-01,6315.0,12.850708371253038,37.325256290773545,5686.200984126984,Critical
Sorghum (white),2016-03-01,6904.0,9.326999208234366,50.75176243059456,6271.629555555555,Critical
Sorghum (white),2016-04-01,7445.5,7.843279258400937,56.17978992734225,6888.166666666667,Critical
Sorghum (white),2016-05-01,8820.0,18.46081525753811,84.82263134261339,7723.166666666667,Critical
Sorghum (white),2016-06-01,10091.466666666667,14.415721844293273,100.7525695511951,8785.655555555555,Critical
Sorghum (white),2016-07-01,10834.0,7.358031868509363,115.33318878288523,9915.155555555555,Critical
Sorghum (white),2016-08-01,14469.866666666667,33.55978093655776,192.6583838967543,11798.444444444445,Critical
Sorghum (white),2016-09-01,15887.666666666666,9.798293465039976,206.83525817529028,13730.511111111111,Critical
Sorghum (white),2016-10-01,16328.333333333334,2.773639930344296,209.39523132796464,15561.955555555556,Critical
Sorghum (white),2016-11-01,15966.666666666666,-2.214963764417688,192.98428038412135,16060.888888888889,Critical
Sorghum (white),2016-12-01,13176.388666666668,-17.47564509394571,155.96581191837342,15157.129555555555,Critical
Sorghum (white),2017-01-01,14406.0,9.331929745241773,157.43900313480145,14516.351777777776,Critical
Sorghum (white),2017-02-01,14362.042857142858,-0.30513079867514614,127.42744033480378,13981.477174603177,Critical
Sorghum (white),2017-03-01,15209.866666666667,5.903225731582817,120.3051371185786,14659.303174603176,Critical
Sorghum (white),2017-04-01,16021.0,5.332941774637523,115.17695252165736,15197.636507936508,Critical
Sorghum (white),2017-05-01,16628.25,3.7903376817926437,88.52891156462586,15953.03888888889,Critical
Sorghum (white),2017-06-01,16614.0,-0.08569753281313375,64.6341463414634,16421.083333333332,Critical
Sorghum (white),2017-07-01,16718.4375,0.6286114120621189,54.314542182019565,16653.5625,Critical
Sorghum (white),2017-08-01,17801.3125,6.477130413652588,23.023334700158493,17044.583333333332,High
Sorghum (white),2017-09-01,16058.285714285714,-9.791563322728514,1.073908782194044,16859.345238095237,Low
Sorghum (white),2017-10-01,14506.923076923076,-9.660823483683068,-11.154906132960651,16122.173763736262,Low
Sorghum (white),2017-11-01,12360.307692307691,-14.797179065698074,-22.586799421872495,14308.505494505493,Low
Sorghum (white),2017-12-01,10875.0,-12.016753379303468,-17.466004721678175,12580.743589743588,Low
Sorghum (white),2018-01-01,3451.3500000000004,-68.26344827586206,-76.04227405247813,8895.552564102562,Low
Sorghum (white),2018-02-01,11630.714285714286,236.99028744445752,-19.017688490395823,8652.35476190476,Low
Sorghum (white),2018-03-01,11530.714285714286,-0.8597924215439368,-24.189248082072034,8870.92619047619,Low
Sorghum (white),2018-04-01,12019.464285714286,4.23867930372297,-24.976816143097892,11726.964285714284,Low
Sorghum (white),2018-05-01,11874.4,-1.2069114085783594,-28.58899763955919,11808.192857142856,Low
Sorghum (white),2018-06-01,12618.75,6.268527251903255,-24.047490068616828,12170.871428571429,Low
Sorghum (white),2018-07-01,11984.8,-5.0238732045567165,-28.313875025701417,12159.316666666666,Low
Sorghum (white),2018-08-01,11659.426666666666,-2.714883296620163,-34.50243252194654,12087.658888888887,Low
Sorghum (white),2018-09-01,11503.444666666668,-1.3378187835422328,-28.364428984888367,11715.890444444443,Low
Sorghum (white),2018-10-01,11250.088666666667,-2.2024359428106544,-22.450208035067256,11470.986666666666,Low
Sorghum (white),2018-11-01,10299.5,-8.449610441588817,-16.672786338403323,11017.677777777777,Low
Sorghum (white),2018-12-01,9051.5,-12.117093062770035,-16.767816091954025,10200.362888888887,Low
Sorghum (white),2019-01-01,5403.257894736842,-40.305387010585626,56.55491024488508,8251.419298245613,Critical
Sorghum (white),2019-02-01,4249.0070000000005,-21.362128501420674,-63.46735982312841,6234.588298245613,Low
Sorghum (white),2019-03-01,4348.403666666667,2.339291666656851,-62.288514319932275,4666.889520467835,Low
Sorghum (white),2019-04-01,4207.063,-3.2504035388925545,-64.99791588049146,4268.157888888888,Low
Sorghum (white),2019-05-01,3470.8875000000003,-17.498561347904694,-70.76999679983831,4008.784722222221,Low
Sorghum (white),2019-06-01,3189.8725,-8.09634423472384,-74.72116889549282,3622.6076666666654,Low
Sorghum (white),2019-07-01,7657.211818181819,140.0475824090718,-36.108972880800515,4772.657272727271,Low
Sorghum (white),2019-08-01,3685.9610000000002,-51.862883154834535,-68.38643009318926,4844.348439393939,Low
Sorghum (white),2019-09-01,3846.271,4.349204997014344,-66.56418045678724,5063.147939393938,Low
Sorghum (white),2019-10-01,4053.5046666666667,5.387911217557639,-63.969131384031165,3861.9122222222213,Low
Sorghum (white),2019-11-01,8194.0,102.14606060237257,-20.442739938831977,5364.591888888888,Low
Sorghum (white),2019-12-01,7917.166666666667,-3.378488324790496,-12.531992855696107,6721.55711111111,Low
Sorghum (white),2020-01-01,4002.1933333333336,-49.449171631265386,-25.929996100468287,6704.453333333334,Low
Sorghum (white),2020-02-01,4102.594333333333,2.508649423899234,-3.4458090247125317,5340.651444444444,Low
Sorghum (white),2020-03-01,4946.151785714285,20.561561388780227,13.746380623071985,4350.31315079365,Moderate
Sorghum (white),2020-04-01,5250.8730000000005,6.1607736172963,24.810895391868403,4766.539706349206,High
Sorghum (white),2020-05-01,5851.909259259259,11.446406326324364,68.59979642841371,5349.644681657847,Critical
Sorghum (white),2020-06-01,6806.888928571428,16.319112737456408,113.39062701005847,5969.890395943562,Critical
Sorghum (white),2020-07-01,8387.955333333333,23.22744533299923,9.543206228360912,7015.584507054672,Moderate
Sorghum (white),2020-08-01,9387.162333333334,11.912402490142027,154.67340358005234,8194.002198412696,Critical
Sorghum (white),2020-09-01,10341.268333333333,10.16394482294205,168.86478704525328,9372.128666666666,Critical
Sorghum (white),2020-10-01,9802.562666666667,-5.20928042192117,141.8293174120765,9843.664444444445,Critical
Sorghum (white),2020-11-01,9072.451666666666,-7.448164575195449,10.720669595639087,9738.760888888888,Moderate
Sorghum (white),2020-12-01,7932.013666666667,-12.570339770341377,0.1875292086815472,8935.676,Low
Sorghum (white),2021-01-01,8859.873333333333,11.697655925202,121.37544579722115,8621.446222222223,Critical
Sorghum (white),2021-02-01,9231.933666666668,4.19938659770156,125.02672495932048,8674.60688888889,Critical
Sorghum (white),2021-03-01,10035.6425,8.705747488581373,102.89798887663389,9375.8165,Critical
Sorghum (white),2021-04-01,10209.693125,1.7343246832477233,94.4380129742235,9825.756430555555,Critical
Sorghum (white),2021-05-01,10393.0940625,1.796341332247442,77.60176383554467,10212.809895833334,Critical
Sorghum (white),2021-06-01,11893.729,14.438769903127668,74.73076356625896,10832.1720625,Critical
Sorghum (white),2021-07-01,13074.490666666667,9.927598540934191,55.872201830990505,11787.104576388889,Critical
Sorghum (white),2021-08-01,13070.167,-0.033069484516823344,39.234483605215864,12679.462222222222,Critical
Sorghum (white),2021-09-01,12735.259666666667,-2.5623799094023236,23.149881196068623,12959.972444444444,High
Sorghum (white),2021-10-01,11945.0309375,-6.205046067768971,21.85620580747456,12583.485868055555,High
Sorghum (white),2021-11-01,11482.6078125,-3.8712593330191947,26.56565429484241,12054.299472222221,High
Sorghum (white),2021-12-01,11283.6509375,-1.7326802260320573,42.254557438777326,11570.429895833333,Critical
Sorghum (white),2022-01-01,11898.0803125,5.445306473971212,34.29176541086743,11554.7796875,Critical
Sorghum (white),2022-02-01,11898.0803125,0.0,28.87961224699729,11693.270520833334,High
Sorghum (white),2022-03-01,11862.2103125,-0.3014772052119752,18.20080590256179,11886.123645833331,High
Sorghum (white),2022-04-01,11892.1834375,0.25267740337073796,16.479342639399853,11884.158020833333,High
Sorghum (white),2022-05-01,11625.825333333334,-2.2397746012456365,11.8610614261756,11793.40636111111,Moderate
Sorghum (white),2022-06-01,11800.3784375,1.5014254830251872,-0.784872116221913,11772.795736111111,Low
Sorghum (white),2022-07-01,11903.98875,0.8780253366344803,-8.952562256599816,11776.730840277778,Low
Sorghum (white),2022-08-01,11844.934666666666,-0.4960865183389451,-9.374266857748136,11849.767284722222,Low
Sorghum (white),2022-09-01,11866.919333333333,0.18560395042561684,-6.818395196182236,11871.947583333333,Low
Sorghum (white),2022-10-01,11986.21,1.005237023324046,0.3447380146226475,11899.354666666666,Low
Sorghum (white),2022-11-01,12144.3821875,1.319618023545388,5.763275954435976,11999.170506944443,Moderate
Sorghum (white),2022-12-01,11622.1896875,-4.299868794787132,3.000258975354364,11917.593958333333,Low
Sorghum (white),2023-01-01,11496.9634375,-1.0774755305765105,-3.3712738901131023,11754.511770833335,Low
Spinach,2016-01-01,175.0,,,,
Spinach,2016-08-01,26.116666666666664,-85.07619047619048,,100.55833333333334,
Spinach,2016-09-01,19.5875,-25.0,,73.56805555555555,
Spinach,2016-10-01,12.2875,-37.26866624122527,,19.330555555555552,
Spinach,2016-11-01,10.844444444444443,-11.744094043178489,,14.239814814814814,
Spinach,2016-12-01,33.861111111111114,212.24385245901644,,18.997685185185187,
Spinach,2017-01-01,18.75,-44.62674323215751,,21.151851851851852,
Spinach,2017-02-01,45.166666666666664,140.88888888888889,,32.59259259259259,
Spinach,2017-03-01,47.35294117647059,4.84046016930757,,37.08986928104575,
Spinach,2017-04-01,75.83333333333333,60.14492753623188,,56.11764705882353,
Spinach,2017-05-01,47.05882352941177,-37.94440853264381,,56.748366013071895,
Spinach,2017-06-01,28.823529411764707,-38.75000000000001,,50.571895424836605,
Spinach,2017-07-01,47.0,63.06122448979592,-73.14285714285714,40.96078431372549,Low
Spinach,2017-08-01,45.0,-4.255319148936165,72.30376515634973,40.27450980392157,Critical
Spinach,2017-09-01,54.72222222222222,21.604938271604944,179.37318301070695,48.90740740740741,Critical
Spinach,2017-10-01,57.77777777777778,5.583756345177671,370.2158923929016,52.5,Critical
Spinach,2017-11-01,47.36842105263158,-18.016194331983804,336.7989646246765,53.28947368421053,Critical
Spinach,2017-12-01,40.0,-15.555555555555568,18.129614438063978,48.38206627680312,High
Spinach,2018-01-01,44.61538461538461,11.538461538461542,137.94871794871796,43.99460188933873,Critical
Spinach,2018-02-01,54.09090909090909,21.238244514106587,19.758470311975863,46.235431235431236,High
Spinach,2018-03-01,45.90909090909091,-15.126050420168081,-3.049124788255231,48.205128205128204,Low
Spinach,2018-04-01,48.63636363636363,5.940594059405946,-35.86413586413586,49.54545454545454,Low
Spinach,2018-05-01,48.63636363636363,0.0,3.3522727272727204,47.72727272727272,Low
Spinach,2018-06-01,51.36363636363637,5.6074766355140415,78.20037105751392,49.54545454545454,Critical
Spinach,2018-07-01,52.72727272727273,2.65486725663715,12.185686653771754,50.90909090909091,Moderate
Spinach,2018-08-01,44.54545454545455,-15.517241379310342,-1.0101010101010055,49.545454545454554,Low
Spinach,2018-09-01,43.63636363636363,-2.0408163265306256,-20.258421781264424,46.96969696969697,Low
Spinach,2018-10-01,48.088235294117645,10.202205882352944,-16.770361990950235,45.42335115864528,Low
Spinach,2018-11-01,48.07692307692308,-0.02352387673487666,1.4957264957264904,46.600507335801446,Low
Spinach,2018-12-01,45.0,-6.400000000000006,12.5,47.055052790346906,Moderate
Spinach,2019-01-01,46.36363636363637,3.0303030303030276,3.9184952978056575,46.48018648018648,Low
Spinach,2019-02-01,50.1,8.058823529411763,-7.3781512605042066,47.154545454545456,Low
Spinach,2019-03-01,47.742105263157896,-4.706376720243721,3.9927045336112688,48.068580542264755,Low
Spinach,2019-04-01,171.94444444444446,260.15262313355134,253.53063343717554,89.92884990253413,Critical
Spinach,2019-05-01,210.78947368421052,22.59161635915312,333.3989178553861,143.49200779727096,Critical
Spinach,2019-06-01,190.92105263157896,-9.425717852684134,271.7047042384723,191.21832358674465,Critical
Spinach,2019-07-01,65.0,-65.95451412818745,23.275862068965523,155.5701754385965,High
Spinach,2019-08-01,45.68181818181818,-29.72027972027972,2.5510204081632626,100.53429027113238,Low
Spinach,2019-09-01,213.10000000000002,366.4875621890548,388.3541666666668,107.92727272727274,Critical
Spinach,2019-10-01,46.59090909090909,-78.13659826799197,-3.1137058659994388,101.7909090909091,Low
Spinach,2019-11-01,203.29473684210527,336.3399229781772,322.8530526315789,154.32854864433813,Critical
Spinach,2019-12-01,47.27272727272727,-76.74670382173102,5.050505050505061,99.05279106858053,Moderate
Spinach,2020-01-01,48.86363636363637,3.3653846153846256,5.392156862745101,99.81036682615631,Moderate
Spinach,2020-02-01,45.45454545454545,-6.976744186046524,-9.272364362184726,47.196969696969695,Low
Spinach,2020-05-01,49.54545454545455,9.000000000000007,3.777272226175321,47.95454545454546,Low
Spinach,2020-06-01,51.81818181818182,4.587155963302747,-69.86341606697019,48.93939393939394,Low
Spinach,2020-07-01,67.14285714285714,29.573934837092718,-68.1469591581951,56.16883116883116,Low
Spinach,2020-08-01,49.54545454545455,-26.20889748549322,-74.04924503477226,56.16883116883116,Low
Spinach,2020-09-01,45.90909090909091,-7.339449541284415,-29.370629370629374,54.1991341991342,Low
Spinach,2020-10-01,46.59090909090909,1.4851485148514865,1.9900497512437942,47.34848484848485,Low
Spinach,2020-11-01,49.09090909090909,5.36585365853659,-76.96344012627448,47.196969696969695,Low
Spinach,2020-12-01,54.54545454545455,11.111111111111116,17.07317073170731,50.075757575757585,High
Spinach,2021-01-01,51.13636363636363,-6.250000000000011,-74.84619403793018,51.59090909090909,Low
Spinach,2021-02-01,50.90909090909091,-0.4444444444444473,7.692307692307687,52.196969696969695,Moderate
Spinach,2021-03-01,52.68421052631579,3.486842105263155,7.81884944920439,51.57655502392345,Moderate
Spinach,2021-04-01,55.0,4.395604395604402,20.999999999999996,52.864433811802236,High
Spinach,2021-05-01,138.26315789473685,151.38755980861248,179.06325446644135,81.98245614035088,Critical
Spinach,2021-06-01,57.11764705882353,-58.68917799323765,10.227038183694525,83.46026831785345,Moderate
Spinach,2021-07-01,63.705882352941174,11.534500514933054,-5.1188986232791,86.36222910216718,Low
Spinach,2021-08-01,56.64705882352941,-11.080332409972293,14.333513221802473,59.15686274509804,Moderate
Spinach,2021-09-01,55.3235294117647,-2.336448598130847,20.50669772859639,58.55882352941176,High
Spinach,2021-10-01,54.0,-2.392344497607646,15.902439024390237,55.3235294117647,High
Spinach,2021-11-01,55.470588235294116,2.7233115468409563,12.995642701525046,54.931372549019606,Moderate
Spinach,2021-12-01,55.35294117647059,-0.21208907741251393,1.480392156862731,54.94117647058823,Low
Spinach,2022-01-01,53.411764705882355,-3.506907545164717,4.449673202614379,54.74509803921569,Low
Spinach,2022-02-01,63.705882352941174,19.273127753303964,25.136554621848738,57.490196078431374,High
Spinach,2022-03-01,58.294117647058826,-8.494921514312093,10.64817535405771,58.470588235294116,Moderate
Spinach,2022-04-01,46.35294117647059,-20.484359233097884,-15.72192513368984,56.117647058823536,Low
Spinach,2022-05-01,55.05882352941177,18.781725888324875,-60.178239548579235,53.23529411764705,Low
Spinach,2023-02-01,58.125,5.568910256410242,1.763645726055607,53.17892156862746,Low
Spinach,2023-03-01,54.375,-6.451612903225811,-14.64681440443213,55.85294117647059,Low
Spinach,2023-04-01,55.1875,1.4942528735632177,-2.5765835929387304,55.895833333333336,Low
Spinach,2023-05-01,54.6875,-0.9060022650056676,-1.1496544391281227,54.75,Low
Spinach,2023-06-01,68.27586206896552,24.847290640394103,26.436781609195403,59.383620689655174,High
Spinach,2023-07-01,70.5748,3.3671313131312886,27.229225874867446,64.51272068965517,High
Spinach,2023-08-01,70.09625,-0.6780748935880765,26.63509564293305,69.64897068965517,High
Spinach,2023-09-01,69.62035714285715,-0.6789134328053947,30.34648363750787,70.09713571428571,Critical
Spinach,2023-10-01,77.92806451612903,11.932870950697549,22.324755011467534,72.54822388632873,High
Spinach,2023-11-01,81.54761904761905,4.644738136337101,39.88996203930613,76.36534690220174,Critical
Spinach,2023-12-01,118.75,45.62043795620436,156.18654822335026,92.74189452124936,Critical
Spinach,2024-01-01,94.7125,-20.242105263157896,72.02056623931622,98.33670634920634,Critical
Spinach,2024-02-01,107.479,13.479213409000913,84.91010752688173,106.9805,Critical
Spinach,2024-03-01,108.15105263157893,0.6252873878422216,98.89848759830609,103.44751754385965,Critical
Spinach,2024-04-01,119.69727272727273,10.676012682952308,116.89200041181924,111.77577511961722,Critical
Spinach,2024-05-01,114.40333333333335,-4.422773613231346,109.19466666666668,114.08388623072835,Critical
Spinach,2024-06-01,121.40150000000001,6.1171003175898075,77.81027777777778,118.50070202020203,Critical
Spinach,2024-07-01,186.83800000000002,53.90089908279552,164.73755504797748,140.88094444444445,Critical
Spinach,2024-08-01,134.916,-27.789850030507722,92.47249317902171,147.7185,Critical
Spinach,2024-09-01,151.41827586206898,12.23151876876647,117.49138050436456,157.724091954023,Critical
Spinach,2024-10-01,118.0165625,-22.0592350374505,51.44295348894972,134.78361278735633,Critical
Spinach,2024-11-01,119.77875,1.493169655742177,46.88197080291972,129.73786278735633,Critical
Spinach,2024-12-01,121.88,1.7542761132504747,2.6357894736842136,119.89177083333334,Low
Spinach,2025-01-01,134.6044827586207,10.440172923056036,42.11902627279471,125.42107758620689,Critical
Spinach,2025-02-01,125.6195652173913,-6.675050753949696,16.8782415331286,127.368015992004,High
Spinach,2025-03-01,108.33666666666666,-13.758126388047653,0.17162480675987357,122.85357154755955,Low
Spinach,2025-04-01,110.8065,2.279776006892109,-7.427715372872479,114.92091062801933,Low
Spinach,2025-05-01,122.45766666666667,10.514876534018015,7.04029602867049,113.86694444444443,Moderate
Spinach,2025-06-01,127.9076923076923,4.450538532520598,5.3592355182533025,120.39061965811966,Moderate
Spinach,2025-07-01,153.55333333333334,20.05011626974582,-17.81472006051589,134.6395641025641,Low
Spinach,2025-08-01,151.84565217391304,-1.1121094686451838,12.548290917247051,144.4355592716462,Moderate
Spinach,2025-09-01,141.8084375,-6.610142951223352,-6.346551172477255,149.06914100241545,Low
Spinach,2025-10-01,111.85805555555555,-21.120310238552943,-5.218341234472456,135.17071507648953,Low
Spinach,2025-11-01,116.19888888888889,3.8806622480375808,-2.9887280599531385,123.28846064814815,Low
Spinach,2025-12-01,108.67935483870967,-6.471261577526366,-10.830854251140732,112.2454330943847,Low
Spinach,2026-01-01,93.7925806451613,-13.697886057238506,-30.319868459838204,106.22360812425329,Low
Spinach,2026-02-01,109.07428571428571,16.2930851928881,-13.170941544394864,103.84874039938556,Low
Spinach,2026-03-01,100.41814814814815,-7.936002064512115,-7.30917681165365,101.09500483586504,Low
Spinach,2026-04-01,100.0,-0.4164069501971346,-9.752586716483236,103.16414462081129,Low
Sugar,2016-01-01,1180.0,,,,
Sugar,2017-07-01,210.25,-82.1822033898305,,695.125,
Sugar,2017-08-01,443.44444444444446,110.91293433742902,,611.2314814814814,
Sugar,2017-09-01,430.09090909090907,-3.0113209266303786,,361.2617845117845,
Sugar,2017-10-01,346.89473684210526,-19.343857424156454,,406.8100301258196,
Sugar,2017-11-01,187.38888888888889,-45.981051602353375,,321.45817827396775,
Sugar,2017-12-01,334.10526315789474,78.29513005757798,,289.46296296296293,
Sugar,2018-01-01,331.63157894736844,-0.7403906742280975,,284.37524366471735,
Sugar,2018-02-01,335.2631578947368,1.0950642755118034,,333.6666666666667,
Sugar,2018-03-01,326.63157894736844,-2.5745682888539956,,331.17543859649123,
Sugar,2018-04-01,319.2105263157895,-2.271994843699654,,327.03508771929825,
Sugar,2018-05-01,300.7894736842105,-5.770816158285241,,315.5438596491228,
Sugar,2018-06-01,209.57894736842104,-30.323709536307963,-82.23907225691347,276.5263157894737,Low
Sugar,2018-07-01,173.47368421052633,-17.227523857358097,-17.491707866574867,227.94736842105263,Low
Sugar,2018-08-01,199.3684210526316,14.927184466019416,-55.04094739479619,194.140350877193,Low
Sugar,2018-09-01,197.42105263157896,-0.9767687434002137,-54.09783177029447,190.08771929824562,Low
Sugar,2018-10-01,196.89473684210526,-0.26659557451347293,-43.240782885753305,197.8947368421053,Low
Sugar,2018-11-01,197.3684210526316,0.2405773857257376,5.325573049136345,197.2280701754386,Moderate
Sugar,2018-12-01,210.3684210526316,6.586666666666674,-37.03528670447385,201.54385964912282,Low
Sugar,2019-01-01,195.0,-7.305479109332003,-41.19980955403905,200.91228070175438,Low
Sugar,2019-02-01,192.31578947368422,-1.3765182186234792,-42.63736263736263,199.2280701754386,Low
Sugar,2019-03-01,189.73684210526315,-1.3409961685823868,-41.91105381888496,192.35087719298247,Low
Sugar,2019-04-01,190.0,0.1386962552011095,-40.47815333882935,190.6842105263158,Low
Sugar,2019-05-01,188.0,-1.0526315789473717,-37.497812773403325,189.2456140350877,Low
Sugar,2019-06-01,184.1578947368421,-2.043673012318026,-12.129583124058252,187.38596491228068,Low
Sugar,2019-07-01,183.6315789473684,-0.2857959416976308,5.85558252427183,185.26315789473685,Moderate
Sugar,2019-08-01,181.42105263157896,-1.2037833190025715,-9.002111932418167,183.0701754385965,Low
Sugar,2019-09-01,183.16666666666666,0.962189343390385,-7.220296809739635,182.73976608187135,Low
Sugar,2019-10-01,180.94736842105263,-1.2116277956036536,-8.099438652766644,181.84502923976606,Low
Sugar,2019-11-01,182.78947368421052,1.018033740546831,-7.386666666666675,182.30116959064324,Low
Sugar,2019-12-01,185.26315789473685,1.3532968615030283,-11.933950462847132,183.0,Low
Sugar,2020-01-01,188.21052631578948,1.5909090909090873,-3.4817813765182115,185.42105263157896,Low
Sugar,2020-02-01,199.8421052631579,6.180089485458606,3.9135194307607923,191.10526315789477,Low
Sugar,2020-03-01,250.75,25.47405846721096,32.15672676837726,212.9342105263158,Critical
Sugar,2020-04-01,246.625,-1.6450648055832517,29.80263157894736,232.40570175438597,High
Sugar,2020-05-01,233.8421052631579,-5.183130151785953,24.384098544232913,243.73903508771932,High
Sugar,2020-06-01,235.94736842105263,0.9002925950934104,28.122320663046587,238.8048245614035,High
Sugar,2020-07-01,229.46666666666667,-2.746672615064316,24.960351581159834,233.08538011695904,High
Sugar,2020-08-01,231.31578947368422,0.805835040826941,27.502175805047855,232.24327485380118,High
Sugar,2020-09-01,230.1578947368421,-0.5005688282138765,25.65490158517314,230.31345029239768,High
Sugar,2020-10-01,180.94736842105263,-21.38120283558198,0.0,214.140350877193,Low
Sugar,2020-11-01,232.47368421052633,28.475858057009894,27.18111143103945,214.52631578947367,High
Sugar,2020-12-01,233.10526315789474,0.271677609237031,25.82386363636364,215.50877192982458,High
Sugar,2021-01-01,233.10526315789474,0.0,23.853467561521246,232.8947368421053,High
Sugar,2021-02-01,233.73684210526315,0.27094152178821496,16.960758493547544,233.3157894736842,High
Sugar,2021-03-01,251.31578947368422,7.520828642197719,0.2256388728551162,239.38596491228068,Low
Sugar,2021-04-01,259.0,3.0575916230366484,5.017739483020778,248.0175438596491,Moderate
Sugar,2021-05-01,163.57894736842104,-36.8421052631579,-30.047265361242403,224.6315789473684,Low
Sugar,2021-06-01,247.76470588235293,51.46491028843971,5.008463345186387,223.44788441692467,Moderate
Sugar,2021-07-01,253.47058823529412,2.302943969610638,10.460744437228687,221.6047471620227,Moderate
Sugar,2021-08-01,265.94117647058823,4.919935019726163,14.968881750652475,255.72549019607843,Moderate
Sugar,2021-09-01,276.6470588235294,4.025658040256563,20.19881357528146,265.35294117647055,High
Sugar,2021-10-01,271.5882352941176,-1.8286200297682353,50.09239297813366,271.392156862745,Critical
Sugar,2021-11-01,266.7647058823529,-1.7760450508988446,14.75049607798744,271.6666666666667,Moderate
Sugar,2021-12-01,270.05882352941177,1.2348401323043046,15.852735314039812,269.4705882352941,High
Sugar,2022-01-01,265.6470588235294,-1.633631017207593,13.960129095666263,267.4901960784313,Moderate
Sugar,2022-02-01,274.7647058823529,3.432240921169183,17.553015351603364,270.15686274509807,High
Sugar,2022-03-01,277.0,0.8135302932990918,10.219895287958103,272.4705882352941,Moderate
Sugar,2022-04-01,302.7647058823529,9.301337863665315,16.897569838746307,284.84313725490193,High
Sugar,2022-05-01,322.6470588235294,6.566932193510788,97.2424104777046,300.80392156862746,Critical
Sugar,2023-02-01,416.125,28.972196900638103,67.95168566001901,347.17892156862746,Critical
Sugar,2023-03-01,414.6875,-0.34544908380894634,63.603794383847756,384.4865196078431,Critical
Sugar,2023-04-01,425.0,2.4868123587038493,59.80977659809776,418.6041666666667,Critical
Sugar,2023-05-01,440.9375,3.750000000000009,59.38629598128855,426.875,Critical
Sugar,2023-06-01,483.72766666666666,9.704360973304983,78.11068514908672,449.88838888888887,Critical
Sugar,2023-07-01,521.5507692307692,7.8190901969157345,95.50965991010092,482.07197863247865,Critical
Sugar,2023-08-01,580.3724,11.278217623182929,114.90592027880635,528.5502786324786,Critical
Sugar,2023-09-01,618.0475,6.4915388808978625,132.657384853853,573.3235564102564,Critical
Sugar,2023-10-01,678.7370967741934,9.819568362333552,147.02484789469685,625.7189989247312,Critical
Sugar,2023-11-01,775.9947619047618,14.32921017472022,180.14251332301873,690.9264528929851,Critical
Sugar,2023-12-01,782.06,0.781608123275257,158.30619778511755,745.5972862263184,Critical
Sugar,2024-01-01,908.3896000000001,16.15344091246198,181.5428113035552,822.1481206349207,Critical
Sugar,2024-02-01,1002.8790000000001,10.401858409651554,141.0042655452088,897.7762000000001,Critical
Sugar,2024-03-01,1118.841052631579,11.56291562906182,169.80341887121725,1010.036550877193,Critical
Sugar,2024-04-01,1012.5381818181818,-9.501159307961283,138.24427807486632,1044.752744816587,Critical
Sugar,2024-05-01,1024.5347368421053,1.1848002612979691,132.35373195568653,1051.9713237639553,Critical
Sugar,2024-06-01,1027.3085,0.2707339300612066,112.37331887156894,1021.4604728867624,Critical
Sugar,2024-07-01,1031.484,0.4064504479423414,97.77250094393051,1027.775745614035,Critical
Sugar,2024-08-01,1086.95,5.377301053627592,87.28492257729694,1048.5808333333334,Critical
Sugar,2024-09-01,1283.0459375,18.040934495606976,107.59665519235982,1133.8266458333335,Critical
Sugar,2024-10-01,5541.187272727272,331.87754317855604,716.3967019133992,2637.0610700757575,Critical
Sugar,2024-11-01,5624.464230769231,1.502872109228881,624.8069841300712,4149.565813665501,Critical
Sugar,2024-12-01,1498.7477419354839,-73.35305763460234,91.64101756073497,4221.466415143996,Critical
Sugar,2025-01-01,1092.0,-27.139172961168878,20.21273691376475,2738.403990901572,High
Sugar,2025-02-01,1143.5572,4.721355311355313,14.02743501459296,1244.7683139784947,Moderate
Sugar,2025-03-01,1047.254705882353,-8.421309761999407,-6.398258857310502,1094.2706352941177,Low
Sugar,2025-04-01,1074.2880952380951,2.5813576395405713,6.098526902860191,1088.3666670401494,Moderate
Sugar,2025-05-01,1083.4635483870968,0.8540961395432811,5.7517631590146,1068.3354498358483,Moderate
Sugar,2025-06-01,1065.4566666666667,-1.6619739304784331,3.713409036006876,1074.4027700972863,Low
Sugar,2025-07-01,1035.6031578947368,-2.8019449036184696,0.3993428782934849,1061.5077909828335,Low
Sugar,2025-08-01,1022.73875,-1.2422140466323728,-5.907470444822671,1041.2661915204678,Low
Sugar,2025-09-01,1046.448484848485,2.3182591691656373,-18.440294749892004,1034.9301309144073,Low
Sugar,2025-10-01,1040.2,-0.5971134689338853,-81.22784975848629,1036.4624116161615,Low
Sugar,2025-11-01,1006.6986842105264,-3.2206610064866026,-82.10142970234793,1031.1157230196704,Low
Sugar,2025-12-01,1014.4964705882352,0.7745899046072591,-32.31039205582964,1020.4650515995872,Low
Sugar,2026-01-01,1009.005,-0.5413001175894716,-7.6002747252747245,1010.0667182662538,Low
Sugar,2026-02-01,998.5628571428571,-1.0348950557373726,-12.679238332559395,1007.3547759103641,Low
Sugar,2026-03-01,994.3685185185185,-0.42003751635021347,-5.049983262598545,1000.6454585537919,Low
Sugar,2026-04-01,800.0,-19.546930026314858,-25.532079937766085,930.9771252204586,Low
Tomatoes,2016-01-01,200.0,,,,
Tomatoes,2016-12-01,42.05555555555556,-78.97222222222223,,121.02777777777777,
Tomatoes,2017-02-01,40.0,-4.887714663143994,,94.01851851851852,
Tomatoes,2017-03-01,52.22222222222222,30.555555555555557,,44.75925925925926,
Tomatoes,2017-04-01,54.44444444444444,4.255319148936176,,48.888888888888886,
Tomatoes,2017-05-01,53.333333333333336,-2.0408163265306034,,53.333333333333336,
Tomatoes,2017-06-01,36.111111111111114,-32.291666666666664,,47.96296296296296,
Tomatoes,2017-07-01,60.0,66.15384615384615,,49.81481481481482,
Tomatoes,2017-08-01,48.888888888888886,-18.518518518518523,,48.333333333333336,
Tomatoes,2017-09-01,78.18181818181819,59.91735537190084,,62.35690235690236,
Tomatoes,2017-10-01,67.27272727272727,-13.953488372093037,,64.78114478114479,
Tomatoes,2017-11-01,58.94736842105263,-12.375533428164998,,68.13397129186603,
Tomatoes,2017-12-01,63.421052631578945,7.589285714285721,-68.28947368421052,63.21371610845295,Low
Tomatoes,2018-01-01,47.10526315789474,-25.72614107883817,12.007230758534382,56.49122807017543,Moderate
Tomatoes,2018-02-01,54.60526315789474,15.921787709497215,36.51315789473686,55.043859649122815,Critical
Tomatoes,2018-03-01,61.31578947368421,12.289156626506026,17.413213885778276,54.3421052631579,High
Tomatoes,2018-04-01,70.0,14.163090128755362,28.57142857142858,61.97368421052632,High
Tomatoes,2018-05-01,76.05263157894737,8.646616541353392,42.59868421052631,69.12280701754386,Critical
Tomatoes,2018-06-01,71.01578947368421,-6.622837370242218,96.65910931174086,72.3561403508772,Critical
Tomatoes,2018-07-01,95.78947368421052,34.88475505817832,59.64912280701753,80.95263157894736,Critical
Tomatoes,2018-08-01,82.36842105263158,-14.010989010989006,68.48086124401914,83.0578947368421,Critical
Tomatoes,2018-09-01,76.3157894736842,-7.3482428115016045,-2.3867809057527722,84.82456140350877,Low
Tomatoes,2018-10-01,71.28947368421052,-6.586206896551728,5.970839260312943,76.6578947368421,Moderate
Tomatoes,2018-11-01,85.0,19.23218899963086,44.196428571428584,77.53508771929825,Critical
Tomatoes,2018-12-01,85.53157894736842,0.6253869969040204,34.863070539419084,80.60701754385964,Critical
Tomatoes,2019-01-01,80.23157894736842,-6.196541751276841,70.3240223463687,83.5877192982456,Critical
Tomatoes,2019-02-01,75.78947368421052,-5.536604565730785,38.795180722891544,80.51754385964911,Critical
Tomatoes,2019-03-01,67.76315789473684,-10.590277777777779,10.515021459227448,74.59473684210526,Moderate
Tomatoes,2019-04-01,62.77777777777778,-7.357065803667739,-10.317460317460315,68.77680311890838,Low
Tomatoes,2019-05-01,78.42105263157895,24.918490917559378,3.114186851211076,69.65399610136451,Low
Tomatoes,2019-06-01,86.05263157894737,9.731543624161088,21.17394204402283,75.7504873294347,High
Tomatoes,2019-07-01,84.91578947368421,-1.321100917431195,-11.351648351648347,83.12982456140351,Low
Tomatoes,2019-08-01,78.81052631578947,-7.189785546051819,-4.31948881789137,83.25964912280702,Low
Tomatoes,2019-09-01,77.73333333333333,-1.3668135879969734,1.857471264367816,80.48654970760235,Low
Tomatoes,2019-10-01,74.61578947368422,-4.010562426649811,4.665928386858642,77.05321637426901,Low
Tomatoes,2019-11-01,73.4421052631579,-1.5729703040135434,-13.597523219814233,75.26374269005849,Low
Tomatoes,2019-12-01,73.86315789473684,0.5733123118818906,-13.642237400775326,73.97368421052632,Low
Tomatoes,2020-01-01,71.23684210526316,-3.555650562918622,-11.210968249803187,72.84736842105264,Low
Tomatoes,2020-02-01,56.8421052631579,-20.206871074990772,-24.99999999999999,67.3140350877193,Low
Tomatoes,2020-03-01,63.3375,11.427083333333332,-6.5310679611650375,63.805482456140346,Low
Tomatoes,2020-04-01,67.6,6.729820406552189,7.681415929203528,62.593201754385966,Moderate
Tomatoes,2020-05-01,65.54736842105264,-3.0364372469635414,-16.416107382550326,65.49495614035088,Low
Tomatoes,2020-06-01,68.42105263157895,4.38413361169101,-20.48929663608563,67.18947368421053,Low
Tomatoes,2020-07-01,88.0,28.61538461538462,3.6320813189537615,73.98947368421052,Low
Tomatoes,2020-08-01,78.21052631578948,-11.124401913875593,-0.7613196206758266,78.21052631578948,Low
Tomatoes,2020-09-01,70.52631578947368,-9.825033647375514,-9.271463392615331,78.9122807017544,Low
Tomatoes,2020-10-01,74.6842105263158,5.895522388059704,0.09169782041333896,74.47368421052632,Low
Tomatoes,2020-11-01,74.78947368421052,0.1409443269908328,1.8345993980220632,73.33333333333333,Low
Tomatoes,2020-12-01,78.63157894736842,5.1372273047149974,6.4557503206498446,76.03508771929825,Moderate
Tomatoes,2021-01-01,75.1842105263158,-4.384203480589022,5.541189508681188,76.20175438596492,Moderate
Tomatoes,2021-02-01,65.5,-12.880644032201616,15.23148148148148,73.10526315789474,High
Tomatoes,2021-03-01,69.57894736842105,6.227400562474883,9.854268590362825,70.0877192982456,Moderate
Tomatoes,2021-04-01,70.125,0.7847957639939507,3.73520710059172,68.40131578947368,Low
Tomatoes,2021-05-01,76.78947368421052,9.503705788535498,17.151116107274756,72.16447368421052,High
Tomatoes,2021-06-01,91.41176470588235,19.042051364754276,33.601809954751126,79.4420794633643,Critical
Tomatoes,2021-07-01,94.33352941176472,3.1962676962677072,7.1971925133689885,87.51158926728586,Moderate
Tomatoes,2021-08-01,96.41176470588235,2.203071704278292,23.272108304963957,94.05235294117648,High
Tomatoes,2021-09-01,93.55882352941177,-2.9591214154972456,32.65803336259878,94.76803921568627,Critical
Tomatoes,2021-10-01,86.52941176470588,-7.513360578434458,15.86038220785142,92.16666666666667,High
Tomatoes,2021-11-01,85.76470588235294,-0.8837525492861986,14.674835451421963,88.61764705882354,Moderate
Tomatoes,2021-12-01,92.0,7.270233196159115,17.001338688085667,88.09803921568626,High
Tomatoes,2022-01-01,83.11764705882354,-9.654731457800503,10.551998188144696,86.96078431372548,Moderate
Tomatoes,2022-02-01,81.58823529411765,-1.8400566171266841,24.56219128872923,85.5686274509804,High
Tomatoes,2022-03-01,82.3529411764706,0.9372746935832676,18.358992613686944,82.3529411764706,High
Tomatoes,2022-04-01,69.6470588235294,-15.428571428571447,-0.6815560448778513,77.86274509803921,Low
Tomatoes,2022-05-01,85.11764705882354,22.212837837837853,10.845462242470694,79.03921568627452,Moderate
Tomatoes,2023-02-01,75.0625,-11.813234277816175,-17.885296010296003,76.60906862745098,Low
Tomatoes,2023-03-01,66.9375,-10.82431307243963,-29.041666926487373,75.70588235294117,Low
Tomatoes,2023-04-01,68.625,2.5210084033613356,-28.820927394752893,70.20833333333333,Low
Tomatoes,2023-05-01,87.5,27.504553734061933,-6.475950958817989,74.35416666666667,Low
Tomatoes,2023-06-01,125.30208333333333,43.202380952380935,44.80866190799908,93.80902777777777,Critical
Tomatoes,2023-07-01,154.12714285714287,23.00445352303364,79.70928865373313,122.30974206349207,Critical
Tomatoes,2023-08-01,157.92818181818183,2.4661710394268788,71.6610671936759,145.78580266955268,Critical
Tomatoes,2023-09-01,140.8192,-10.83339377507614,69.42154281670203,150.9581748917749,Critical
Tomatoes,2023-10-01,137.8817857142857,-2.08594728965531,68.99714182717065,145.54305584415584,Critical
Tomatoes,2023-11-01,148.09823529411764,7.409571559366168,79.83357142857142,142.26640700280112,Critical
Tomatoes,2023-12-01,174.54,17.85420646867937,150.60641891891896,153.50667366946777,Critical
Tomatoes,2024-01-01,163.3775,-6.395382147358763,91.94315825846577,162.0052450980392,Critical
Tomatoes,2024-02-01,146.8555,-10.112775626998815,95.64429641965032,161.591,Critical
Tomatoes,2024-03-01,155.85315789473685,6.1268783904837365,132.83384932920538,155.36205263157896,Critical
Tomatoes,2024-04-01,179.87444444444444,15.412768579210656,162.11212305201377,160.86103411306044,Critical
Tomatoes,2024-05-01,230.42866666666666,28.10528331490485,163.3470476190476,188.71875633528262,Critical
Tomatoes,2024-06-01,338.045625,46.70293843647926,169.78452074154126,249.44957870370368,Critical
Tomatoes,2024-07-01,313.224,-7.34268488166353,103.22442510357862,293.8994305555555,Critical
Tomatoes,2024-08-01,217.23200000000003,-30.646438331673163,37.55113083622592,289.50054166666666,Critical
Tomatoes,2024-09-01,227.714,4.82525594755836,61.70664227605327,252.72333333333336,Critical
Tomatoes,2024-10-01,213.66225806451612,-6.170785254961874,54.96046628469138,219.53608602150538,Critical
Tomatoes,2024-11-01,237.17565217391305,11.004935697298945,60.14752080123773,226.18397007947638,Critical
Tomatoes,2024-12-01,267.3134482758621,12.706951926013875,53.153115776247326,239.38378617143042,Critical
Tomatoes,2025-01-01,229.2409090909091,-14.24265761057516,40.313635042101325,244.57666984689476,Critical
Tomatoes,2025-02-01,212.9532,-7.105062161679854,45.008664980201615,236.50251912225704,Critical
Tomatoes,2025-03-01,212.9829411764706,0.013966062247749989,36.656160230207966,218.39235008912658,Critical
Tomatoes,2025-04-01,218.69476190476192,2.6818207583858555,21.58189707282594,214.87696769374418,High
Tomatoes,2025-05-01,280.08903225806455,28.07304108181561,21.551296680996536,237.25557844643234,High
Tomatoes,2025-06-01,321.1937037037037,14.675573375456818,-4.985102616339521,273.32583262217673,Low
Tomatoes,2025-07-01,389.8892857142857,21.38758674857233,24.476185003156115,330.39067389201796,High
Tomatoes,2025-08-01,314.42449999999997,-19.35543973105919,44.74133645135152,341.8358298059964,Critical
Tomatoes,2025-09-01,274.2506666666667,-12.776941152274478,20.43645391441311,326.1881507936508,High
Tomatoes,2025-10-01,249.33200000000002,-9.086091556143284,16.694451448094917,279.3357222222222,High
Tomatoes,2025-11-01,242.29685714285714,-2.8215964485677314,2.159245656965192,255.2931746031746,Low
Tomatoes,2025-12-01,235.93,-2.627709338839368,-11.740317772368481,242.51961904761905,Low
Tomatoes,2026-01-01,188.3903125,-20.149912050184383,-17.819941803977557,222.2057232142857,Low
Tomatoes,2026-02-01,189.20142857142858,0.43055083919381065,-11.15351703030123,204.50724702380953,Low
Tomatoes,2026-03-01,199.9622222222222,5.68748012741942,-6.113503214071903,192.51798776455027,Low
Tomatoes,2026-04-01,100.0,-49.9905537712679,-54.274167735417265,163.05455026455027,Low
Watermelons,2016-01-01,1750.0,,,,
Watermelons,2016-08-01,183.33333333333334,-89.52380952380953,,966.6666666666666,
Watermelons,2016-09-01,198.95,8.518181818181802,,710.7611111111111,
Watermelons,2016-10-01,195.8375,-1.5644634330233664,,192.70694444444447,
Watermelons,2016-11-01,182.22222222222223,-6.952334347496148,,192.33657407407406,
Watermelons,2016-12-01,181.16666666666666,-0.5792682926829329,,186.4087962962963,
Watermelons,2017-01-01,194.375,7.290708371665144,,185.9212962962963,
Watermelons,2017-02-01,237.83333333333334,22.357984994640944,,204.45833333333334,
Watermelons,2017-03-01,263.52941176470586,10.804237602539256,,231.91258169934642,
Watermelons,2017-04-01,238.14444444444447,-9.632688492063469,,246.50239651416123,
Watermelons,2017-05-01,256.47058823529414,7.6953900115544815,,252.71481481481484,
Watermelons,2017-06-01,242.64705882352942,-5.389908256880737,,245.75403050108935,
Watermelons,2017-07-01,260.7823529411765,7.4739393939394105,-85.0981512605042,253.30000000000004,Low
Watermelons,2017-08-01,190.0,-27.142309340671744,3.6363636363636376,231.14313725490197,Low
Watermelons,2017-09-01,337.5,77.63157894736842,69.64061321940187,262.76078431372554,Critical
Watermelons,2017-10-01,275.0,-18.518518518518523,40.42254420118721,267.5,Critical
Watermelons,2017-11-01,242.5421052631579,-11.802870813397126,33.10237483953786,285.0140350877193,Critical
Watermelons,2017-12-01,275.0,13.382375279387194,51.7939282428703,264.180701754386,Critical
Watermelons,2018-01-01,261.3157894736842,-4.976076555023923,34.438991369097984,259.61929824561406,Critical
Watermelons,2018-02-01,271.05263157894734,3.726082578046319,13.967469479585425,269.12280701754383,Moderate
Watermelons,2018-03-01,287.10526315789474,5.9223300970873805,8.946193609022579,273.1578947368421,Moderate
Watermelons,2018-04-01,300.0,4.491292392300639,25.973965380488018,286.05263157894734,High
Watermelons,2018-05-01,294.7368421052632,-1.754385964912275,14.920328343795264,293.94736842105266,Moderate
Watermelons,2018-06-01,274.2105263157895,-6.964285714285722,13.00797448165869,289.6491228070176,Moderate
Watermelons,2018-07-01,276.3157894736842,0.7677543186180413,5.956475335588185,281.7543859649123,Moderate
Watermelons,2018-08-01,254.49473684210525,-7.897142857142859,33.94459833795014,268.340350877193,Critical
Watermelons,2018-09-01,281.2684210526316,10.5203292385325,-16.661208576998042,270.6929824561404,Low
Watermelons,2018-10-01,256.7526315789474,-8.7161542635804,-6.635406698564584,264.1719298245614,Low
Watermelons,2018-11-01,255.92105263157896,-0.32388332000902187,5.516133932252676,264.6473684210527,Moderate
Watermelons,2018-12-01,239.57894736842104,-6.385604113110544,-12.880382775119624,250.75087719298244,Low
Watermelons,2019-01-01,255.0,6.43673110720564,-2.4169184290030232,250.16666666666666,Low
Watermelons,2019-02-01,264.9947368421052,3.9195046439628234,-2.2349514563106854,253.1912280701754,Low
Watermelons,2019-03-01,264.0421052631579,-0.35949075453334256,-8.032997250229146,261.3456140350877,Low
Watermelons,2019-04-01,232.77777777777777,-11.840659827424304,-22.40740740740741,253.9382066276803,Low
Watermelons,2019-05-01,271.57894736842104,16.668760206004272,-7.857142857142863,256.1329434697856,Low
Watermelons,2019-06-01,202.3684210526316,-25.484496124030997,-26.199616122840684,235.5750487329435,Low
Watermelons,2019-07-01,265.92105263157896,31.404421326397912,-3.761904761904755,246.6228070175439,Low
Watermelons,2019-08-01,223.22666666666666,-16.05528616196603,-12.286332740483374,230.50538011695906,Low
Watermelons,2019-09-01,216.14444444444445,-3.172659578704251,-23.153675184887177,235.09738791423004,Low
Watermelons,2019-10-01,251.23684210526315,16.23562324306629,-2.1482893630978106,230.20265107212478,Low
Watermelons,2019-11-01,202.47894736842105,-19.407143605321043,-20.88226221079692,223.28674463937622,Low
Watermelons,2019-12-01,255.07894736842104,25.97800940968522,6.469683655536018,236.26491228070176,Moderate
Watermelons,2020-01-01,251.40526315789472,-1.4402145878468997,-1.4097007223942248,236.32105263157897,Low
Watermelons,2020-02-01,233.06842105263158,-7.293738354931223,-12.047905618780897,246.51754385964912,Low
Watermelons,2020-03-01,371.875,59.55615021565839,40.83928001913571,285.44956140350877,Critical
Watermelons,2020-04-01,404.5875,8.796638655462186,73.80847255369929,336.5103070175439,Critical
Watermelons,2020-05-01,293.12105263157895,-27.5506404346207,7.932170542635664,356.527850877193,Moderate
Watermelons,2020-06-01,302.36842105263156,3.154795037078273,49.41482444733418,333.3589912280702,Critical
Watermelons,2020-07-01,336.0,11.122715404699735,26.353290450272127,310.49649122807017,High
Watermelons,2020-08-01,286.0984210526316,-14.851660401002508,28.16498374714711,308.1556140350877,High
Watermelons,2020-09-01,276.7978947368421,-3.250813577219458,28.061535631089242,299.63210526315794,High
Watermelons,2020-10-01,251.21052631578948,-9.244061789335179,-0.010474494605627882,271.36894736842106,Low
Watermelons,2020-11-01,291.10526315789474,15.88099727634611,43.7706324244236,273.03789473684213,Critical
Watermelons,2020-12-01,281.36842105263156,-3.3447839450370664,10.30640668523677,274.56140350877195,Moderate
Watermelons,2021-01-01,287.57894736842104,2.2072577628133194,14.388594636464514,286.6842105263158,Moderate
Watermelons,2021-02-01,285.89473684210526,-0.5856515373352855,22.665582729264045,284.9473684210526,High
Watermelons,2021-03-01,306.5263157894737,7.216494845360821,-17.572755417956653,293.3333333333333,Low
Watermelons,2021-04-01,416.0,35.7142857142857,2.8207742453733697,336.140350877193,Low
Watermelons,2021-05-01,237.68421052631578,-42.864372469635626,-18.91261020235937,320.0701754385965,Low
Watermelons,2021-06-01,301.88235294117646,27.00984734017611,-0.16075359647774734,318.5221878224974,Low
Watermelons,2021-07-01,291.59823529411767,-3.406664068589238,-13.214810924369736,277.0549329205366,Low
Watermelons,2021-08-01,316.94117647058823,8.69104751299632,10.780470337612492,303.4739215686275,Moderate
Watermelons,2021-09-01,282.9117647058824,-10.736822568671112,2.2087848517969633,297.1503921568628,Low
Watermelons,2021-10-01,280.47058823529414,-0.8628755587898884,11.647625737913025,293.44117647058823,Moderate
Watermelons,2021-11-01,278.6470588235294,-0.6501677852349119,-4.279621810756495,280.6764705882353,Low
Watermelons,2021-12-01,288.6764705882353,3.599324466962228,2.59732400255277,282.59803921568624,Low
Watermelons,2022-01-01,295.4117647058824,2.3331635252165084,2.723710274739477,287.578431372549,Low
Watermelons,2022-02-01,299.05882352941177,1.2345679012345512,4.604522221259644,294.3823529411765,Low
Watermelons,2022-03-01,318.7647058823529,6.589299763965384,3.992606658047815,304.4117647058824,Low
Watermelons,2022-04-01,298.8235294117647,-6.255766746632219,-28.167420814479637,305.54901960784315,Low
Watermelons,2022-05-01,313.70588235294116,4.980314960629917,31.984317198978786,310.4313725490196,Critical
Watermelons,2023-02-01,313.625,-0.02578286142883579,3.8898090413094444,308.71813725490193,Low
Watermelons,2023-03-01,329.6875,5.121562375448385,13.062241157757338,319.0061274509804,Moderate
Watermelons,2023-04-01,333.375,1.1184834123222798,5.18513363028954,325.5625,Moderate
Watermelons,2023-05-01,321.5,-3.562054743157106,13.639671483522186,328.1875,Moderate
Watermelons,2023-06-01,455.68333333333334,41.736651114567124,62.470987136465304,370.18611111111113,Critical
Watermelons,2023-07-01,520.5944000000001,14.244775245967611,86.82931813384003,432.59257777777776,Critical
Watermelons,2023-08-01,520.4804,-0.02189804577229504,80.29886500254713,498.91937777777775,Critical
Watermelons,2023-09-01,467.07814814814816,-10.260184985227472,58.110882487425684,502.71764938271605,Critical
Watermelons,2023-10-01,475.71933333333334,1.8500512643216949,59.0721610280619,487.7592938271605,Critical
Watermelons,2023-11-01,504.5357142857143,6.05743322443224,58.27841193683601,482.44439858906526,Critical
Watermelons,2023-12-01,463.33125,-8.1668082395413,55.05179625984253,481.19543253968254,Critical
Watermelons,2024-01-01,525.4526315789474,13.407552712869553,67.49849497172522,497.77319862155383,Critical
Watermelons,2024-02-01,568.8405263157895,8.257241876677757,81.37601476788822,519.2081359649122,Critical
Watermelons,2024-03-01,652.4242105263157,14.693693635345006,97.89170366674979,582.2391228070175,Critical
Watermelons,2024-04-01,740.73,13.535026451953303,122.19122609673789,653.9982456140351,Critical
Watermelons,2024-05-01,732.2382352941177,-1.1464048581645625,127.75683834964778,708.4641486068111,Critical
Watermelons,2024-06-01,707.0305263157894,-3.442555682468984,55.15830283803578,726.666253869969,Critical
Watermelons,2024-07-01,609.676,-13.769494058918008,17.11151714271224,682.9815872033024,High
Watermelons,2024-08-01,1157.581,89.86822509004779,122.40626159986041,824.7625087719298,Critical
Watermelons,2024-09-01,1151.843548387097,-0.49564148106292505,146.60617349663605,973.0335161290323,Critical
Watermelons,2024-10-01,1333.1578787878789,15.74122897633734,180.24042442137707,1214.1941423916585,Critical
Watermelons,2024-11-01,1200.9044000000001,-9.920316332535572,138.02168330147947,1228.6352757249917,Critical
Watermelons,2024-12-01,1387.3912903225805,15.52887060140511,199.43831552967356,1307.1511897034864,Critical
Watermelons,2025-01-01,1340.1093548387096,-3.4079740743418907,155.03904144732843,1309.4683483870965,Critical
Watermelons,2025-02-01,1326.0618181818181,-1.0482380864046847,133.11662176573904,1351.187487781036,Critical
Watermelons,2025-03-01,1205.3135294117649,-9.105781277649106,84.7438384359509,1290.4949008107642,Critical
Watermelons,2025-04-01,1230.5694444444443,2.0953813606493954,66.12928387461616,1253.981597346009,Critical
Watermelons,2025-05-01,1265.059,2.802731346147347,72.7660396608304,1233.6473246187363,Critical
Watermelons,2025-06-01,1299.9188000000001,2.7555868935757344,83.85610686056886,1265.1824148148146,Critical
Watermelons,2025-07-01,1175.1447058823528,-9.59860678356581,92.749051280082,1246.7075019607844,Critical
Watermelons,2025-08-01,1316.159090909091,11.999746441512338,13.699092409869461,1263.7408655971478,Moderate
Watermelons,2025-09-01,1241.8163333333332,-5.64846287118741,7.811198410775777,1244.3733767082588,Moderate
Watermelons,2025-10-01,1265.0673529411765,1.8723396515032187,-5.107461534009083,1274.3475923945334,Low
Watermelons,2025-11-01,1276.487837837838,0.90275706428673,6.293876335021986,1261.1238413707824,Moderate
Watermelons,2025-12-01,1172.7209375,-8.129094321306052,-15.472949435387317,1238.0920427596714,Low
Watermelons,2026-01-01,1155.7129032258065,-1.4503053309895875,-13.75980631335092,1201.6405595212148,Low
Watermelons,2026-02-01,1333.0164285714286,15.341485316183245,0.5244559713774244,1220.4834230990782,Low
Watermelons,2026-03-01,1382.927037037037,3.744185547592749,14.735876043136575,1290.5521229447572,Moderate
Watermelons,2026-04-01,1000.0,-27.68960522006062,-18.736808839629337,1238.6478218694886,Low
Wheat,2003-01-01,226.46333333333334,,,,
Wheat,2003-02-01,202.92666666666665,-10.393146793447073,,214.695,
Wheat,2003-03-01,221.03666666666666,8.924406189428048,,216.80888888888887,
Wheat,2003-04-01,189.475,-14.278928081313813,,204.47944444444443,
Wheat,2003-05-01,184.53500000000003,-2.607204116638062,,198.34888888888887,
Wheat,2003-06-01,159.07333333333335,-13.797743878758318,,177.69444444444446,
Wheat,2003-07-01,175.91,10.584216923012434,,173.1727777777778,
Wheat,2003-08-01,161.78,-8.03251662782104,,165.58777777777777,
Wheat,2003-09-01,151.56333333333333,-6.31516050603701,,163.08444444444444,
Wheat,2003-10-01,138.315,-8.74112032373705,,150.55277777777778,
Wheat,2003-11-01,132.67000000000002,-4.081263781946987,,140.84944444444446,
Wheat,2003-12-01,134.03,1.0250998718625004,,135.005,
Wheat,2005-01-01,185.535,38.42796388868164,-18.072830038711196,150.745,Low
Wheat,2005-02-01,207.12,11.63392351847361,2.0664279378429073,175.56166666666664,Low
Wheat,2005-03-01,189.32000000000002,-8.594051757435295,-14.34905219345205,193.99166666666667,Low
Wheat,2005-04-01,181.305,-4.233572786815976,-4.311914500593739,192.5816666666667,Low
Wheat,2005-05-01,180.48,-0.455034334408877,-2.1974151245021445,183.70166666666668,Low
Wheat,2005-06-01,225.2733333333333,24.819001182033084,41.61602615146052,195.6861111111111,Critical
Wheat,2005-07-01,244.945,8.732354769021345,39.24450002842364,216.8994444444444,Critical
Wheat,2005-08-01,240.26,-1.9126742738165725,48.510322660403006,236.8261111111111,Critical
Wheat,2005-09-01,220.60666666666665,-8.180027192763395,45.5541137918142,235.27055555555555,Critical
Wheat,2005-10-01,201.48000000000002,-8.670031126288102,45.667498102158135,220.78222222222223,Critical
Wheat,2005-11-01,192.375,-4.519058963668854,45.00263812467023,204.82055555555556,Critical
Wheat,2005-12-01,226.39666666666668,17.685076889755248,68.91491954537541,206.75055555555556,Critical
Wheat,2006-01-01,185.51,-18.059747640571867,-0.01347454658151559,201.4272222222222,Low
Wheat,2006-02-01,187.32,0.9756886421217192,-9.559675550405567,199.74222222222224,Low
Wheat,2006-03-01,307.69,64.25902199444802,62.5237692795267,226.84,Critical
Yam,2014-07-01,19427.333333333332,,,,
Yam,2014-08-01,18913.645833333332,-2.6441482790570014,,19170.489583333332,
Yam,2014-09-01,15335.833333333334,-18.916567072935653,,17892.270833333332,
Yam,2014-10-01,14983.360833333334,-2.298358963212521,,16410.946666666667,
Yam,2014-11-01,13739.333333333334,-8.302726696886486,,14686.175833333335,
Yam,2014-12-01,14352.166666666666,4.460429909262942,,14358.286944444444,
Yam,2015-01-01,13310.75,-7.256163413189642,,13800.75,
Yam,2015-02-01,13195.625,-0.8649024284882567,,13619.513888888889,
Yam,2015-03-01,13713.5,3.9245962203381834,,13406.625,
Yam,2015-04-01,14515.6875,5.84961898858789,,13808.270833333334,
Yam,2015-05-01,14824.3125,2.1261480036684377,,14351.166666666666,
Yam,2015-06-01,17867.083333333332,20.525544326816725,,15735.694444444443,
Yam,2015-07-01,21061.083333333332,17.876448776847553,8.409543255207442,17917.493055555555,Moderate
Yam,2015-08-01,18416.4375,-12.557026585368746,-2.6288338996866223,19114.868055555555,Low
Yam,2015-09-01,16463.4375,-10.604656845277482,7.352741400858553,18646.98611111111,Moderate
Yam,2015-10-01,15804.5625,-4.002049997152779,5.480757460233798,16894.8125,Moderate
Yam,2015-11-01,15470.875,-2.1113365207040657,12.602807026056562,15912.958333333334,Moderate
Yam,2015-12-01,17512.3125,13.195359021386954,22.01859765656753,16262.583333333334,High
Yam,2016-01-01,13292.176470588236,-24.098108284738316,-0.13953781275859445,15425.121323529413,Low
Yam,2016-02-01,23796.1875,79.02401124943022,80.33391749159287,18200.22549019608,Critical
Yam,2016-03-01,15398.6,-35.289634106303794,12.287891493783508,17495.654656862745,Moderate
Yam,2016-04-01,15264.15625,-0.873090735521409,5.15627489225019,18152.98125,Moderate
Yam,2016-05-01,21596.928571428572,41.48786357862768,45.68586955670675,17419.89494047619,Critical
Yam,2016-06-01,15917.136363636364,-26.2990739123258,-10.913627777506873,17592.740395021643,Low
Yam,2016-07-01,19130.545454545456,20.188361885560745,-9.16637500660955,18881.536796536795,Low
Yam,2016-08-01,19736.238095238095,3.1661023055081117,7.166427248690721,18261.30663780664,Moderate
Yam,2016-09-01,16372.298181818182,-17.04448384330931,-0.5535862008272496,18413.027243867244,Low
Yam,2016-10-01,16426.630434782608,0.3318547729894483,3.9360022448113208,17511.722237279628,Low
Yam,2016-11-01,15141.736363636364,-7.8220184976313885,-2.1274726630758467,15980.22166007905,Low
Yam,2016-12-01,12138.033333333333,-19.837242956604197,-30.68857506206942,14568.800043917436,Low
Yam,2017-01-01,16939.590909090908,39.557953450099625,27.440310069410767,14739.786868686868,High
Yam,2017-02-01,12358.806451612903,-27.04188360900529,-48.06392220765237,13812.143564679047,Low
Yam,2017-03-01,14635.551724137931,18.42204812769681,-4.955309416843534,14644.649694947248,Low
Yam,2017-04-01,412.8709677419355,-97.17898596838683,-97.29516023696407,9135.743047830923,Low
Yam,2017-05-01,407.64516129032256,-1.2657238846784935,-98.1124854863408,5152.022617723396,Low
Yam,2017-06-01,432.73333333333335,6.154414286091114,-97.28133677159455,417.7498207885305,Low
Yam,2017-07-01,493.7096774193548,14.090974600066586,-97.41925979793719,444.6960573476702,Low
Yam,2017-08-01,514.1875,4.1477458346945495,-97.3947036029928,480.21017025089606,Low
Yam,2017-09-01,411.46875,-19.976905311778292,-97.48679907102506,473.12197580645153,Low
Yam,2017-10-01,422.6774193548387,2.724063335268778,-97.4268769177406,449.44455645161287,Low
Yam,2017-11-01,394.61290322580646,-6.639700831870565,-97.39387284424336,409.5863575268817,Low
Yam,2017-12-01,353.3333333333333,-10.460775497969976,-97.08903968517689,390.20788530465944,Low
Yam,2018-01-01,401.8666666666667,13.735849056603788,-97.62764833682613,383.2709677419354,Low
Yam,2018-02-01,7249.153225806452,1703.8702453068477,-41.3442288768881,2668.117741935484,Low
Yam,2018-03-01,383.4193548387097,-94.71083941950951,-97.38021933121695,2678.146415770609,Low
Yam,2018-04-01,443.8709677419355,15.766447921924943,7.508399093679197,2692.1478494623657,Moderate
Yam,2018-05-01,562.7272727272727,26.777219873150116,38.04340788593381,463.3391984359726,Critical
Yam,2018-06-01,384.2631578947368,-31.71413995408554,-11.200934086873326,463.620466121315,Low
Yam,2018-07-01,675.6363636363636,75.82647458007,36.84892043598349,540.8755980861243,Critical
Yam,2018-08-01,560.3939393939394,-17.056871187656984,8.986301571691136,540.0978203083465,Moderate
Yam,2018-09-01,491.75757575757575,-12.24787757529876,19.51273960843338,575.9292929292928,High
Yam,2018-10-01,494.7878787878788,0.6162188809465174,17.06040023219295,515.6464646464647,High
Yam,2018-11-01,480.969696969697,-2.7927486526212575,21.883925497102965,489.17171717171715,High
Yam,2018-12-01,434.45454545454544,-9.671118951612911,22.958833619210985,470.0707070707071,High
Yam,2019-01-01,483.38461538461536,11.262414087272843,20.284824664386704,466.2696192696192,High
Yam,2019-02-01,504.5151515151515,4.371371255521472,-93.04035746245349,474.1181041181041,Low
Yam,2019-03-01,510.54545454545456,1.1952669830019857,33.1558900463494,499.4817404817405,Critical
Yam,2019-04-01,542.3939393939394,6.238129154795824,22.19630902043692,519.1515151515151,High
Yam,2019-05-01,539.2307692307693,-0.5831868561629872,-4.1754691189263005,530.7233877233876,Low
Yam,2019-06-01,547.4615384615385,1.5263908701854456,42.47047295944708,543.0287490287491,Critical
Yam,2019-07-01,564.0,3.020935787550938,-16.52314316469322,550.2307692307692,Low
Yam,2019-08-01,537.7272727272727,-4.6582849774339135,-4.044773698156057,549.7296037296037,Low
Yam,2019-09-01,503.5625,-6.353550295857991,2.4005576780872673,535.0965909090909,Low
Yam,2019-10-01,9221.681086956522,1731.2882883369039,1763.7645508915068,3420.9902865612644,Critical
Yam,2019-11-01,484.93939393939394,-94.74131246389219,0.8253528225806495,3403.394326965305,Low
Yam,2019-12-01,472.93939393939394,-2.4745360244954107,8.858199065355388,3393.186624945103,Moderate
Yam,2020-01-01,491.45454545454544,3.914909976292691,1.6694635727099172,483.1111111111111,Low
Yam,2020-02-01,474.4848484848485,-3.4529535084473983,-5.952309448014892,479.6262626262626,Low
Yam,2020-03-01,650.6521739130435,37.12812453142442,27.442555431685854,538.8638559508125,High
Yam,2020-04-01,711.7556521739131,9.391112596057472,31.22485346521666,612.2975581906016,Critical
Yam,2020-05-01,12007.070454545454,1586.965241213371,2126.703507975619,4456.492760210804,Critical
Yam,2020-06-01,13736.398888888887,14.402584218107673,2409.1075671709364,8818.408331869417,Critical
Yam,2020-07-01,16556.987857142856,20.533685655674216,2835.636144883485,14100.152400192397,Critical
Yam,2020-08-01,13555.918043478261,-18.125699188514556,2420.965316623176,14616.434929836667,Critical
Yam,2020-09-01,11662.23695652174,-13.969404955701759,2215.9462741013754,13925.047619047618,Critical
Yam,2020-10-01,10761.259130434782,-7.725600409646227,16.695199378081902,11993.138043478262,High
Yam,2020-11-01,10674.961086956522,-0.801932584581988,2101.2979808133805,11032.819057971015,Critical
Yam,2020-12-01,11324.015,6.080152496635716,2294.3903056320883,10920.078405797101,Critical
Yam,2021-01-01,11929.349347826086,5.345580589800414,2327.35558316846,11309.441811594203,Critical
Yam,2021-02-01,12475.78804347826,4.580624472631056,2529.3332828891466,11909.717463768116,Critical
Yam,2021-03-01,13470.365833333331,7.972063859925771,1970.286763559416,12625.167741545893,Critical
Yam,2021-04-01,17567.805263157894,30.418174832974266,2368.2354414047295,14504.653046656495,Critical
Yam,2021-05-01,14810.584166666667,-15.694738501419403,23.348857014992387,15282.91842105263,High
Yam,2021-06-01,16620.860434782608,12.222855275284994,20.998673445825066,16333.08328820239,High
Yam,2021-07-01,17971.326,8.125124270890716,8.542243039980146,16467.59020048309,Moderate
Yam,2021-08-01,17705.303695652172,-1.4802597445944143,30.609403500858257,17432.496710144926,Critical
Yam,2021-09-01,16202.306739130434,-8.488964563148516,38.929665033686376,17292.978811594203,Critical
Yam,2021-10-01,15293.710000000001,-5.6078233412040435,42.11822068986917,16400.440144927536,Critical
Yam,2021-11-01,15192.576086956522,-0.6612778262663488,42.31973272033718,15562.864275362319,Critical
Yam,2021-12-01,15637.869565217392,2.9309938993372864,38.09474435716831,15374.718550724638,Critical
Yam,2022-01-01,17283.304347826088,10.522116044941065,44.880528215695726,16037.916666666666,Critical
Yam,2022-02-01,17300.021739130436,0.0967256663882754,38.66876929008145,16740.39855072464,Critical
Yam,2022-03-01,17737.90239130435,2.5310988551157987,31.680925453492215,17440.409492753624,Critical
Yam,2022-04-01,18680.61108695652,5.314657138458001,6.334347444824728,17906.1784057971,Moderate
Yam,2022-05-01,20227.438695652174,8.280390836762862,36.57421252280453,18881.984057971014,Critical
Yam,2022-06-01,31448.844999999998,55.47616024543844,89.21309834349339,23452.298260869564,Critical
Yam,2022-07-01,33830.887,7.574338580637874,88.24925328270157,28502.390231884056,Critical
Yam,2022-08-01,30451.639333333336,-9.988646371189336,71.9916238477809,31910.45711111111,Critical
Yam,2022-09-01,28994.480333333333,-4.78515781711939,78.95279234103332,31092.335555555557,Critical
Yam,2022-10-01,28953.648666666668,-0.1408256543909303,89.31736424102894,29466.589444444446,Critical
Yam,2022-11-01,29555.546333333335,2.0788318377283233,94.53939979743157,29167.89177777778,Critical
Yam,2022-12-01,29969.184333333335,1.399527504363851,91.64493096932102,29492.793111111114,Critical
Yam,2023-01-01,29837.9,-0.43806441934861606,72.64001952122683,29787.543555555556,Critical
Yam,2023-02-01,664.375,-97.77338552646131,-96.15968690665129,20157.15311111111,Low
Yam,2023-03-01,700.1875,5.390404515522107,-96.05259131235691,10400.820833333333,Low
Yam,2023-04-01,714.875,2.0976524145318143,-96.1731712272563,693.1458333333334,Low
Yam,2023-05-01,743.0625,3.942997027452355,-96.32646272629802,719.375,Low
Yam,2023-06-01,1175.3723333333332,58.17947121989513,-96.26258982378101,877.7699444444444,Low
Yam,2023-07-01,1408.0351999999998,19.794822463349917,-95.83801867210872,1108.8233444444443,Low
Yam,2023-08-01,1707.5195652173911,21.269664651664357,-94.39268426068516,1430.3090328502415,Low
Yam,2023-09-01,1622.5633333333333,-4.975417770585944,-94.40388889650848,1579.3726995169081,Low
Yam,2023-10-01,1622.4316129032256,-0.008118045527194528,-94.39645195815658,1650.83817048465,Low
Yam,2023-11-01,1667.264285714286,2.763301235904514,-94.35887847610547,1637.419743983615,Low
Yam,2023-12-01,1910.4675,14.58696238920043,-93.62522690390651,1733.3877995391704,Low
Yam,2024-01-01,1965.12375,2.860883527199487,-93.41400115289615,1847.618511904762,Low
Yam,2024-02-01,1956.8305,-0.42202176834919003,194.53704609595485,1944.140583333333,Critical
Yam,2024-03-01,2206.3431578947366,12.75085695438294,215.1074759110576,2042.7658026315792,Critical
Yam,2024-04-01,2419.667,9.668661075769114,238.4741388354607,2194.2802192982454,Critical
Yam,2024-05-01,2751.2549999999997,13.703869168774041,270.25889477668426,2459.0883859649116,Critical
Yam,2024-06-01,2921.9352631578945,6.203723869939171,148.59656640643757,2697.619087719298,Critical
Yam,2024-07-01,3313.778,13.410383925433699,135.34766744467754,2995.6560877192983,Critical
Yam,2024-08-01,3613.871,9.05591744528451,111.64448558104243,3283.1947543859646,Critical
Yam,2024-09-01,3081.636129032258,-14.727555880321741,89.9239349074566,3336.428376344086,Critical
Yam,2024-10-01,3286.5970967741932,6.651043768957243,102.57230385773006,3327.3680752688174,Critical
Yam,2024-11-01,3025.34,-7.949167150138903,81.45533530119913,3131.1910752688177,Critical
Yam,2024-12-01,3330.9043333333334,10.10016505031941,74.35022230597137,3214.2804767025086,Critical
Yam,2025-01-01,3305.586875,-0.7600776185606506,68.21265709093385,3220.610402777778,Critical
Yam,2025-02-01,3274.865652173913,-0.92937272526189,67.3556116471975,3303.7856201690824,Critical
Yam,2025-03-01,3178.746,-2.935071614620499,44.073055391488495,3253.0661757246376,Critical
Yam,2025-04-01,3093.021111111111,-2.6968146838057816,27.828379322903164,3182.210921095008,High
Yam,2025-05-01,3523.5984615384614,13.920931508698086,28.072405558134818,3265.1218575498574,High
Yam,2025-06-01,3451.732,-2.039575800787563,18.13170686983412,3356.117190883191,High
Yam,2025-07-01,3786.245,9.69116374040626,14.257653952678794,3587.1918205128204,Moderate
Yam,2025-08-01,3568.4009523809523,-5.753564484576346,-1.2582089294014054,3602.125984126984,Low
Yam,2025-09-01,3121.9159999999997,-12.512185663526498,1.3070936762540786,3492.187317460317,Low
Yam,2025-10-01,2956.5175757575757,-5.297978044329954,-10.043200042396183,3215.6115093795092,Low
Yam,2025-11-01,2961.5425,0.16996091224441567,-2.1087712455459595,3013.3253585858583,Low
Yam,2025-12-01,2791.930625,-5.727146411034112,-16.181002346409834,2903.330233585859,Low
Yam,2026-01-01,2719.8035483870967,-2.5834122082780353,-17.72100836444975,2824.4255577956988,Low
Yam,2026-02-01,2843.5055555555555,4.548196403443061,-13.17184099848533,2785.0799096475507,Low
Yam,2026-03-01,2891.3711538461534,1.683330570502295,-9.04050987885936,2818.2267525962684,Low
Yam,2026-04-01,4000.0,38.342668137887756,29.32339794354244,3244.9589031339033,High
Yam (Abuja),2014-05-01,112.0,,,,
Yam (Abuja),2015-12-01,8000.0,7042.857142857143,,4056.0,
Yam (Abuja),2016-01-01,6000.0,-25.0,,4704.0,
Yam (Abuja),2016-02-01,7750.0,29.166666666666675,,7250.0,
Yam (Abuja),2016-03-01,8500.4,9.682580645161277,,7416.8,
Yam (Abuja),2016-04-01,9375.0,10.288927579878603,,8541.800000000001,
Yam (Abuja),2016-05-01,10750.0,14.666666666666671,,9541.800000000001,
Yam (Abuja),2016-06-01,18500.0,72.09302325581395,,12875.0,
Yam (Abuja),2016-07-01,21250.0,14.864864864864868,,16833.333333333332,
Yam (Abuja),2016-08-01,15000.0,-29.411764705882348,,18250.0,
Yam (Abuja),2016-11-01,11000.0,-26.66666666666667,,15750.0,
Yam (Abuja),2016-12-01,10500.0,-4.545454545454541,,12166.666666666666,
Yam (Abuja),2017-01-01,9500.0,-9.523809523809524,8382.142857142857,10333.333333333334,Critical
Yam (Abuja),2017-02-01,13000.0,36.8421052631579,62.5,11000.0,Critical
Yam (Abuja),2017-03-01,16000.0,23.076923076923084,166.66666666666666,12833.333333333334,Critical
Yam (Abuja),2017-06-01,216.0,-98.65,-97.21290322580644,9738.666666666666,Low
Yam (Abuja),2017-11-01,120.25,-44.32870370370371,-98.58536068890875,5445.416666666667,Low
Yam (Abuja),2019-02-01,145.69,21.155925155925146,-98.44597333333334,160.64666666666668,Low
Yam (Abuja),2019-03-01,191.41,31.381700871713903,-98.21944186046511,152.45000000000002,Low
Yam (Abuja),2019-04-01,200.25,4.6183584974661684,-98.91756756756756,179.11666666666667,Low
Yam (Abuja),2020-01-01,156.49,-21.85268414481897,-99.26357647058823,182.71666666666667,Low
Yam (Abuja),2020-03-01,220.82,41.10805802287685,-98.52786666666667,192.52,Low
Yam (Abuja),2020-04-01,216.88,-1.7842586722217169,-98.02836363636364,198.06333333333336,Low
Yam (Abuja),2020-05-01,9482.825,4272.38334562892,-9.687380952380941,3306.841666666667,Low
Yam (Abuja),2020-06-01,11591.97,22.241737035113474,22.020736842105258,7097.225000000001,High
Yam (Abuja),2020-07-01,12677.915,9.368079800068507,-2.4775769230769185,11250.903333333334,Low
Yam (Abuja),2020-11-01,8791.155,-30.657722504055286,-45.05528125,11020.346666666666,Low
Yam (Abuja),2020-12-01,8102.505,-7.833441680871289,3651.159722222222,9857.191666666668,Critical
Yam (Abuja),2021-01-01,8525.375,5.219003258868704,6989.70893970894,8473.011666666667,Critical
Yam (Abuja),2021-02-01,8854.73,3.863231822647095,5977.788454938568,8494.203333333333,Critical
Yam (Abuja),2021-03-01,10076.83,13.801663065954584,5164.526409278512,9152.311666666666,Critical
Yam (Abuja),2021-04-01,13170.445,30.700279750675552,6477.00124843945,10700.668333333333,Critical
Yam (Abuja),2021-05-01,14328.58,8.793438642354158,9056.227234967091,12525.284999999998,Critical
Yam (Abuja),2021-06-01,11479.275,-19.885466668713857,5098.476134408115,12992.766666666665,Critical
Yam (Abuja),2021-07-01,14562.605,26.859971557437202,6614.59101807451,13456.82,Critical
Yam (Abuja),2022-01-01,12621.23,-13.331234349898246,33.09567560299804,12887.703333333333,Critical
Yam (Abuja),2022-02-01,12621.23,0.0,8.879077499337896,13268.354999999998,Moderate
Yam (Abuja),2022-03-01,13795.695000000002,9.305471812176801,8.81674944184434,13012.718333333332,Moderate
Yam (Abuja),2022-04-01,19939.489999999998,44.5341463405794,126.81308656257335,15452.13833333333,Critical
Yam (Abuja),2022-05-01,23436.995,17.540594067350778,189.25616213751178,19057.393333333333,Critical
Yam (Abuja),2022-06-01,29654.145,26.52707823677909,247.83390759937248,24343.543333333335,Critical
Yam (Abuja),2022-07-01,35347.42,19.19891806019023,299.19252196283793,29479.52,Critical
Yam (Abuja),2022-11-01,13088.015,-62.97320992592953,29.88226456137495,26029.86,High
Yam (Abuja),2022-12-01,13694.1,4.630839741549808,3.9759856253907877,20709.844999999998,Low
Yam (Abuja),2023-01-01,14155.765,3.371269378783559,-1.2060860182935174,13645.96,Low
